id,text,class
8,i need helpjust help me im crying so hard,suicide
9,"I’m so lostHello, my name is Adam (16) and I’ve been struggling for years and I’m afraid. Through these past years thoughts of suicide, fear, anxiety I’m so close to my limit . I’ve been quiet for so long and I’m too scared to come out to my family about these feelings. About 3 years ago  losing my aunt triggered it all. Everyday feeling hopeless , lost, guilty, and remorseful over her and all the things I’ve done in my life,but thoughts like these with the little I’ve experienced in life? Only time I’ve revealed these feelings to my family is when I broke down where they saw my cuts. Watching them get so worried over something I portrayed as an average day made me feel absolutely dreadful. They later found out I was an attempt survivor from attempt OD(overdose from pills) and attempt hanging. All that happened was a blackout from the pills and I never went through with the noose because I’m still so afraid. During my first therapy I was diagnosed with severe depression, social anxiety, and a eating disorder.
I was later transferred to a fucken group therapy for some reason which made me feel more anxious. Eventually before my last session with a 1 on 1 therapy she showed me my results from a daily check up on my feelings(which was a 2 - step survey for me and my mom/dad )
Come to find out as I’ve been putting feeling horrible and afraid/anxious everyday , my mom has been doing I’ve been doing absolutely amazing with me described as “happiest she’s ever seen me, therapy has helped him” 
I eventually was put on Sertaline (anti anxiety or anti depression I’m sorry I forgot) but I never finished my first prescription nor ever found the right type of anti depressant because my mom thought I only wanted the drugs so she took me off my recommended pill schedule after ~3 week and stopped me from taking them. All this time I’ve been feeling worse afraid of the damage/ worry I’ve caused them even more. 
Now here with everything going on, I’m as afraid as I’ve ever been . I’ve relapsed on cutting and have developed severe insomnia . Day after day feeling more hopeless, worthless questioning why am I still here? What’s my motivation to move out of bed and keep going? I ask these to myself nearly every night almost having a break down everytime. 
Please Please Please someone.. anyone help me.
I’m so scared I might do something drastic, I’ve been shaped by fear and anxiety. Idk what to do anymore",suicide
19,"I took the rest of my sleeping pills and my painkillersI can’t wait for it to end, I’ve struggled for the past 6 years and I’m finally ending it.",suicide
20,"Can you imagine getting old? Me neither.Wrinkles, weight gain, hair loss, messed up teeth and bones, health issues, menopause, hormones, hating new generations &amp; the way world progress.

Being a useless angry piece of shit who can't take care of itself. Being totally depended on people who secretly wants you to die already.

Can you even imagine yourself there? Absolutely not. Even if I was happy, I'd take my life just to avoid this. ",suicide
21,"Do you think getting hit by a train would be painful?Guns are hard to come by in my country but trains are not. I just don't want to suffer though, do you think this would be a painless method of suicide?",suicide
22,"death, continuedI posted here before and saw something interesting.  I asked for information.  You know what I got back?  A bunch of people who wanted to do the same thing to me as they always do: spit back personal information about me.  This makes things worse, obviously, but at least a bunch of trolls are having laughs.

In the end, my desire to self-terminate grows stronger.  I have so little left now, but still have the same bitterness, just a bit stronger now.  The main goal throughout the process is to minimize the subsequent fallout.  It would certainly have been nice had the patrons of this forum been more respectful of my privacy, but that was obviously a bit of a ridiculous expectation, considering the source.",suicide
23,Been arrested - feeling suicidalEdit,suicide
33,"Posting Galadriel’s opening monologue every day until I get a girlfriend Day 3 Galadriel: (speaking partly in Elvish)

(I amar prestar aen.)

The world is changed.

(Han matho ne nen.)

I feel it in the water.

(Han mathon ned cae.)

I feel it in the earth.

(A han noston ned gwilith.)

I smell it in the air.

Much that once was is lost, for none now live who remember it.

It began with the forging of the Great Rings. Three were given to the Elves, immortal, wisest and fairest of all beings. Seven to the Dwarf-Lords, great miners and craftsmen of the mountain halls. And nine, nine rings were gifted to the race of Men, who above all else desire power. For within these rings was bound the strength and the will to govern each race. But they were all of them deceived, for another ring was made. Deep in the land of Mordor, in the Fires of Mount Doom, the Dark Lord Sauron forged a master ring, and into this ring he poured his cruelty, his malice and his will to dominate all life.

One ring to rule them all.

One by one, the free lands of Middle-Earth fell to the power of the Ring, but there were some who resisted. A last alliance of men and elves marched against the armies of Mordor, and on the very slopes of Mount Doom, they fought for the freedom of Middle-Earth. Victory was near, but the power of the ring could not be undone. It was in this moment, when all hope had faded, that Isildur, son of the king, took up his father’s sword.

Sauron, enemy of the free peoples of Middle-Earth, was defeated. The Ring passed to Isildur, who had this one chance to destroy evil forever, but the hearts of men are easily corrupted. And the ring of power has a will of its own. It betrayed Isildur, to his death.

And some things that should not have been forgotten were lost. History became legend. Legend became myth. And for two and a half thousand years, the ring passed out of all knowledge. Until, when chance came, it ensnared another bearer.

It came to the creature Gollum, who took it deep into the tunnels of the Misty Mountains. And there it consumed him. The ring gave to Gollum unnatural long life. For five hundred years it poisoned his mind, and in the gloom of Gollum’s cave, it waited. Darkness crept back into the forests of the world. Rumor grew of a shadow in the East, whispers of a nameless fear, and the Ring of Power perceived its time had come. It abandoned Gollum, but then something happened that the Ring did not intend. It was picked up by the most unlikely creature imaginable: a hobbit, Bilbo Baggins, of the Shire.

For the time will soon come when hobbits will shape the fortunes of all.",non-suicide
34,"Do you sleep with Socks On,and how do you feel about sleeping with socks on? (I tried it for the first time with heavy long socks and it felt really nice when I woke up) Here are some benefits according to Healthline  
 

* **Prevent hot flashes:** Some women find wearing socks helpful for cooling their core body temperature.
* **Improve cracked heels:** Wearing cotton socks after you moisturize can help keep your heels from drying out.
* **Increase potential orgasms: According to the** [**BBC**](https://news.bbc.co.uk/2/hi/health/4111360.stm)**, researchers accidentally discovered that wearing socks increased participants’ ability to achieve an orgasm by 30 percent.**
* **Decrease chance of Raynaud’s attack:** Raynaud’s disease is when affected areas of the skin, usually the toes and fingers, lose circulation and start to throb or swell. Wearing socks at night can help prevent an attack by keeping your feet warm and blood circulating.",non-suicide
37,"Guys I want friends That’s it , I’m alone and don’t talk to anyone dm me or anything, I’m just tired of only talking to my dad and sister, literally only my dad and sister , I like animated series but I’m flexible to anything the last series I watch was Santa Clarita’s diet and the last animated series I watch was the hollow and shera ( I was watching them at the same time ), and I have a very extended music repertoire I can draw you anything you ask ( or at least I’ll try ) you can text me at any hour of the day , I pretty much only do that , I have weird family anecdotes and stories I can tell you  , but if you are not interested in anything I mentioned it doesn’t matter I’m just here to be a friend",non-suicide
38,"I think today may be my last.Everything's becoming too overwhelming and once it's late enough into the night I think it would be enough to go and finally end this miserable life of mine. I have a plan that works, if a certain friend doesn't call again. But I don't know if I'll be able to actually move.. I don't know what I want anymore but dying fixes everything, like this pain in my chest... And everything else.

Dying would fix everything, and I'd stop being such a nuisance and a past to the people I care about.

I can't waste anyone's time if I'm dead.

&amp;#x200B;

I think once the time is right, I'll go.",suicide
39,I’m trashLol I normally cringe at the self loathing posts here but honestly I’m such trash. Like literally everything about me.  I just wish I could muster up the courage to just follow through. This is it and I’m okay with that that:  everyday here is worst than the last.  I appreciate this community for letting me know I’m not alone.,suicide
40,"Nice songs &lt;3 Nice songs to vibe to-
Loverboy/a-wall
Come true/khai dreams
Weak when ur around/blackbear 
All I need/khai dreams
Carwash/striptease (slowed)
Please listen to them :)",non-suicide
42,"Man I hope someone finds thisI am drunk as fuck.  I found that I have hodgkins lymphoma. I don't want my fam to suffer through that shit.    So I'm taking my life tomorrow. You guys think If I point a knife to my heart and fall downwards I'll be done easy.  I hope so.  That's what I'm going to do . 

Man , I hope my girls moves on. She is so sweet. She loves falling to sleep in my arm . She is next to me. Hopes she thinks I am a coward.  Hope she hates me for what I did instead of feeling sad.  Man , hope my brother isn't too affected. He is a good soul . Fuck man , I'm rambling  . Sorry.  I am gone tomorrow.  No more bullshit posts like this.",suicide
49,"I hurt another person because I am too ungrateful that I am alive.I feel so messed up. 
I was venting to someone on chat, and I told him what I am planning to do. Killing myself sometime this week. 
He told me he has lung cancer, only 5% chances to live, and he wants to live. He called me ungrateful fucking shit because I want to kill myself only because I don't feel happy with anything anymore, how he wants my life. I hurt him so badly. I apologized like 100 times. I know I can't just apologized about that. He sent me a video with himself calling me all these things, and he was literally crying his eyes out. 
I hate myself. I did hurt him so badly.. 
I still want to die, even more now. I cut myself for the first time ever today. Just to feel a little better. 
I can't forgive myself now. 
I am still planning on killing myself, I guess.
He told me to never talk to him again. 
",suicide
51,"revenge suicideDoes the thought ever cross your mind? Do you ever alone, isolated, uncared for? Do you feel like youve reached out over, and over, and over, and yet no one hears you or takes you seriously? Do you ever feel like everyone in your life has given up on you?

I feel like jumping off this roof right now is the only way anyone will ever notice, or care, about how much pain I feel. No onewill care until Im dead, and then people will finally hear me. they'll understand I was serious. theyll understand how much pain Im in right now. Theyll wish they would have tried harder to listen every time I spoke about hurting myself, or ending my life, over the past twelve months.

I may be dead, I may never be here to see it, butpeople will finally care. Peop'e will finally notice my pain. And itll be okay, because ill be dead, and because there wont be any more pain. there wont be any more anything. and thats really really okay.

im a coward. im an enormou fucking coward. but im sitting up here, on this roof, slowly dosing up on medication. i hope that if i wIt long enough, if i take enough ativan, i wont be coherent enough to feel fear, or regret, or second thoughts. ill be dead near instanstly when i jump. Its finally gokng to be over, and I feel so happy",suicide
113,"What's the point of living for a 19 year old male who's 5""6?It hinders everything in my life and I'm so close tob putting a stop t it",suicide
116,"Brain so damaged from drugs i don't feel human anymoreThat's pretty much all of i can say, my brain is full of shit and it is so fucking loud i can never have peace. 

- I written wall of text here but then i deleted it... ",suicide
118,"I feel so hopelessHello, I guess this is my attempt at a lifeline or something.

Okay, so I guess the best way to begin this is to just tell you straight up that I’m gay. This wouldn’t be an issue if I didn’t have strictly conservative parents, I know a lot of people have it worse off than me, but I feel like most of my problems stem from this.

I haven’t been diagnosed as anything really, but I don’t really care because it doesn’t take a fucking expert’s opinion to tell you there is something genuinely fucking wrong with me. Lately I’ve been feeling more and more suicidal, and have been planning my suicide more and more and how I could enact it with little to no effort whatsoever. And right before the time of this post in fact, I’ve cut myself for the first time. Very shallow cuts, 7 of them. Worst part of it was trying to get the bleeding to stop, even now.  That and I’ve been feeling like absolute SHIT consistently for 4 months now, so yeah there’s definitely something wrong.

To further go into detail about the cutting, looking back at it, I snapped and started cutting, going deeper than anything I’ve tried to cut and with such force and pressure. I’m glad there was only an exacto knife nearby, if anything else I think I may have bled out. What scares me about this is 1. how I snapped and started cutting myself and how fast I went to cut myself and 2. How the fuck I’m going to hide the cuts and if someone asks what excuse I could possibly come up with.

At the time of typing this, yesterday during work I was so miserable that I contemplated walking out climbing up a tree, tying my hoodie sleeves on both the tree and my next and just letting myself fall. I obviously didn’t do this, and even if I were to walk out, I’d probably wouldn’t because I felt like if I did, I’d just spread my suffering to my family. 

About my family : As I stated previously, they’re an adamant religious bunch, and they have no tolerance for gays, heresy and mental illness, so I have to act as if I were something I were not around them, and I think the facade is taking a toll on my mind because then I feel like I have no actual personality and that I just have to be fake around people to make them happy at the time. I’ll be honest, it’s hard sometimes but I feel no sense of “selfness” I have never EVER even gave them a hint that I would ever be gay, I try to make it seem like gay isn’t even a comprehensible subject and that it is something so outlandish it shouldn’t exist. However, recently I have told my mother that I am feeling anxious about everything, stressed over tiny things and that I’m feeling like absolute shit and I’ve been considering suicide and she just yells at me and tells me I’m lazy and that even I couldn’t amount to anything if I gave it all of my willpower, and what hurts more than the words is the expectation being shattered. I just want someone to understand me, and to love me for what I am, and genuinely acknowledge that there is something wrong with me, and that I need help, but it just makes me so fucking sad that it’s never going to happen, I don’t even tell this sort of stuff to my one friend because it just ruins the atmosphere and brings the mood down, so I can’t just do that. I feel like I genuinely have nobody, I feel so isolated and alone. I know there are those who have it so much worse off than me, and I try to rationalize the situation in consideration of the fact, but I can’t help but feeling so fucking bad.

I am scared that I’m going to kill myself soon, I just want things to stop being shit, I’ve been feeling like this on and off for almost 5
Years no, but in the past 4 months, I genuinely have been feeling this way daily and very recently have had only suicide on my mind. I just want the pain to end, I just want to not be alone, and want someone to hug me and tell me I’m valid.",suicide
120,"Just want people to know what’s happening in my life since I can’t really tell someone irl without them freaking out or something.I really don’t want to, but stuff is going to happen soon resulting in me loosing my family, school, and my long term girlfriend. I’m really scared, im a coward, and honestly would rather be dead than try fix this mess. Mess is putting it lightly though. If my life was a large puzzle, it’d be like just throwing the entire thing in a fire of shame. I’m thinking about just cutting an artery, but idt I’d have the stomach for that, but I’ll figure something out. I hear it takes a while to bleed out, If you don’t hit an artery, so people are usually discovered and saved. Fortunately, I live alone in a dorm room and no one ever visits so I have a lot of time. I wrote a note in class addressed to my girlfriend. Looking back at it, it’s kinda all over the place, but I don’t feel like fixing it. I hear if you slit your arm it can cause permanent damage if you fuck up, so I got some medical stuff just in case I wake up and decide not to try again right after. I guess I’m writing this here to make sure people know. I don’t have a history of depression, and haven’t really shown any obvious reasons for something to think I’d ever kill myself. I feel a certain sense of control and calmness and I’m actually looking forward to the time I have to make the decision. If I decide to go through with it, I’ll let you guys know. ",suicide
218,"here's my debate for why violent video games reduce violence IRL I'm having a debate competition and the motion is this house believes that violent video games lead to violent acts in young audiences, so o figured this would be of some help against the banvideogames subreddit, (it's not too good rn)

most of the time we commit violent acts because we're angry or frustrated, by commiting violent acts in the game we vent these emotions out in the game instead of in the real world, say for example DOOM(you know the drill we all like BFG division). you might say that video games can culture some really toxic people, but speaking into a mic and speaking to a face are two different things, I have friends that literally gang up on me and ban me from their Minecraft server because they were in a bad mood, the next day I had a few words to say to them and they just stood there and let me run my mouth (I just didn't feel like letting them have their way so I did a thing), that's why I think cyberbullying isn't a problem, if you know how to treat is properly(my own opinion, you guys might know something I don't)

can someone please improve on this and post it elsewhere I'm not a good writer, I just started out the debate🤷",non-suicide
219,just spent an hour translating a song feels good,non-suicide
220,"Bro it feels so good calling my ex a gf again I've been wanting another chance for about a year now lol

We first got together freshman year",non-suicide
222,"effective suicide plan?So I've finally decided to take a turn to find peace.

To be honest my plan isn't well thought out and I'm scared it's going to fail, which means I'll have to face being found out and sent somewhere.

My current plan is to take enough melatonin and sedatives to knock myself out, then go outside in the snow during the night wearing shorts and a t-shirt and sleep there, and hopefully the subzero cold kills me before I wake up in the morning. Would this be effective?",suicide
229,"God damn I wish I could be pegged I just wanna be pegged and called a good boy😔

^i’m ^to ^horny ^for ^my ^own ^good",non-suicide
230,"my boyfriend is getting his wisdom teeth removed today so i wanted to make a cute post just raving about him and hopes he sees it but i doubt he will :) Well, he's asleep right now cause he hasn't replied to my messages but he deserves the rest, he'll be sleepy all day. 

Anyway...

He's so amazing. I love him so much, our 4 year anniversary is coming up on February 14. I got him his gift and it's currently in transit. I just wanted to say he's literally the most amazing thing to ever happen to me, I wouldn't be the person I am today without him. I... live in an extremely toxic home, and I hate it, I'm not allowed to date but I don't care, I fell in love with someone, and we've been together almost 4 years now. He's so amazing...He's so kind, and charming, and passionate, and loving, and willing, and handsome and cute and literally any positive thing you can think of. He has no flaws. He's so perfect in my eyes. He's been there for me when literally no-one else has.  I couldn't be more thankful. I am so lucky, that everyday I get to call this wonderful human mine, and I get to call him cute everyday. Things have been hard with covid, we've been apart 315 days, which is, to most LDR's silly, but he's my only friend. I...am a pretty lonely person, but that's alright. I have about 2 other close friends and that's all I really need. He's literally my best friend. He's been with me through everything. Like I said, I have a toxic home-life, my father is a POS and my mother...she isn't much better. Before him, I knew there was something mentally wrong with me, and to this day my parents still don't really believe I have an anxiety disorder and I quite possibly could be depressed. (not being dramatic it's rough.) He is also my first, well everything just about. This is the first real-real relationship I've been in, he was my first kiss, my first slow-dance, my first everything. He's so timid and gentle and knows exactly how I'm feeling even if I don't tell him initially. He tells me he's proud of me, and the first time he told me that, I broke down into tears. No one has ever ever told me they were proud of me, he sees the smallest steps I take and he recognizing me for them. I've been working my hardest on not apologizing so often and getting a grasp on my anxiety. I know to some now, it's so silly to think that you're first relationship is the one you're gonna marry. But I so truly believe he'll be the one I marry, I want to get married to him, I want to have a life with him. These past 4 years, I haven't felt sad, like ""unneeded"" sad, of course I have days, but he's literally lit my life up. I wrote a poem about/for him last year and in the poem, I talk about how he re-lit my ""spark"". My spark is well myself, my personality, my happiness, my passions my all of it. I don't think I could ever begin to repay him. With everything he's done...I'm overjoyed. And I tell him all of this everyday and he takes it with such modesty, or ""I know I'm all these things, but so are you"" He knows me, he knows who I am, he's the first person to ever willfully get to know who I am, and to love every, single, inch of me, even the parts I can't love right now.

&amp;#x200B;

I think I'll stop there for now, I could novels upon novels about my love for him, but I think now is a good time to stop. I'm currently working on a song for him, It's been a really long writing process but I think it's coming along well. Anyway, thanks for reading that whole long winded thing, :)",non-suicide
231,"Parents be like ""dont hang around that frend, frend bad, family gud"" Then get played by their own brother._.",non-suicide
232,"Bro, im deadass crying rn My mom came into my room, and she thought I was sleeping. And as she was leaving she said under her breath ""I love you [redacted]"" and now I'm cryin.

Im a feckin emotional wreck",non-suicide
246,To the actual dunce who may or may not have given me Covid-19: Fuck you. Eat shit and die. No amount of words can describe the amount of unbridled anger I feel right now because of your actual fucking *sloth brain*.,non-suicide
247,if i had a dollar for every time someone on here suggested my posts were the result of drug use i would have enough money to go buy the drugs theyre talkin about i wish i was high people !!!!! but im not !!!! ur just jelly ur brain is boring and mine is sexc and says funny things 👋😏,non-suicide
250,I want to make out with Leela in the Planet Express office supply closet What’s Fry going to do about it?,non-suicide
251,"My friend asked out his crush and she said,

""you should have waited till April"" 

she thought it was a joke so she told him he should have waited until April fools 

Can I have an F in the chat for my bro haha",non-suicide
252,"I saw my uncles dick one night I went to take a shit in the middle of the night. I went to the bathroom, half asleep, only to see my uncle taking a massive shit. I saw his balls and everything. I wasn’t the same ever since",non-suicide
253,lmaolmabsjdbbsjxbwnxhhdjsshdcmwbdjjf jrhdsndhdjsbshhdnsnsnsnsndndjejekskk,non-suicide
261,"It's my 19th birthday today... I don't know if I should be happy that I'm officially a 19-year old and Pewds can be proud of me....

....Or I should sad cause this is my last year on this subreddit...

Help",non-suicide
263,"Am I in the wrong? I have to share a room with my older brother. He always kicks me out of my own room so then I have to spend every moment with my sister who is 4 years younger then me. I have to constantly be with her, and do whatever she wants, I even have to sleep on the floor in her room. My brother was gone tonight so I just wanted to spend the night by myself playing video games. So I tell my sister I’ll sit with you until you fall asleep. She starts saying I want to sleep in your room and I say no. Then my mom starts screaming at me that I’m terrible for making her feel bad. Am I in the wrong?",non-suicide
264,I passed my driver's permit test today So yeah I can kinda drive so that's pretty cool,non-suicide
270,I have a weird question Hmmmmm… how do I shave my butt hole/ass crack?,non-suicide
274,Any other 14 yos lookin for fun? ;D Add my sc: retromcgaming or dm me 😝❤😘,non-suicide
276,"17 years ago today, cries started to flood a single ward deep in the depths of a hospital. A legend came into this world. That legend is me. Yes I'm brave enough to admit that I am awesome and love myself entirely. I've eaten healthy and excercised vigorously throughout this hell of a year, not to forget brushing up my academics. I've also saved up for a new pair of socks. I'm so proud of myself. Can any of you rich redditors give me an award of any kind, please? The cheapest will even do because that would make my entire day infinitely more exciting! 

Award givers will be highly commended through dm's.",non-suicide
277,"Is there a cure for intense boredom? Other LSD, video games or pornography?",non-suicide
287,"Police Visit UKThrowaway due to obvious reasons.

Last night I made a decision to significantly harm myself with the intention to end my life.
As a last ditch attempt I text Crisis Text Line.

After some back and for I had calmed down and decided to get out of the house. I left everything including my phone.

Once I managed to recoup my thoughts I gathers my things (including my phone) and went to my parents.

In the meantime, Crisis has contacted the Police and they tracked me to my parents house. This led to an encounter where I had to discuss everything in an open dialogue and I was strongly advised to stay at my parents etc.

I’m concerned with what the repercussions are now with Police (including my police records, contact with my GP/medical records and employer).",suicide
288,"I'm fucked. All of this is an illusion.Ive recently lost someone i felt like was a brother to me, and i realized that he was one of the only people who actually wanted to spend time with me and made an effort to. 
Im so tired of being the friend who asks. 
Why are people constantly so selfish? 
Last night i tried to end everything.
it didnt work and honestly the only person who knew and ""cared"" has left me completely alone the whole day, not talking to me at all and then promises to fix things when i ask for them to do something about it, but they never do.
its probably stupid but theyre in a band, and they have always said to me ""you could be the singer, or the pianist (i play piano) or the bass player"" and all three of those have been taken and i feel like a fucking failure. 

I used to be such a bad friend. but now km getting what i deserve in life.
It just keeps happening and im so tired of this cycle. 
I got kicked out of my therapy even after i begged to stay in. 
I havent been one day clean.
When will it end?",suicide
289,"Considering killing myself, the depression just keeps strangling me.I have always struggled with anxiety and depression, since i was a little kid i've been this way. This winter my abusive girlfriend left me and i still can't get over her completely. The weekenid i had now was the best in such a long time, the issue is that i met a girl and i felt attracted to her, she's too young tho, only 18 and i'm in my late 20s and i feel shame for that. Nothing happened between us, we barely spoke but we were in the same company over the weekend and i had a great time but now the weekend is over and same old shit week after week continues. It's like a post-great-weekend-depression on top of my regular depression that i somewhat can hande most days. I hate that i can't have fun without going into deeper depressions afterwards, i don't know why that happens and yeah, feeling this attraction to a 18 year old girl is shit aswell.",suicide
375,"are u banned from a subreddit? if yes, why and which one",non-suicide
376,"Can constant masturbation lead to disinterest in girls? Asking for a friend 
FILLER FILLER FILLER FILLER FILLER FILLER FILLER FILLER FILLER FILLER FILLER FILLER FILLER FILLER FILLER FILLER FILLER FILLER FILLER FILLER FILLER FILLER FILLER FILLER",non-suicide
381,"just spent 78 dollars on teen titans season 1-5 hows ur day 
i feel guilty cause it was my dads money but it was worth it :) okay i actually feel bad but whenever i ask my parents if i can buy something they always say yes, like even expensive things ($60) anyways i have learned my lesson",non-suicide
382,"Who’s denser then Tungsten? It’s me I’ll keep this short so don’t expect good English and or full sentences. Last week was hanging out with friends at girls house. Get on topic of hu somehow. She says she’s had people hu in her bed but not her. Looks at me says my name and says u need to get w someone in my bed. I say u first (this is just coincidence I didn’t think anything of it). Later on everyone’s hanging out she says to me let’s go upstairs. Dumbass me says we’re having fun let’s stay down here.

Kill me.",non-suicide
393,"I think I'm done.I see no point in continuing my life. It has been so long since I became disillusioned with this world; the pointless cycle of work and pain to enjoy such small things for such a small time, the uncaring populace that hurts and abuses itself, the vast majority that feel no empathy. I see all of these reflected in myself too, another idiotic follower of the human condition, driven purely by emotion and not by logic. Why anyone would want to live in such a torturous existence is beyond my understanding.

I was born too early to escape it, too. Perhaps a few hundred years in the future space travel may have advanced to a level whereby some reasonable scale of exploration is possible, and I could just leave this hellhole behind, and things may have been different. But as it stands I will be long dead under any circumstances, unable to see the one thing I have dreamed of.

Only music and video games have stood between me and this. They allowed me to hide my dissatisfaction with the world inside myself and ignore it, so I didn't have to deal with it. But they haven't worked now for a good few months. The one time I found something besides those that I thought may have been worth living for was brutally wrenched from me.

This is not a decision I have made without considerable thought. The last couple of months have shown to me just how much I hate this world. Knowing that so many other people feel the same has solidified this.

Nothing I have tried has helped. No antidepressants, no therapy, no thought mechanism has eased the pain. The one person I had trust in and who could help me ran away into the arms of another man, and now I am at wit's end. Nothing stands between me and the hell and that I always tried to avoid, so what's the point in even trying to live with it. I just want to fall asleep and never wake up, never have to feel a thing again. I want to be free from the tyranny of sadness and depression, free from the cage of anxiety and panic. I want to die.",suicide
394,"Read my old suicide note tonightRead my old suicide note tonight

A while back (couple months ago, so not too long ago) when my mental state was particularly bad I wrote out a suicide note. I didn’t have anything to say to my parents or any of my friends except one. I don’t feel like I need to give an explanation, I’d rather my issues die with me rather than existing in other people’s heads. I wrote the letter to the only friend who I’ve fully opened up to, and I was prepared to do it. Instead, I went to sleep. I’ve been struggling lately so I went back and read that note and got this strange sense of comfort. It made me feel so relaxed, maybe it was the idea that if I’d gotten that close to killing myself before and hadn’t, I could do it again.",suicide
395,"Is it selfish telling someone?I'm thinking about opening up to one of my cousins. I'm not really close to him or anything, but he comes down to visit the uni I go to sometimes since he recently graduated. He also tried to get me into his frat and all, but I also feel like I let him down as I left during the process. I want to open up on how I tried committing and the other mental problems I have. I don't want a pity party or anything like that, I just want someone to know, especially family (as I'm usually always the 'loner' and don't really mingle well with others). But, I'm hesitant because I don't know if I'll try to commit again. I don't want for him to get hurt and all because of that (even though he'll probably already feel bad about me dying, but I don't want it to torment him or something).",suicide
399,"What's the easiest way to kill myselfPlease don't put ""don't kill yourself we need you!"" Or anything in the comments, I'll do it with or without your help, but for my sake I hope you help me. I'm 15 I have 2 mentally abusive parents. I've been able to stop their abuse for a while by doing everything they want but now I'm failing school. It's started every thing back up so much worse. I get really full from my big school lunches but my mom forces me to eat when I come home, but then when I eat she asks why I'm being a pig. Im healthy but it's not enough. Im trying to juggle school and their chores for me but I can't. I'm sorry, I'm a coward and I know it. I can't run away because I don't want to be out there alone, I'm scared of what would happen to me since I'm a girl. I've tried looking into national runaway service but I would need a safe place to stay I really need y'all's help. I'm to much of a coward to cut or hang myself or anything violent but we don't have any pills that could do the job. What can I do? I can't last here 3 more years I just can't, I had a boyfriend that was helping me a while back but they texted him pretending to be me and started a huge fight with them and then they blocked him on my phone. He was so sweet and kind and it's been months since that happened so I'm sure he's so mad at me he wouldn't even consider helping me at this point. I have no one else. Please help me",suicide
400,I need some helpI feel really terrible right now I spent the entire day burning my self with matches. I really need to talk to anyone to help me feel better or I'm not sure I'll wake up tomorrow,suicide
415,MY TEACHER GRADED MY AP CALCULUS TEST AND I GOT A 100! I got a 100 on the MC part on Thursday but then I grinded out a shit ton of problems over the weekend and I did it! My first 100 on an AP Calculus test! LETS GO!,non-suicide
416,"I hate the reddit hivemind If your opinion differs even slightly from the generally leftist points of view on most subs, then you get so, so much hate. Harsh personal insults from people who claim that they are fighting against bullying. The hypocrisy. Calling your opinion ""not real"" and '""bullshit"" while flaunting their own. Keep in mind I said nothing sexist or racist, just appropriately shared my opinion on a sub. I knew it would get hate but how could I know that full grown adults would act so immature and attack someone for having a different opinion. I am not right wing in any way, but I can see how people can turn into bitter far right racists with equally terrible views from this. I hate people who claim to have an open mind but have no room accepting that people with different opinions exist. My comment on r/niceguys may have been unpopular, and I'm not offended by what people say, just shocked that grown adults can be such shitty people hiding behind a screen. I pray to a god, if one exists that I never become as bitter and close-minded as they are. You can check my post history for yourself and see if you think my opinion was worth me being called many names by people almost three times my age. I also inboxed a redditor to explain my point of view but somehow she claimed it was inappropriate and sexual. Like wtf. Anyways, thats my rant, basic "" I hate the haters"" rant.",non-suicide
418,"WHAT THE HELL JUST HAPPENED my sister was in her zoom call for her class and someone walked in the teacher’s classroom claiming to be someone else and said that they didn’t take the test that they were supposed to be taking cus he was jacking off in the bathroom?? 

hybrid really be fucking people up 

I was in another zoom call but I was in the same room with her like goddamn",non-suicide
419,"Does anyone know why people keep talking about August 27th? Where did it come from and why do people think it’s so important? 

Bruh I hope something special actually does happen

Or not maybe something bad will happen",non-suicide
448,"when you want to date people because women are kinda hot ngl but you also are worried about leaving your friend behind because you love your friends and know that hes insecure about being replaced by people and obviously you dont want to replace her and youre worried youd end up spending less and less time with her and eventually drift apart, which in itself is one of your biggest fears, so instead of doing anything you just cry because you dont know what else to do !!!

&amp;#x200B;

edit: also you dont even know if you feel romantic attraction at all and you just need an excuse to spend time with people because you have a crippling fear of being alone!!!!!",non-suicide
450,the song kiss you by one direction is the best song ever created no i dont take constructive criticism,non-suicide
458,Going to try again ✌🏽Found a longer belt,suicide
460,Relatives and suicideI know it's a sensitive topic but i'm interested in what it was like for people which had others in their family or close friend group commit suicide.,suicide
467,"My teacher played some Christmas songs today. jUST BECAUSE IT STARTED SNOWING, DOES NOT MEAN YOU GET TO JUMP INTO THE CHRISTMAS SPIRIT. KEEP IT SPOOKY, SPOOKY!! SHUT UP MARIA CURRY",non-suicide
468,"Who here likes oldies? (Music) Like 50s, 60s, 70s, 80s, ect. None of that gangsta rap crap. Me personally, I love oldies. And people can be real bigots about it.",non-suicide
473,"should I study for my sat? yes no maybe no, idk, I'm sleepy, it's in like less than 2 weeks, I should tbh if I wanna leave florida",non-suicide
474,Why are people afraid of the end of the world? Like if anything I'm hoping everyone dies at the same time because leaving people I love behind is wayy scarier than death,non-suicide
475,"i dont even know this isnt gonna be long 

&amp;#x200B;

im not suicidal or anything but sometimes i feel like not existing does anyone else ever feel this way",non-suicide
476,"Anyone want to chat during school, I am bored, DM me or add me on discord UltraChad#8308. Anyone want to chat during school, I am bored, DM me or add me on discord UltraChad#8308.",non-suicide
480,Marble Blast Ultra Nostalgia Nostalgia Nostalgia Nostalgia Nostalgia Nostalgia Nostalgia Nostalgia Nostalgia Nostalgia Nostalgia Nostalgia Nostalgia Nostalgia Nostalgia Nostalgia Nostalgia Nostalgia Nostalgia Nostalgia Nostalgia Nostalgia Nostalgia Nostalgia Nostalgia Nostalgia Nostalgia Nostalgia Nostalgia Nostalgia Nostalgia Nostalgia Nostalgia Nostalgia Nostalgia Nostalgia Nostalgia Nostalgia Nostalgia Nostalgia Nostalgia Nostalgia Nostalgia Nostalgia Nostalgia Nostalgia Nostalgia Nostalgia Nostalgia Nostalgia Nostalgia Nostalgia Nostalgia Nostalgia Nostalgia Nostalgia Nostalgia Nostalgia Nostalgia Nostalgia Nostalgia Nostalgia Nostalgia Nostalgia Nostalgia Nostalgia Nostalgia Nostalgia Nostalgia Nostalgia Nostalgia Nostalgia Nostalgia Nostalgia Nostalgia Nostalgia Nostalgia Nostalgia Nostalgia Nostalgia Nostalgia Nostalgia Nostalgia Nostalgia Nostalgia Nostalgia Nostalgia Nostalgia Nostalgia Nostalgia Nostalgia Nostalgia Nostalgia Nostalgia Nostalgia Nostalgia Nostalgia Nostalgia Nostalgia Nostalgia Nostalgia Nostalgia Nostalgia Nostalgia Nostalgia Nostalgia Nostalgia Nostalgia Nostalgia Nostalgia Nostalgia Nostalgia Nostalgia Nostalgia Nostalgia Nostalgia Nostalgia Nostalgia Nostalgia Nostalgia Nostalgia Nostalgia Nostalgia Nostalgia Nostalgia Nostalgia Nostalgia Nostalgia Nostalgia Nostalgia Nostalgia Nostalgia Nostalgia Nostalgia Nostalgia Nostalgia Nostalgia Nostalgia Nostalgia Nostalgia Nostalgia Nostalgia Nostalgia Nostalgia Nostalgia Nostalgia Nostalgia Nostalgia Nostalgia Nostalgia Nostalgia Nostalgia Nostalgia Nostalgia Nostalgia Nostalgia Nostalgia Nostalgia Nostalgia Nostalgia Nostalgia Nostalgia Nostalgia Nostalgia Nostalgia Nostalgia Nostalgia Nostalgia Nostalgia Nostalgia Nostalgia Nostalgia Nostalgia Nostalgia Nostalgia Nostalgia Nostalgia Nostalgia Nostalgia Nostalgia Nostalgia Nostalgia Nostalgia Nostalgia Nostalgia Nostalgia Nostalgia Nostalgia Nostalgia Nostalgia Nostalgia Nostalgia Nostalgia Nostalgia Nostalgia Nostalgia Nostalgia Nostalgia Nostalgia Nostalgia Nostalgia Nostalgia Nostalgia Nostalgia Nostalgia Nostalgia Nostalgia Nostalgia Nostalgia Nostalgia Nostalgia Nostalgia Nostalgia Nostalgia Nostalgia Nostalgia Nostalgia Nostalgia Nostalgia Nostalgia,non-suicide
481,"You know what, let’s be cowbois but it’s with the arrows This may be an epic trilogy, or this will fail like the rest of my shenanigans",non-suicide
482,"I'm not actually pregnant! I didn't tell anyone about it, but I'm not pregnant. I thought I might have been for a bit, but I'm not, and it's amazing. Hopefully no one who I know finds this, I'll just delete it in a bit. I just wanted to share the good news",non-suicide
529,"I'm finally at a breaking pointI have no idea why I am writing this right now. I'm 29 and I'm a fucking loser. I'm a miserable person who sees all the negatives in any situation. I've fucked up every opportunity life has ever given me. Everything to me seems stupid and pointless and I can't seem to find enjoyment out of anything that doesn't involve deep fantasy where I can forget who I am for brief periods of time. 

My parents sent me to two different schools and I fucked up each of them for years and got no degree. I have no real skills that can get me a job, I've been unemployed for two years straight almost. I finally got a job four months ago and got so stressed out at a night time security guard job that I had to quit it was making me so incredibly miserable. I'm pathetic and I have no idea why I was feeling what I was feeling. I can't put it into words, I'd just go to the job and start to feel panicked. I ended up having to find an excuse to quit even though my parents asked me not to. 

Now I'm sitting here jobless wondering what do I do? Even if I get a job is it going to stress me out to the point where I can't handle it? Probably. My father thinks I'm a fucking loser and a disappointment even if he won't come right out and say it. He's ashamed of me and that crushes me, but there's nothing I can do. Shame is something I've come used to, it scares me less than the stress I am going through. 

I've never had a girlfriend, I've never really kissed a girl, I've never had anyone love me back. I've never had someone I could put my arm around and say ""I love you too"" to me. I live completely alone without another living soul around me. I didn't used to drink until I started that job four months ago and now I do it just to feel 'normal'. Like just doing what everyone else does when their depressed makes me feel slightly better. 

I've been laying completely in the dark for hours crying because I have no hope for the future. I'm almost 30 years old and there's nothing good out there coming. I've squandered every opportunity I've been given and it's just too late. I'm a burden to everyone around me. I tried to tell my parents how I felt around the holidays but they didn't get it. They were worried for a few days and kept asking me over and over how I felt until I finally said 'better' and then they figured I was past it all. I wasn't. 

They told me I need to talk to someone, but I can't afford to go talk to a professional. And even if I did, where do I start? How does a professional take my fucked up life and make me want to live it? There's no digging myself out of this hole I'm in. I'm stuck and I'm going to stay stuck. It's too late for me to start changing, too late for me to get a girl, too late for me to fix how I get when I go in public. So fuck it, right? 

I'm crying and screaming at the top of my lungs and I just don't know how to make it all stop. I don't know why I'm putting this in the suicide watch Reddit because I'm too much of a coward to kill myself. I want to do it, but I'm too afraid. I've tried before, but I always chicken out. I'm useless even at that. 

Again, I just don't know why I'm writing all this. I'm somewhat of a writer, maybe I'm hoping it'll make me feel better? I was wrong. Now I just feel embarassed ontop of it. Jesus, what do I do? Do I keep limping along, making people ashamed of me as I keep fucking everything up? Wouldn't it be BETTER for me to just end it? ",suicide
531,"BreakupIm 30/m and my girlfriend 21/f left me two weeks ago. She was unhappy sexually b/c I'm not old enough for her. She kept it to herself for 2 years thinking she could change the way she feels about me. When she was a child/teen she was abused sexually by older men and now that is all she is attracted to. She did not expect to fall in love with me when we started dating. I wanted to get married someday. NEVER felt this way about anyone before. Now she is gone. She told me that maybe we could try again but that she would need to make a big change in her life and isn't sure that it would ever happen. Seems like she doesnt want anything to do with me and she said its because it would be to hard for her and me to be in my life. I am going crazy dealing with this. Eating sleeping and getting work done are very difficult. I try to not call her or text her but I usually cave and do it at least once a day. I go by her work and new place to see if shes there at night when I can't sleep. Im really fucked up. I am 2 years sober as well which makes this harder. I cant run from the pain i get to feel everything. I think about killing myself. I just feel like its all getting worse and I cant change it. When I was trying to get sober I thought about killing myself a lot for the same reason. All this work to do and no energy. Ive come to the conclusion that doing work, whether for money or personal growth is the way to being ol and somewhat of a whole person but I just dont know how. I have all this work to do and I dont have the energy or give a shit enough about anything to get started. I know objectively what is supposed to work. ""Dont talk to her"" ""Get work done"" ""Distract yourself"" ""Get exercise"" Has anyone been in a situation like this? Where you found the person you thought was the right one for you and then one day it just all fell apart? She still loves me and I her but we cant be together and its just getting harder as time goes bye.
",suicide
534,"My chronic depression is getting worse... This world feels like a nightmare. [NSFL]I'm thinking about suicide a lot...

I want to be dead. I once thought that human problems were surmountable, but they're not. 

They're just not. I only want to live if I can think of a scheme in which humans aren't doomed, and I can't. I've tried and I can't, and that depresses me. Everyone I've ever loved is going to die; I'm going to die. Everyone works hard for things, which they forget about when they die. Everyone feels pain. There's so much agony in the world. So much madness. Small animals by the millions are being poured into grinders alive; their meat comes flowing out a tube, like shit from an anus. Young children are beheading people, but tiny baby arms are so weak they saw the heads off slowly. And then other children listen to music that's merely people screaming. Screaming! This is a world of endless screaming. High-school graduations happen, and the young men and women without scholarships walk away, knowing that they will live lives of struggle, which will be harvested as tax dollars for the state, no differently than the way human batteries are harvested by the machines of The Matrix. The planet is suffering and the minds able to come up with schemes capable of reversing the damage being done are killing themselves. The leaders we elect have values, not plans or schemes. Human history is filled with torture, slavery, and suffering. I hate being human. Most of my friends are depressed because I find happiness intolerable: pathological happiness in the face of this worlds past, present, and future, seems like a crime to me. Every religion secretly prescribes nihilism. Humans exploit one another in life, because nature has been overridden by the state, thanks to human nature. And I feel worlds away from it all. I don't want to participate in human affairs, but go in direction completely opposite to wherever this leads. I don't have any hope for humans... I just hope... That this is all some kind of simulation, intended to teach me how not to behave. What if evolution made us miserable, so we could survive? I don't feel like anyone can relate to me. I don't feel human. I don't understand what I'm supposed to do for you. I don't understand why, as I've aged, I've become more sensitive, and not less. The adults who raised me were so stupid, that I assumed I would become numb when I grew old, but it seems like the complete opposite has happened. These feelings. Was I programmed to function in a smaller world? I drive down the street, and it scares me: that I have this urge to meet everybody I see, but I roll past them like they're nothing. And I'm nothing too. What's the point in being a nothing that feels something? And there's no such thing as help. People don't help; they help themselves by getting jobs. One of my only older friends, she's really jaded about life; she feels like it let her down. She told me that I should try not to obsess over these things (our world and universe is eating itself); that people who do, do end up killing themselves. I just can't though. It's getting harder and harder to wake up in the morning, and when I do wake up I'll go back to bed to cover up my disgusting self. I will delete this post, to cover up my disgusting self, but I promise I won't kill myself. I feel so torn, because I want to like existence, but I don't. And it's the only existence I know! And that hurts even more. 

If only I could go somewhere else. ",suicide
536,"Ah,I feel so apathetic to everything. All I do is cause people pain and yet I even feel numb to the guilt. A very, very small part of me is scared of potentially hurting someone badly in my life and it makes me wanna kill myself. The rest of me is kind of hoping I hurt someone and that part of me also makes me wanna kill myself so I can leave a lasting impression on whoever knows me and/or whoever finds my body.

If this gets much worse I think I will go through with it. Or at least attempt so if I survive I can feel something, even if it's just suffering.",suicide
537,"I don't want to get better. I want to die.I can't see myself ever being happy or content anyway. Even if I got over my social anxiety, got a good job, moved to a great new country, had caring friends and family, had a partner, had a nice house and fulfilling hobbies, even then, I'd still be depressed and empty. I might be less depressed, but it wouldn't go away.

I'm tired of being told to get help or open up to someone. The only advice you ever get is ""it gets better"" and ""think about your family"". Well, I don't care anymore. I'm tired. Why is not wanting to live so frowned upon? I tried living, and it's not for me. Stop trying to save me and just let me die painlessly.",suicide
538,"Dont think I was meant to be a mom, maybe I'll kill myself insteadSince having my baby in January I've been increasingly depressed, angry, and anxious. I know its probably PPD and PPA but to be fucking honest, I dont care WHAT it is. All I know is I want it to stop. I dont enjoy being a mother. I got pregnant at 19. Just recently had my 21st bday. So I'm a young mom. I kept the baby because I thought I was going to be a good mom. I've worked at daycares. I've always been good w kids. I always wanted to be a mother. And I LOVE my baby, with all my heart, but I'm just not a good mom. I hate not being able to do anything anymore. Always broke. Cant even shit on my own time. I dont sleep. My baby is 9 mo old and still wakes up up to 8 times a night. I dont like my appearance. I don't like sitting home all day. I dont like the sound of my baby crying. I don't like changing 10000 diapers a day. I don't like not being able to do ANYTHING when I want to. I miss independence. Freedom. Having a personality other than tired and stressed. Friends. Going out. Relaxing. Having goals and hopes for my future. Lmao, all the goals I had are gone now. Cant go to college when all your money is being spent on formula. Cant go to college when you dont have a babysitter. Cant get a good job without college. Etc etc etc. I'll amount to nothing more than a mother now. And for some people that's enough. But I feel like I may as well be 50 already, just say bye to any semblance of youth i have. I don't think its right to my daughter to have a mom who doesnt wanna be here. I don't think it's fair to my boyfriend to have to deal with me. I will NEVER be happy away from her so leaving and starting over isnt an option. Cant undo my baby in my brain. But I will never be happy doing this either. I just want to quit. I want to die. I want her to have a better mom. I want her to not see anger from her mother. I want to not be conscious or aware anymore. I want to cease to be. But I'm terrified I'll do it and get stuck on the other side watching her from afar. If I knew 100 percent death meant emptiness and conciousness death, I'd have done it long before now. And I've struggled w depression, bi polar, borderline personality, my whole life. I don't see it getting better. Just worse. So why stick around?",suicide
553,"just remembered that i used to sing in random voice chatsat like 10 years old although i can't sing for shit  i even remember saying ""yeah, this was pretty bad"" after letting those horrific sounds out of my mouth and everyone agreeing lol",non-suicide
554,guys i wanna make a meme but i have no ideas ☹️ yah.. give me ideas and i’ll make meme idk,non-suicide
632,"Feel better if you’re rejected I literally just have two simple points.
1- If they said something that made you feel even worse like ‘ew’, then you should be glad they did because you’ve dodged a bullet.

2- Just think for a minute: why do you care that you’ve been rejected? Probably because now it’s gonna be hella awkward when you see them again, right? But if you don’t care you got rejected, it’s not gonna be awkward",non-suicide
635,"Daily free hugs #10 Free hugs for men, women, dogs, cats, for everybody and everything in this universe",non-suicide
636,Bruh I wanna try sushi so fucking bad That looks absolutely delicious and I’m pretty hungry rn. Oh I wanna try it so bad but I know nothing about it or any good places around me,non-suicide
649,"Feels like I have nothing to live for anymore.I feel dead already. The only thing that's stopping me is the fact that it's going to hurt and that I may have potential to survive this all until the end and live a good life with somebody who loves/cares for me.

I highly doubt that though.

My mother has verbally abused me (and almost physically) since I was a young teen, about 13-14 years old. Ever since I was that age she has been constantly talking about financial issues, my Dad, our broken family, negative complaints about herself hating life and other bad toxic things, basically manipulating my train of thought all this time and self-esteem.

I feel like an alien among other people my age because I have grown up so sheltered and uneducated. I feel like I'm wasting my time and there's nothing out there for me.

I hate my family, I think they're all disgusting people. I hate my parents, especially my mother. I have like one friend and I most often hate her because she's younger than me and we don't match as people anymore, then one other friend I sleep with of whom will probably drop me due to my boring life and lack of care for things these days.

&amp;#x200B;

I literally feel like this year is it for me.

I'm a burden and I've been told all I'm good for is child support, because I'm a dependent and my mother just wants the money. I wonder if I killed myself if she'd even get anything anymore.

&amp;#x200B;

I don't know what I'm saying, I guess. I just want to die. I am so bored with this life, I wish I was dead already.",suicide
650,"Had shotgun off safety, in my mouth today.I'm a targeted individual.  I've been tortured, followed (from city to city), slandered, attacked by every conceivable mental torture possible.  Hearing voices, seeing holograms, robbed of intellectual and physical property.  Too long to list.

Add to that my family always being assholes to me because they think I'm crazy.  I also bottle up all the things about them that hurt me and drink to feel better, then eventually tell them off.

My brother beat my face for a solid 3 minutes, twice within 15 minutes, for saying shot that was true but he didn't like.  That was the day before Thanksgiving 2017.  I spent the next three days in bed thinking of how I was going to kill myself.  Nobody checked on me.

Now my mother and niece physically attacked me the other day, stole my phone and hid my car key.  I lost my job.  They think I'm making up what happens to me and the only thing really wrong with me is the drinking.

My sister called the cops on me a few months ago for being suicidal and telling her off.  I got a felon with a gun charge.  They can give me 5 to 40 years in prison.  I'm not going back to fucking prison.  I've been before and can't stand being around convicts who actually belong there.

And nobody ever apologized or feels any remorse for the things they do to me.

So I was going to do it today but everyone was coming over tonight, I was trying to hurry but scared.  I heard a noise, looked out the window, and it was my mom coming home from church.

So I'm waiting until I know for sure one of my nieces or nephews won't be here when they find me.

",suicide
651,"I feel so awful.I feel so lost in life. I feel hopeless.

I just want to feel good.

I hurt. I hurt inside. I feel like such an outsider.

My vagina is defective. I wish I could have orgasms to feel better, but it just doesn’t happen. I’m in so much pain.

I don’t know what’s wrong with me. I’m deficient in every way. Sometimes I emotionally eat to feel better because I can’t find any other high to lift me up but that. I’ve gained weight that I’m trying to lose. I just want to cry.",suicide
652,"Can someone buy me sleeping pills and ship them to me so I can die. F14I live in New zealand, I don’t know where to get them, how to get them, or to get away with getting them. Life is so hard, I just want to end it all. I can’t hang myself but I definitely know I will be able to take pills. Someone please just help me die.",suicide
731,"I'm gonna make the most downvoted post on this subreddit by saying this I don't think tik tok is that bad at all. I actually think it's quite good  
Keanu Reeves is WAY too overrated on this platform  
Yes Minecraft is good but it's not my favourite game",non-suicide
742,Meet the Vagineer (Team Fortress 2 Meme)  [https://www.youtube.com/watch?v=0Q2Jt7ViIio](https://www.youtube.com/watch?v=0Q2Jt7ViIio),non-suicide
743,Looking for Pc Players So I am looking for people to play on pc right now (preferably from the UK). I’m mainly playing Destiny 2 and Rainbow 6 siege but I’m open to playing other games send me your discord if you’re interested.,non-suicide
746,"Is it just me who has a really weird music taste? Idk why, but I like so any different genres of music so my [Spotify playlist ](https://open.spotify.com/playlist/4QF5mUhvXm3lLbhmjUI9gi?si=G4F1SGuTQMGoWfs2IGy0AA) is crazy",non-suicide
811,"19, Queer, and pointlessI've been struggling with these thoughts since middle school and each year they only seem to get worse. Ever since I've realised how pointless I was compared to my peers they've permeated in my head. I've always been the outcast amongst people and groups of friends. I'm never the one that gets invited to parties or to hangout and they're all busy when I ask them to without fail. High school was a period of constant put downs and anxiety. I hadn't realised I was gender queer at the time which greatly harmed my sense of self identity and my ability to present who I was to others. Because of this I've been particularly social awkward and anxious. College was where things were supposed to change. New faces and new resources. Things almost immediately went to shit. I could get myself to classes or meet people outside of my hall. When I finally realised I was gender queer I felt/feel like a freak. Being a nonbinary AMAB means receivimg a fraction of a percent of the acceptedness and support your binary AMAB peers receive. I've  tried attending GSA meetings but I've only been treated as even more of an outsider since I don't fit their concepts of queerness. Spring semester and this semester have just been repeats of the same. Combine this with potential financial and roommate issues and I feel like my time is coming to it's end. I can't put my parents through the embarrassment of having a trans child that also dropped out of school and the stress of academics is tearing me apart physically and mentally. This summer I had the opportunity to throw myself off the dam near my college. I sat there at the top for nearly 4 hours. It would've looked like a fishing accident and saved my family so much embarrassment from my failures. I wish I would have done it. Now the plan is to intentially crash my car into a tree on a particularly rainy night so it looks like an accident. Until then I'll pretend everything is fine. My name is Zairen and I use they/them pronouns. I'm a 2nd year Csci student, a DJ Training Director, and my time is coming to an end.",suicide
812,Life manI always dismiss from my mind that the normal person isn’t thinking about death every waking second of their life. I spend all day devising my own death. I have no aspirations for the future. The future doesn’t excite me one bit. I think I need help ,suicide
814,"I'm a broken, unlovable person.I found out today I lost a friend because they had romantic feelings for me. I'm devastated to say the least. But I came to the realisation that im a broken, unlovable person. I have severe trust issues, I cannot ever get into a romantic relationship because I just cannot trust. I will fear they will leave or cheat on me. Now I'm second guessing all of my friendships. Maybe they don't really like me. Maybe they'll break up with me, and im just a lamb waiting to be slaughtered. 

I will never find someone. I just cannot. Not even a friendship, they always fail. I don't know what's wrong with me. I just keep getting hurt. There must be something severely messed up with me that I just can't seem to figure out. There will never be someone. I can't do this anymore. Everyone leaves me, everyone hurts me. I don't understand what I did wrong.",suicide
846,I made a subreddit for people who need to share their stories with pedophiles and other horrible people https://www.reddit.com/r/pedohorrorstories?utm_medium=android_app&amp;utm_source=share,non-suicide
847,"Is AP Lang really worth it? I'm a sophomore atm and need to decide what classes to take next year. I'm being recommended for AP Lang, however I'm not entirely sure I should take it.  It might just be the whole pandemic situation, but I'm really stressed right now with the classes I'm in already, which are all honors (except history, which I took over summer school) plus choir and Spanish.

I'm doing good in all my classes so far and I want to go to a good college, which is why I'm considering AP lang at all. But I'm scared it's going to be too hard.

Not only that, but  I plan to take AP Bio next year, which would require me to drop my favorite class, choir. Choir is really important to me and I'm very close with everyone there. I was originally planning to take English 3 over summer school, but now I'm not sure since I might take AP Lang.

I should also mention that I had an awful teacher for English in freshman year. I mean, she made me hate English and breakdown multiple times. She's also one of few AP Lang teachers.

Wow, lengthy. Sorry. Should I take English 3 over summer school for less stress and the ability to keep my favorite class, or should I drop choir and just suffer through AP Lang?

TL;DR I don't know whether I should drop choir to take AP Lang or if I should just take English 3 over summer school.",non-suicide
849,Its that time of year! Where one number go up. And I have to make the other numbers go more up. So this is my lazy attempt to make number go up. And I just got a new kitten named echo but he my dog stepped on him and then he died of 'rona do now ik big sad and i felt the need to post.,non-suicide
851,"doin' your mom rn just doin' your mom, what are you guys doing rn?",non-suicide
852,"Imagine participating in No Nut November Wow cannot relate, sorry I’m gonna stay healthy smh 😎",non-suicide
854,"Final Post asking for your help for right now Once again need you to tell me which book idea is most interesting to you/what you would read.

Rule of The Strong: 

Superhumans rule entire cities and an oppressive caste system has been built. Our protagonist will try to live a normal life but it all changes when a run in with the Superhuman Police changes his forever

Twoman:

Aliens have evolved and created their own system on Earth, the ecosystems have merged and created a hellscape, and thousands of years have passed. Our protagonists will meet each other and explore two different worlds and mean the true meaning of humanity

Antarctic Kingdom:

Evolved Penguins have a secret kingdom inside Antarctica, that has operated separate from Humanity for millions of years. However, when an Antarctic expedition goes wrong, the human protagonists will see how the actions of their race impacted others and see the scars that can’t heal

The Ferryman:

There is and eternal river that runs through a parallel universe that links to locations in our universe and the parallel one. It is used a method of transportation and never ends. The story will follow The Ferryman and his travels on the river and an exploration of fear with a Man vs Nature overlay

Quantum Strain:

A man trying to fix his greatest mistake via time travel accidentally creates a bunch of time duplicates and so many of them are causing a tear to form in the fabric of space and time. This story follows one of the echoes learning about this and seeking to save the world and himself, exploring the themes of Loss, Hubris and Identity. 

118:

A story of a science experiment about the essence of life goes completely wrong when actual personifications of the Periodic Elements are created, this begins a chain reaction where other personifications of substances are created. This story follows the Personifications of Hydrogen and Hellium as they explore their brotherly bond and what life really means


Beneath The Peel:

A shadow assassin ring exsists within the food industry that injects poision into food to kill high level people, it remains hidden due to no one knowing that it exsists. When someone working in the FDA dies from eating poisoned food, the whole conspiracy is blown wide open at a time when it didn’t need to be. Join the protagonists on a tale of Lies, Double Lives and Mankind’s Hidden Hostilties. 


Progenitor:

A man wakes up stranded on an alien planet with no memories, and he looks around trying to remember. He eventually find he is not alone. This adeventure will deal with Consequences, Idenity and Isolation


Shot Heard Round The World:

An Alternate History/Histoical Fiction where Space Travel was discovered in the 1770s, leading to the World Powers discovering something new, and the colonists as their wacky adventure into space begins, they discover, life is hard. The protagonists will struggle in this world dealing with Nature that wont be tamed, their own arrogance and hubris and Parliament’s fuckery


Planet Wrath:

On a planet ruled by the wrath god where the only currency is Rage, people struggle to get along, but one day, someoe deicdes to take a leap of faith to try and make a friend. This work will show the protagonist struggling through the hurdles of friendship and standing up to social norms.


Can You Swim From Berlin to Detroit?:

Climate Change has irreversibly fucked the planet, and 98% of land is underwater, only certain cities remain to support a healthy economy and planet, so people need to know how to swim thousnands of miles. In this coming of age tale, a young swimmer will navigate challenges in his body, nature and others all while trying not to drown.


Crusade The Beach:

In this Alternate World, Gunpowder is never invented, and Swords and Bows continue to evolve with time, this rapidly changes the landscape and map of the world. In this story, characters will navigate themes of discipline, respect, religion and creativity while fighting a war similar in scale to WW2.


Planet At The End of The Universe:

On A Planet at the end of the universe lies a planet divided between Blinding Light and Empty Abyss. Factions of the natives have taken up sides in a religious war of Light Cult vs Night Cult, and our protagonist is caught in the middle of it. The protagonist deals with themes of devotion to religion, child service and who is right or wrong.


The Highest Fantasy:

Earth is suddenly turned into a High Fantasy World like all the great epic stories, but what now, survival is the instinct that kicks in for most, but for our ordinary Tabletop RPG Group, a new adventure will begin. The protagonists will explore The US East Coast while learning about Frienship, Tradition and Not letting Desire consume you.


 Warriors of Hellas

In an alternate world, a life wave had caused all the solar system planets to slightly terraform, cuasing people to live on there. In this adventure, we follow the residents of Hellas join as they join a mercenary Army to fight a war at the back end of the system. The protagonists along the way will discover the world is more then what you make of it and will deal with themes of Patriotism and Blind Faith",non-suicide
856,"I just realized something In like 5y we'll be like: bro can u belive covid was 5y ago, feel old yet?


The memes will b fire...",non-suicide
886,Over here. In this school. In this crowded hallway. There are 2 girls at the front who refuse to move and thousands of the future changers of humanity is being slowed down by them.,non-suicide
887,"h e l p I'm doing a DTA(Draw To Adopt) with Holiday designs, I already did Thanksgiving, Halloween, and Christmas. I need some more Holidays around that time, any ideas? I need at least two.",non-suicide
888,"I'm dreading college I start my first day of senior year tomorrow (it's that dumbass zoom shit not real school), and I'm really dreading college. I get really homesick so I'm going to need to come home a ton but there's only 2 schools within biking distance that I'm applying to, and one of them is super competitive, and the other based of their subreddit is full of asshole boring kids. I also don't like the idea of college culture. I'm an accepting person, but I'm the type of kid to make pretty offensive jokes, and college kids are super sensitive about that. I also don't like the vibe where your expected to be mature, like I love being a kid. I feel like college kids are too serious and mature compared to high schoolers and I don't like that. I'm not too worried about making friends, but also like I'm barely halfway through puberty so I'm gonna look mad young. I also need to play a sport to occupy myself, and sense I'm not good enough to play varsity in college, I'd have to form some sort of club sport team which is a ton of work.",non-suicide
893,"Watching myself slowly die.I'm not even sure what to do anymore.  This isn't me.  This isn't my life.  I stopped taking my meds today.  I don't want to get better anymore.  What was I even trying for to begin with?

I’m only 27 and I married the wrong man.  I don’t love him.  We are not compatible.  I tried to leave him before and start a new, but he tried to kill himself and begged to come back.  I cut off all ties but he found me anyway.  I took him back and it was the biggest mistake of my life.  Now were married.  I refuse to procreate with him.  I’m not dragging other human life into my misery.  He says he loves me and he cares, but his insecurities and esteem make it impossible for us to coexist.

His debt is following me.  They found my number.  Collectors call every day.  I answered the call one time because I did not realize that it was a collector.  My husband became extremely upset with me for answering the call.  He said that I made everything worse because they know how to contact us now.  I don’t answer my phone at all anymore.  He owes tens of thousands for student loans and he is pretending like they don’t exist.  He gets angry at me when I try to help.  I’ve given up on the subject.  It will be the ignored weight on our shoulders until the day I die.

My dog has fallen ill.  I have drained my account trying to save him, but now I am out of hope.  It breaks my heart seeing him lay on the floor not moving or eating anymore.  He is going to the vet one more time tomorrow.  Then I am taking him back to the shelter for good.

I have two cats.  I will ask a friend to watch them for a few days.  I need them to go to a good home and I will know that they will be happy with her.

I’m not even sure why I’m writing this down.  I’m not sure why I’m even posting this here.  I just needed to see it I guess.
",suicide
895,"Hmm. I can't think of a good title that isn't generic. I'll say it's a normal suicidewatch wall of text.I'll start off by saying that I am not going to kill myself.  If I know one thing about myself it is that I am terrified of dying and will do everything in my power to make sure that doesn't happen.

I'll try to be short and concise.  Walls of text are boring and honestly everyone has probably heard all of this before.

Currently: age - 26, male, live alone with dog, no friends, one psychologist/therapist, diagnosed with- depression, ADHD, anxiety, type 1 diabetes 

Backstory: 6 years college - dropped out,  many psychologists and therapists, many different diagnoses,  choleric temperament - hard to work with, upper? middle class, white, extreme guilt of not living to potential

5 years ago I broke down in college and basically stopped everything.  I hated myself and everyone.  I was angry, frustrated and sad.  As the years progressed I became more isolated.  As of now I have maybe one friend I talk to on facebook who moved away a year ago.  I have no job, I dislike speaking to my parents, and I really only go out at night when I take my dog out for a walk.  I guess I also talk to my psychologist, he is the only one I have ever not hated.

It seems that the only way to change ones predicament is to want to change.  My parents have money, I am not in jail, and I am relevantly smart.  I know depression causes a lack of motivation and all that, but it's not just that.  When I would get a job (a shitty one) I would become quickly bored.  I never last more than a month and usually I do something I'm not supposed to do before I quit - crash company's servers, make people angry at me ect.  I am told I have the potential to be smart, but then everything I do is wrong.  I basically have to have my hand held to do anything correctly and it takes me many tries to learn to do anything and I am completely bored.  

I know people with depression and other mental illnesses have a hard time seeing their life in a clear light.  There is a fog that we supposedly cannot penetrate even though we believe we can.  I believe I can and the one thing I do with all my time is research and read textbooks, articles and studies on illnesses and general philosophies.  Am I right?  I am sure I am not, though I have a really hard time trusting other people when their view differs from mine.

Anyway, I see my lack of motivation.  But it isn't because I feel like I can't do things.  I have done things, but I forget them so quickly I have to relearn them over and over.  Usually I can do something once and then I lose the motivation to do it again.  

A solution people come up with is not to get disillusioned by failure.  If you ask out one girl and get rejected then ask out 100 until someone says yes, but that isn't the problem.  The problem is I am so extremely lonely, but the girls I see I hate.  I don't want a gf, I don't want real friends and then I am stuck in this world I made of utter, complete loneliness that I don't want either, but it is a lot easier to handle.  My majors in college became boring as I was studying them, I couldn't keep going on.  I always felt like I wasn't learning well enough. I would forget what I learned the year before and feel lost even though I had ok grades.  I always felt like people were judging me so I never connected with students and eventually I would quit just like all of my jobs and the few girls who did go out with me a couple of times.  I always end everything and it seems my cutoff point is about a month.  

I feel this insane guilt of doing nothing for society and taking so many of its resources to keep me alive.  My fear of death makes it so that I am constantly trying to find the best medical help.  I worry about every pain and problem with my body.  I don't want to die, but I feel as if I am too broken to be fixed and that death is this only thing left for me.  There is this schism in me where I am cocky, independent, egotistical, unique ect and then there is this other part of me that has no confidence, needs babying, scared and obviously unoriginal.  There is no bipartisanship between any of my feelings so I can get something done and leave this horrid place.  I don't trust anyone, not even myself, but then I judge myself by everyone's advice and what I believe.  When I am alone I wish I wasn't, and when I am with company I wish I was alone.  I fear death and yet I wish for it constantly.  I wish people would do stuff for me, and when they do I become incensed that they would do such a thing.  I get a gf, a job, a school and think immediately about leaving. 

Anyone who used to care about me, I think, has long given up.  Everyone except myself and the psych who I pay loads of money to.  I think they gave up half because it was confusing and half because what I say made no sense and so I became untrustworthy.  I would have conversations where someone would suggest something and I would say I couldn't do it.  They would try to help and I would say no thanks I can do it myself.  I can see how it makes no sense and yet, I still understand how both things I said were completely true.  

Holy shit.  What a wall of text.  I can't even TL;DR it because it still feels like I missed the point. 
**TL;DR** How do I stop being a white male, privileged little bitch?",suicide
902,"I just want someone to know...I'm giving up.  

I've tried for years and years to fight through, but it's not getting any better and is getting worse.  If it wasn't bad enough to have several co-morbid mental illnesses, even my therapist admitted that my life seems to have a never ending stream of bad situations/events.

I've always had trouble making friends, but thought I had a couple I could rely on.  But I get screwed over and pushed away when I tried to open up about my depression and struggles. I can't say I blame them - I wouldn't be around myself either if I had the choice.

I won't have a job as of next week as they've had someone take over my duties...they didn't even tell me(although I knew it was coming), they just stopped putting me on the schedule.  

My bank account is in the negative and I've lost my health insurance.  I just had to move and there's no money for next month's rent, so I'm going to screw over the landlords who took a chance on me &amp; end up homeless anyways.

The only thing I want is someone who will tell me its OK to give up. To acknowledge that I have tried hard for years and years to work with my doctors and get counseling and change my life and its not getting better...it's worse.  I wish I had cancer or some other disease where death would be understandable when treatments aren't working and/or quality of life is poor.

I feel so ashamed that I'm a failure.",suicide
903,"New Suicide Date - January 31stI know you all are upset I am waiting so long but I have to. I don't have the needed supplies yet and I have some loose ends to tie up. 

Until then I have the privilege of: enjoying my life (impossible). Reliving good memories (none) or whatever else. Maybe if I meet some nice people here I can keep you company although that would require you to not hate me (unlikely)",suicide
916,"i really wish to feel happy again soon, i haven't been genuinely happy in like years i sweari really can't take living like this anymore",suicide
917,"Is there actually any hope?Everything seems pretty pointless to me, absolutely pointless. There are things in the future that I should be looking forward to, and I should be excited about them, but I'm not really. The only thing I think that actually makes me happy anymore is attention sometimes, but even then it doesn't always. I'm also, spectacularly useless, and worthless. This is not something I'm going to argue about, they are facts. I don't even know if I really want to be useful to anyone anymore, I'm pretty selfish, on top of everything. Anyway, back to the main question, is there hope? What's the lowest you've been at that you manged to get back from? Can you change who you are as person, when narcissism seems to be all that makes up your identity at this point? And if you can't, do you deserve to even live then? If you know, that you're a horrible person, and you don't or can't change, do you have the right to live? I don't know if I do. I feel like maybe I don't. ",suicide
918,"Planning on bringing a weapon to schoolJust the thought of me bringing a knife to school and stabbing myself infront of everyone, knowing that now they will know I have a problem

People only care about you when you're dead, I've realized... So kill myself I will, stabbing myself in the main foyer would solve all my problems and finally get people to notice my fucking existence",suicide
1258,"Taking my meds, doing the therapy;Yet I still cry every day, want to kill myself every day.

My work has changed hands recently, and the new team has forced us to understaff every shift, making things dangerous and stressful.

So moral is low. People are leaving, signed off on stress leave. So we become more understaffed.
Should have had 6 staff on last night.
We had 3.

I did everything alone, until the last 30minutes,  when I asked someone to help me with a 2 minutes task.
They blew up in my face and there I was, crying again.

I want to die.
I don’t want to do this all over again.
I’m all pale skin, black bags, split skin and spots.
I want to scream and punch and break myself and let everything out until I don’t exist any more.
I want to die.
I just want to die.",suicide
1260,Always check if you are mute So today I was having Zoom meeting in art. I showed one of the drawing I made and unmuted my self to tell how I made it. Once I stopped sharing my screen I forgot to mute. Sometimes I whisper when I read/write so the class was hearing whispering and we were also in the discussion of ASMR. My teacher found out it was me and I immediately muted myself and said I had to go since either way I had to eat. This taught me a lesson to always check if you are mute or not.,non-suicide
1262,"ayo we hit 135 followers ily all 


*mwah*",non-suicide
1263,"Bro remember when you would like open the door for your homie and be like ""ladies first"" 😂😂😂😳🤪😎 That shit was comedy gold at like 10 years old",non-suicide
1387,"I just wanna understand wats wrong with me.I’m 20. My whole life I got bullied for nothing. I’ve always trying help other people. I love everyone and everything. Wish luck every single stranger that I see.
I never got smile from other person.
I never got hug from other person.
I never got kiss from other person.
I never got invite to the party or something.
All what I got it’s just my dog and cat.
Why?",suicide
1388,It's timeI think it's time. I'm so lost. Hate working I have no friends crazy sick narcissistic family and no girlfriend. I hate this money system. No college no skill just a loser who wasted his youth on video games and porn. But even though I quit nothing changes. I think it's time.,suicide
1393,"One of these daysOne of these days I'm going to put my baby in my mouth and pull her trigger. I'm going to man up for the last time. Can't wait to catch that impulse, that concentrated rage, fuck all of existence. Fuck living. Fuck breathing. Life is so overrated. Why don't you smash a concrete block onto my head while you're standing there? ",suicide
1396,"I have a good lifeseeing some of the posts here, there are so many people with actual problems in life and reasons to wanna die. I feel guilty since my life is actually pretty good yet I have suicidal thoughts daily for no reason",suicide
1397,"Ive made my peaceI've made so many mistakes and have repeated these mistakes over again. I'm a failure in all aspects of my life. My life is going nowhere. I can't see a future for me. 

Tonight I took a handful of oxycodone and muscle relaxers. If I die tonight I've made my peace with this world and beyond, but if I wake tomorrow I'm not sure what to do with myself. This is my first attempt and I don't know if I can bring myself up for another, but I don't want to live anymore ",suicide
1464,"How do you convince yourself to not end it?Ive been living with depression for about 8 years now. Since I was 14. I've been suicidal off and on but these last few weeks have just been really hard, and I've just been thinking about how many people live to be grandparents while being depressed the whole time.

So my question to you is, what mindset do you have to put yourself in to make the bad thoughts go away, or what's your reason for staying? ",suicide
1465,"I want to end thisI just turned 21 and things are getting even worse. Now I've got to a point I cannot even look at others face directly when I'm in public. Ashamed of how I look and how I walk and even how my arms move every single fucking time. No friends, no hopes and dreams, no talents, why am I keep living? People I thought I was friends with, turned out to be fake and literally no one contacts me first and even I do first, they always ignore me.

I was raised by pretty averaged parents, no traumatic events or something  but I'm here, having social anxiety, BDD and depression who literally can do nothing but cooped up in home all day long and constantly thinking about how horrible human being I am.

I have literally zero self-esteem that if someone said something mean to me I don't even get pissed because I know how horrible creature I am more than anybody else. At this point, death seems the only way to get out of here.",suicide
1467,"To whoever is thinking about suicide and sees this.Even if it feels you are alone, that no one understands you, that you are so worthless to the point that the world is better off without you. Just stop. And think clearly about what you are doing. There are many people that would be sad to see you go like that. Even if you don't know that. One of your family or friends, pets, some complet stranger that you accidentally smiled to and helped them relive their stress, or even one of your fellow redditors that are kind enough to care about you. I know i do. Even though i never knew you. Knowing that a human died when i could have stopped that with a few words of encouragement would surely bring me over my breaking point. Well, just make sure to think about everyone that would love to help you before you do anything you might not live to regret. Please.",suicide
242760,"Can someone help me write my suicide note?Please. Just someone help me. I want to leave a note for my loved ones. 

I have the scarf wrapped around my neck, I just can't bring myself to tie the other end to the shower rod.",suicide
242761,"she just killed herselfholy fuck. shes gone. i cant hold her anymore. all gone. what am i going to do? i can't feel anything. the sadness hasnt hit yet,, just the initial shock. oh my god. shes really gone. my everything has just been ripped away from me like that. why did the world have to take her from me? why did she take herself from me? why did she take herself? why would she leave me? i cant do this anymore. i cant live life without her. she is my happiness. she is my world. but now shes not even here anymore. why would she do this? the weight in my chest is growing as i write this. the weight of what shes done is beginning to fall on me. how will i be able to wake up without her? oh my god.",suicide
242762,"I'm thinking about ending it rnOf all the work I've ever done in my life, I couldn't even pay for a few months worth of food out of the 18 years I've been wasting on this Earth. I can't find work, I can't make my parents happy even when I offer to help around, and I'm not even graduating this year. I've just been a nuisance to everybody, everything I've ever done has been selfish. I've been stuck in my head for the past few months.",suicide
242763,"It seems I’m in a cycleStage 1: Mostly happy, energetic, exercising regularly (lasts from a day to a week)

Stage 2: Decrease in mood, weird feelings, very hormonal (lasts from an hour to about 3 days)

Stage 3: Depressed, but not suicidal, non energetic and tired, sleeping habits worsen (anywhere from a day to weeks at a time)

Stage 4: Suicidal. Constant suicidal thoughts and tendencies. No motivation, which leads to not doing work or chores and feeling worse. 

Stage 5: basically just stage 3 again 

Then it repeats.",suicide
242764,"Wtf do I do with my life now...I really don't know where to start....

I met the girl of my dreams 2 years ago she's perfect in every way. Just over a year ago we got together, I lost my job and had to move out in Febuary of this year it'd only been six months but we decided the best option would be for me to move to Norway to live with her full time. (I stayed at hers for a few weeks prior and she stayed at mine for 2 months plus other weekend visits etc)

So I uprooted my life, loaded my vehicle with all of my posessions and literally drove for 3 days with all my remaining money etc to Norway from the UK.

Since I arrived I've been trying to get work (not easy without knowing the language, although learning that at the same time). It's been hard, I was getting money from the Uk up untill about 2 months ago which was helping. However that too stopped now.

Yesterday she sits me down and tells me it's not working out and she wants me to leave... the money stress has been difficult over the months and it's caused her to slowly start resenting me and she no longer loves me and doesn't think those feelings will come back and wants me out now so that I don't use any more money eating food etc. She's given me less than a week.

I don't blame her for this I know it's been hard and she's been super good to me it can't have been easy for her.

So I'm stuck in Norway with all my clothes, bike, pc and all my other stuff (about a small vans worth) with no money, nowhere to go, completely depressed and devastated that the woman I love more than anything has basically thrown me away. I don't know anyone here apart from her relatives. Even if I somehow manage to sell all my posessions fast then I'll be flying back to the Uk to homelessness and joblessness...

I have nothing and noone wtf do id do, Don't wish to sound emo but all I can think in my brain is that the easiest solution is just to overdose and take the easy way out. 
",suicide
242765,"Me losing in every single game I play suggest that I have no luck in life so what's the point of being alive if I must suffer?I play a lot of mobile online games and I am on a losing streak on every one of them, like clash royale, duel links, fortnite etc. This streak has been going on for days now and I had a thought. With this sheer amount of bad luck that I have, even in real life with no friends, whats the point living?",suicide
242767,Does anybody wanna text or something Im bored as hell. BRUH BRUH BRUH Blinding lights by The Weeknd BRUH,non-suicide
242768,day 2 of doing dumb shit until i get a gf who's into femboys and is hopefully a dom day 2: continuing this post lmao. hope you all have a wonderful day!,non-suicide
242769,"Beep bap doom bad bam bap, bad boom bad bam pap Badabada bee bup boom badam bap

Bab boob badam bap",non-suicide
242770,A masterpiece by thiccc [Masterpiece](https://www.reddit.com/user/MegaThiccc/comments/lwb12p/mods/?utm_medium=android_app&amp;utm_source=share),non-suicide
242776,"I feel like I've lost all the reasons that kept me holding onI have a history of clinical depression that I've learned to manage pretty well. In 2010 I had a REALLY bad low and the only reasons I held on were my dog and my mom. My dog has since died (old age) and I've moved out of my mom's house and she does fine without me. After that I got back on track and was doing really wonderfully until about a month ago. I've just completely sunk and haven't been able to cope due to stress and other factors. I'm in a relationship that's usually great, but now I just feel alone in it. He can go out and have a great time when I'm at home completely falling apart, so I can't help but think he'd be better off without me. I don't have a lot of other friends, the ones I do have aren't very close. I always end up isolating myself because of this. I've fallen so behind with school because I've been so incredibly depressed this week and I have one more day to do a ludicrous amount of work. I don't think I really want to kill myself, but I just need a reason to hang on and for someone to listen to me, even if it's just reading this post. It hurts so badly to know how isolated I am and how I'll be like this for the rest of my life. I'm scared to go back on medication because I won't be able to afford healthcare when I lose my coverage soon. Things just really suck and I feel so alone. Is anyone out there?",suicide
242777,"I think that there's no way possible that being alive is worth a trywhat difference does it even make? I don't care about what people would feel if I die. it does not make sense. For me, when people say that is important that I stay alive its bollocks

like for real, which life am I supposed to live when I fucking struggle since the day I was born? I enjoy NOTHING
and for what? minimum wage, rent, pandemics and violence. ans FUCKING jeff bezos

Im so done I cant even cry anymore",suicide
242778,"I Don't Know What I'm Doing AnymoreI feel like no matter how much I try I wont be enough or worth it for anyone I care about in my life. Time and time again I'm either replaced or forgotten about, or just simply don't measure up to what people want. And it's leaving me with this feeling of what's the point, the world would be a better place without a leach like me in it.",suicide
242779,"Eh, does it really matter.Thought I (M/25) might as well post, so here I am. Been having fantasies about suicide for the last several weeks and I feel so damn good when I have them. I haven't been seriously suicidal since I was 13, but I remember how good it felt to think about it then. The only reason I didn't end it when I was younger was the fact I didn't want my mother to suffer. I haven't seen my mother for years and she is usually on meth, so she doesn't contact me at all. It might be out of guilt or something else entirely, I have no clue. The point is, I see no reason why I shouldn't end it. I have terrible guilt all the time and my body is fucking up and won't get better (herneated disc for the last 5 months and not the first time). I refuse to have to rely on others. I would rather die, literally. I also have gotten out of a relationship recently, where I had been drinking one night(recently started) and I had told her, during a very intense conversation, that I had been molested and physically abused by a female baby sitter, which is why I hate physical contact from most people such as hugging, particularly from behind. Baby sitter would beat me and throw me around when I refused to take off my cloths, which she took off for me. I also had told her that I had seen my younger brothers raped by my older cousin(he was 14 at the time) when I was 6 and how I felt like I had failed them by not saying or doing anything. I really regret saying anything to her about this. I feel very vulnerable about this and along with me slowly becoming a useless cripple, I really feel like dieing is the easiest and most pleasant way out. I haven't even gone into the fact that both of my brothers are meth addicts and robb others to get their fix. I have tried helping them get past their addictions and have failed them with that too. I don't think I can do anything to help any of my family and feel like my ex thinks less of me because of my confession(about my brothers, not my molestation). I would like to apologize for any errors, spelling or otherwise. I have been drinking and don't really care to correct anything. Sometimes saying sorry is just easier than doing things the right way.

Update: Gave my job two weeks notice thr other day. I'm going to make my final desicion at the end of the month. I think that is a reasonable amount of time to make my choice without being too hasty or emotional about it. ",suicide
242781,"I feel like everyone i bothered to care about ends up abandoning me.When I care about someone, I try to do my best to make them happy or always be there for them. I never carry any hidden motives or demand anything in return. But sooner or later they always end up ditching me one way or another. And they never really give a proper reason. Like yes, the people I run into tend be bipolar to some degree. But something would happen in their personal life and somehow it puts them in the mood to drop our friendship. 

I try to look in retrospect. Was I creepy? Clingy?  Rude? Inattentive? But I just don't get it.",suicide
242782,"I want to kill myself and I'm pretty sure I deserve it.Firstly, sorry for the long post. 

OK so I am now 22 and the problem with me is that I have absolutely no reason to be depressed. I have two successful parents who have given everything I need; a good education, a nice home and best of all they've taken me to places most people would be lucky to go to.

I've hiked Kilimanjaro, I've been skydiving, Bungee jumped off the highest commercial bungee jump in the world, swam on the edge of Victoria falls, ridden elephants, petted cheetahs and plenty more. I also have great friends from my school days who I am still somewhat in touch with.

Everything went wrong when I graduated high school and started University. Suddenly I knew no one in classes 200 people strong, I was living completely alone for the first time ever and I couldn't handle the responsibility. I know that pretty much everyone experiences this leaving of the comfort zone, but, pathetically, I couldn't handle it. It didn't take long for me to start missing lectures and then entire days, instead staying in where I knew no one could see me and playing games all day, always saying, I'll go in tomorrow and I'll make it up, no matter how hard it is I'll make it up.

Days became weeks and I knew that I fucked up, I couldn't possibly make it up anymore. I lied to everyone, my best friend, my parents, my brother. This is the first time I'm telling anyone the whole truth.

Eventually when exams came around I was caught in my lies and but instead of telling the truth I lied again. I said I had tried my hardest but the course was just too hard and I really wasn't enjoying it. My family, who paid my university fees, believed me and allowed me to change my course, though I would have to start from the beginning again next year, meaning I had half a year to find a job, a simple job so that my parents knew I wasn't wasting my time. I never got one, just played more and more games.

When I started my second course which my family was again paying for, I really did want to try and succeed, and I still believe that if I really tried I could've done really well. But then I started smoking weed, and I fell into the ""tomorrow I''l make it up"" trap again. Only this time when I knew it was too late I became more careful with my lies. 2 entire years later and my everyone I know believes I'm doing really well at Uni, I haven't attended a lecture in 1 and a half years.

And now after telling everyone how I've just finished my second year in my degree, the lies I've told are starting to fall apart again. My mum has been trying very hard to get me a job for the work experience required for my degree that I've lied about. She'd find me companies and I'd tell her I'd email and call them, but I never did.

But then she had one of her friends ask her boss to see if I could be accommodated at their company and they said yes. So now I have to go to a job to whom I've lied about my accomplishments and I just can't do it.

I know that my deception will soon be discovered and I don't want to be around when it is. That is how much of a selfish coward I am,  I'd rather kill myself and traumatise my family and friends than face them when they learn what a piece of shit I am. Which is why I don't think I'm actually depressed, just ashamed.

The worst thing about everything is that i know that even if by some miracle I was forgiven I would just do the same thing again and again. And I think in the long run my constant lying would hurt the people I love more than my suicide.

To be honest, the reason I'm writing all this now is because I just want people to know the truth before I try it, and maybe for people to agree with me in what I'm doing.",suicide
242784,I cant handle this bullshit anymoreI am so fucking stressed out from my parents putting pressure on me for school work that i dont understand and i cant fucking handle it I know only 2 or 3 people are gonna read and actually give a shit about me but I want to be able to fucking relax and not have my parents on my fucking case all goddamn day so i wanna fucking end it all just to be at peace for once.,suicide
242785,"Had to put off my suicide, feeling extra lostI was totally set to finally end it. Saw my family for the first time in a while, saw my old good friends for the first time in a while, had good holidays for once, I was totally ready. Feeling good for the first time in months. Note written, method planned, day picked- everything. And then something happened, and my SO had to lean on me, and I had to put it off. Now I just feel even more lost and like I don't know what to do. I haven't done anything that I should have (bills, school, other adult stuff) because I wasn't going to need it done. I have even more anxiety thinking about what's going to happen when my vacation ends. I think about school starting again, having to step through those doors, and I just feel so completely miserable and hopeless and like total shit.

Just needed to throw this out into the void.",suicide
242789,"going from talking to someone 24/7 for the past year and a bit to not talking at all fucking sucks i dont think i had gone a day in nearly 15 months where i didnt talk to her, and now i havent talked to her in four days cause we broke up. im so fucking lonely, everythings so quiet. theres no more laughter on our facetime calls and no more game nights. 

i sent her a message tonight, then unsent it before she could see it. she’s asleep anyway. i watched her snap story again, she seems to be having a good time. she’s busy, doing a lot of stuff, smiling.

i havent smiled since a week ago. damn. 

fuck breakups. fuck you for breaking up with me because you didnt try hard enough. the whole point of a relationship is to fucking commit, and you didnt. at the first sign of losing the spark, you break up with me. well fuck you. 


ew im sorry ignore this im just fucking sobbing at 2am and have literally no friends to talk to",non-suicide
242790,I just fucked up I just sent a 9/11 meme in a teams meeting for school,non-suicide
242791,"I'm Old and Tired of LivingHi.  I am 36.  I had a good life.  But it all started heading south about 2.5 years ago.  I worked in construction and made a good living.  (When I say good living I made a mid 5 figure salary).  I wasn't wealthy by any stretch. But I was providing for my wife and 4 kids well.   But then the bottom fell out of the construction market.  I was laid off. I found myself working odd jobs until I found my next job.  I was lucky enough to find another job after only 3 months.  2 months after I was hired I was laid off yet again.  Anyway to make a really long story short, I have been marginally employed for the last 2 and a half years and I'm struggling to make ends meet.  Right now I am working 70+ hours a week at a shit 100% commission sales job that I totally suck at.  I never see my wife and kiddos or any of my friends.  I feel anxious, depressed and alone.  For the past few weeks suicide has crossed my mind just about every day.  The thought of leaving my family behind is really what is stopping me at this point.  I am not sure where to go for help.  Everyone that I talk to says to ""just stay positive"" or ""hang in there"".  Help.  I cannot escape this feeling absolute helplessness and doom.",suicide
242792,"I don't want to die, but there is no reason to live.I don't want to be suicidal. I don't want to die. I want to find things to live for. But there isn't anything. No matter how hard I look I can't find a single reason that I should stay. I have a couple things that need to be cleaned up, but after they are finished... there isn't anything that I can find to keep me going. 
It is so sad. I used to think that I could keep pushing and going, but there was something to live for back then. Ups and downs suck but when you know there is something on the other side, it isn't so bad. But why keep climbing the mountains and scraping myself on the valleys when there isn't anything on the other side? I just can't see the point. There isn't anything that could make me happy, and there isn't even anything that could hurt me anymore. Everything that could hurt has already happened - nothing matters enough for me to even care now.

I don't want to do this, but I just can't find a real reason not to. There is no one left for me, and no one who will notice much that I am gone. A short span of physical pain doesn't seem so bad.

",suicide
242793,"After reading a lot of posts from this subreddit for quite some time I'm starting to feel selfish, yet I don't really care.Hi. I'm nineteen and I've been having very real thoughts about my suicide since the age of ten.

I really am not sure where it all started from but whenever things went very wrong in my life I feel better by thinking ""It's fine, I'll die soon anyway"" but it's going to be another 5 and a half years until I do so.

It's not like I've even lived a hard life. I had my problems with my father all my life but in the past year it has been solved. My family is loving enough and I'm very, very lucky when compared to some other humans on this world. But I still feel like I have no ambition or goals to do anything. I have very low lows and seemingly no highs. More often than not I'm in a sort of ""middle ground"" where I'm not having a bad day but I'm far from having a decent one.


Right now I'm laid off and I'm spending a lot of time playing video games again. I've always had this dream to be a professional gamer at a certain game but the chances of that happening even if I possessed the skills necessary are low. Other than that, I have nothing I really want to do in life. I don't want to work, I don't want to go to school, I don't want to go to bars and drink with friends, hell I don't even like alcohol (19 is the legal drinking age in Canada). 

None of my friends or family knows that I'm planning my suicide at the age of 25. No one even knows how saddened I am about the globe running beneath me. 

I feel like a statistic. An underwhelming, underachieving, uneducated child. I'm ignorant to the world around me and I don't care.

Since I was around 10, I would pretend I was a singer or actor in a movie or song for the brief moment of watching or listening it just so I can bathe in some positive attention and feel like I've done something I can be proud of. I just finished watching this dumb movie on Netflix called ""Take the 10"" for the tenth time. It's not even a good movie I just really like one of the main characters and I can see myself in that role. Not that I can act. I can't. It's just that I can relate and be appealed by this role. I do this so often. I've re-watched several shows. Breaking Bad, Drake &amp; Josh, Dexter, The 100, Brooklyn 99, Travellers, Sense 8, Hemlock Grove, Lethal Weapon, iZombie and many many more. Just because there is one actor that I really like and I pretend I am that person. 

I don't know if that last part was relevant, but it's something I've never said in words or aloud and it's also strange. So, maybe there's some connection with what I feel about my path in life and this hobby of mine. I really rather watch bad movies and shows over and over than watch something new. One of the turn-ons of me watching a show is googling an actor in that series or movie that I can pretend to be, lol.

Yeah, not sure why I wrote all of this here. Sorry if this isn't the correct subreddit. I just really had a lot on my mind currently and I wanted to put it into words. I really hope to talk to some people about it. Cheers.",suicide
242804,"Most people on here are 12 year olds I mean isnt it true, every 12 year old on reddit is like 

""Let me join r/teenagers even tho I'm not 13 so I feel cool.amd hip and older

I have no problem with that, cause most 12 year olds who have reddit arent the cringy 12 year olds",non-suicide
242805,"I wish I had the ability to ‍ ‍ ‍ ‍ ‍ ‍ ‍ ‍ ‍ ‍ ‍ ‍ ‍ ‍ ‍ ‍ ‍ ‍ ‍ ‍ ‍ ‍ ‍ ‍ ‍ ‍ ‍ ‍ ‍ ‍ ‍ ‍ ‍ ‍ ‍ ‍ ‍ ‍ ‍ ‍ ‍ ‍ ‍ ‍ ‍ ‍ ‍ ‍ ‍ ‍ ‍ ‍ ‍ ‍ ‍ ‍ ‍ ‍ ‍ ‍ ‍ ‍ ‍ ‍ ‍ ‍ ‍ ‍ ‍ ‍ ‍ ‍ ‍ ‍ ‍ ‍ ‍ ‍ ‍ ‍ ‍ ‍ ‍ ‍ ‍ ‍ ‍ ‍ ‍ ‍ ‍ ‍ ‍ ‍ ‍ ‍ ‍ ‍ ‍ ‍ ‍ ‍ ‍ ‍ ‍ ‍ ‍ ‍ ‍ ‍ ‍ ‍ ‍ ‍

‍ ‍ ‍ ‍ ‍ ‍ ‍ ‍ ‍ ‍ ‍ ‍ ‍ ‍ ‍ ‍ ‍ ‍ ‍ ‍ ‍ ‍ ‍ ‍ ‍ ‍ ‍ ‍ ‍ ‍ ‍ ‍ ‍ ‍ ‍ ‍ ‍ ‍ ‍ ‍ ‍ ‍ ‍ ‍ ‍ ‍ ‍ ‍ ‍ ‍ ‍ ‍ ‍ ‍ ‍ ‍ ‍ ‍ ‍ ‍ ‍ ‍ ‍ ‍ ‍ ‍ ‍ ‍ ‍ ‍ ‍ ‍ ‍ ‍ ‍ ‍ ‍ ‍ ‍ ‍ ‍ ‍ ‍ ‍ ‍ ‍ ‍ ‍ ‍ ‍ ‍ ‍ ‍ ‍ ‍ ‍ ‍ ‍ ‍ ‍ ‍ ‍ ‍ ‍ ‍ ‍ ‍ ‍ ‍ ‍ ‍ ‍ ‍ ‍",non-suicide
242806,Poople &gt; People I have come to the realization that poople is a much better word than people. This post is to inform you that humanity will be come to be known as poople and that a single poople is to be referred to as a poorson. Thank you and hope you have a good day.,non-suicide
242829,Man sometimes I hate other Highschoolers Yesterday one of my classmates online called the teacher a stupid ass b*%^h w*^%e because she wouldn’t post the final assignment early. He promptly got kicked out as the class stared in disbelief. She posted the assignment this afternoon.,non-suicide
242830,I'm so cold my blankets are thin. How do I insulate this sleepless cocoon I find myself in.,non-suicide
242831,Ngl for you I'd violate my restriction order that prohibits me get 100m near an underage Don't ask how did I get it just remember that I love you 🥰,non-suicide
242835,"Okay, but how did we all forget about Mega Thicc? Haha",non-suicide
242836,Money got longer Speaker got louder,non-suicide
242844,The pedos are punching the air rn cus it’s still text post weekend Rip in peace to the selfie trend 😩 gonna miss all the pedos,non-suicide
242845,my mom messed with the wifi and now its not working now i cant do my school work or my zoom class👍,non-suicide
242847,So my friend of 2 years asked me out a few days ago And I'm on cloud f*ckin 9 about it.,non-suicide
242848,"Song of the day GOSHA by $NOT I found it like yesterday and it’s perfect for vibing and fits in with other types of music

_This is an official announcement, fuck your opinion_",non-suicide
242849,"I could use a little bit of love and encouragement right now Tl;dr girl of my dreams likes me then one day doesn’t, not really handling it well.  I do not care if you read I just could really use some love from you guys


I don’t really have any in person friends I can talk to about this stuff.  Story starts with this girl.  Let’s call her “Jill”.  Jill lives in Europe and I live in NA, so we’re very far from one another physically.  However, mentally we are very similar and as she used to say we “vibe on the same frequency.”  Jill began liking me in late July this year (we talked a lot back then and given Covid, the distance didn’t really seem too bad due to not being really able to see one another if she were closer anyway) and I began liking her not long after.  None of us really knew about the others thoughts till one day she started dropping hint after hint and I finally caught on.  Everything seemed to make perfect sense after that point, and man “Jill” is one in seven billion.  She’s like everything I want in a person times ten (except for location unfortunately) and everything she does puts the biggest smile on my face.  She’s the only person I know period that *thinks* the same way I do.  I think deeply about the world and resent the shallowness of pop culture—a rare viewpoint where I’m from—and so did she.  She had plans on coming to NA for uni in 2021 and we both got very excited for that.  Then things changed a couple weeks later.  I can pinpoint the day.  The inside jokes and the cutesy-dutesy stuff kind of faded away to nothing over the course of the next few weeks and now here we are.  I saw it coming a mile away, but Jill messaged me this morning saying she “doesn’t want to give me false hope” and I lost it, avoided even opening it till now.  Things were looking up then came a few weeks of me in denial and this was the nail on the coffin.  

I knew it was coming, but it still shocked me to see it and really, really hurt.  She’s different.  I’ve dated a couple people before but things didn’t click, really, then fate introduces me (we met on r/teenagers!) to the girl of my dreams who lives right thousand miles away.  Man I would do anything to hop on a plane and bring her flowers and just make her so happy, but it’s too late for that probably.  Oh well...


Sorry guys just needed to get that off my chest and you guys here are the only friends that don’t interrupt me or push me to the back of the group.  Love you all",non-suicide
242851,I hated being a boy So I became a girl! 💙💗🤍💗💙,non-suicide
242852,have you ever been restrained i have and its the worst thing ever when you have multiple people on top of you holding your arms and legs,non-suicide
242853,"Do you have any good tactics for bedwars? I've never won a game and I'd like to try improve and practice is ineffective because I only know my stupid way of playing

why tf am i always downvoted for asking questions",non-suicide
242870,"No one will understand....Sorry the strong language. No one ever fuking understands! I want help I fuking cried out but my parents gives no fuks! they think I'm crazy.... they think I wont kill myself soon, my mom says she's reach the point where she doesn't care anymore, my fuking step dad looks at me let shit behind my back. I'm sick of been around them now. I was planning on just enjoying the rest of this year an ending it on new years but seems the plans gonna change. I just want to fuking escape this shit hole an my ass of a life, from what I can see things will be better without me around. For my birthday on November the 5th I cracked, like I heard the voices saying end it!! I cried so much and tried to just take it in but my little sister came in and found me then my parents came in. They showed some comparison....well just for that moment then back to the same fuking shit. Lol no matter what I say they'll NEVER UNDERSTAND the thing is I fuking tried to talk with them but oh well. You know what I dont feel so sad about it anymore, it's like I'm comfortable with dying now lol it's like I'm anticipating it as if it's some kind of big event for me lol sigh. I'll write them a nice note before I leave so they'll fuking understand this is not a game and the pain is very fuking real!! waste of fuking time. I'll gladly sit in hell if that's real! If I could of ran away from this place I would've but i got no where to go. My only option left is taking my life, might just drink some fuking poison, hang myself or buy a gun from someone an open my fuking skull.... honestly either way I'll be dead so yea fuk this world an every person that thinks people that has any form of depression is crazy, I hate them all!! NO ONE FUKING GETS IT!! I'm done fighting myself lol I officially give up. Anyways, I'm out guys....honestly wish we could of lived in a better world.",suicide
242871,"I'm stuck in the same cycle...Forewarning: long rant ahead. 

I've been suicidal and depressed for as long as I can remember. My childhood was shit. I was molested and raped for years. My parents were neglectful and abusive to me and my sister. I somehow graduate high school without killing myself (though I attempted multiple times) but I wish I didn't. 

I thought that once I got to college I could start over. I told myself I'd turn over a new leaf. I moved out. Focused on school and studying a subject I was passionate about. Got into a research program and got paid to do research (which is huge as an undergrad). It all worked for a while but then the same thing happened all over again...

I got overwhelmed, depressed. I have basically no friends or support. I feel so alone. 

This summer I lost all motivation. I got so depressed I couldn't get out of bed. I felt so overwhelmed with all my responsibilities (leading a research lab, attending classes for the undergrad research program, volunteering, etc.) and I just shut down. I ended up getting kicked out of the program because I stopped showing up. I stopped responding to emails from my research professor who's most likely not going to write me a letter of rec for grad school anymore. 

And I'm just... so tired. I want to succeed, I really fucking do. I tried so hard to pick myself up and do better, but the cycle always repeats. I fall apart, fuck up my life, deal with the consequences, start over. 

But I'm tired of starting over. I just want this to be over. The only thing keeping me alive is the idea that my boyfriend would be devastated but idk how long that's going to keep me. I just want to die so badly. I don't want to do this anymore.",suicide
242892,"Seriously: things haven’t really gotten better.If things did get better, I would’ve destroyed all those letters I wrote for my family and friends after the funeral. Do I really matter or am I just another source of income/tax break for this planet?",suicide
242893,"What are my optionsI don't know. Long story short: Im only seventeen years old, and my first love of two years left me. Im left feeling awful. I have an anxiety problem, and its not helping.

I cant eat. I havent had anything in the last 24 hours. I cant sleep. I take sleeping pills to get to sleep but end up waking up in the middle of the night, and then im up all night. My anxiety has been acting up and panic attacks have become more frequent. Ultimately I think I want to die. My question is what do I do?

This has made me come out to my parents about my anxiety and there very supportive and took me to the doctor straight away. She just gave me some numbers to schedule an appointment with a psychologist, but my insurance isnt great and the only place I can get into isnt until june 27.

My point is, I know I have an anxiety problem. I don't think im depressed. Depression is long term right? Its over everything. I was happy. But now she left me, and im left feeling suicidal. Im suicidal but dont think I qualify for depression. How do I go about handling this? I really just want some type of medication. For my anxiety and id like anti depresents, but im not depressed am I?
This is the first real pain ive ever felt and its unbearable. How do i deal with it?

Longer story: She left me because she wants to find herself. Shes going off to college a year before me, and wants to grow. She says this relationship doesnt allow her to do that, and that shes lost feelings. This completely blind sided me and I wasnt ready for it. I know its all reasonable and nothing new, but I need her. Shes the only real friend I have in my life, and everything seems pointless without her. All i can think about is her living her life with someone else.

I know this may be written off as teenage ignorance. I dont know what im talking about. Everyone goes through this. I know that I love her though, and I know that I wont meet anyone better. I will get over it. In a year maybe two, but ill just have to settle for someone worse. Thats not really getting over her though is it? Ill never forget her, and Ill never meet anyone that I can love more than her. I know shes the greatest thing I will ever have in my life, and its gone. More teenager drama though right? Im not good enough for her, and it hurts more than I imagined possible. I want to die. Yea sure, it may get better over time, but It cant be worth going through this. I dont want to live a life without her.

Its been a week and everyday only gets harder as reality hits me. I want to die. How do I deal with this?",suicide
242895,"They're going to get off easy and it isn't fairI'll get straight to the point and save a more detailed post for another time... Anyways, I can't kill myself because I know the damage it would cause my family who has done nothing wrong, but that means everyone who has mistreated me and left me in the dirt will never see how much pain they caused me because the only time people give a shit is if someone commits suicide. How am I supposed to live with this? Every single part of me wants to be gone, but the world doesn't accept death like I would, I'm not afraid (except for the actual process of dying). Why does it have to be so sad for people? Isn't it selfish to want to keep someone alive even though they're suffering just because it would make your life a little more difficult? Why is life mandatory? I didn't choose to be here! Why is it that people can say that an old person dying of a sickness is ""finally free from suffering"", but if a 20 year old guy with a sick brain kills himself its tragic? Why can't I have control over my existence or lack there of? One more question for the ""it gets better"" crowd, if life is so fucking great, why do so many people want the heck out of it? I understand no one has these answers, guess I'm just wondering if anyone has thought on these questions and came up with something to make it just not matter for a while, or at least until I finally die.",suicide
242896,"If Fix-It Felix can fix anything,... Can he fix my broken heart?",non-suicide
242897,Thank u anime filter for making me a cute skinny boy for once 😭 Thank u anime filter for making me a cute skinny boy for once 😭,non-suicide
242898,"I'm making a song. What do you guys think about the overall flow? [https://soundcloud.com/jojo5\_music/my-song/s-hHXcdzOu8cX](https://soundcloud.com/jojo5_music/my-song/s-hHXcdzOu8cX)

(It's not done yet)",non-suicide
242900,dang well guess im a weeb now 😐 it all started with the promised neverland and now i can't stop. not complaining tho cause anime is rad asf. anyways time to go simp for satoru :)))))),non-suicide
242902,Looking for people to talk to Please be cool imma gamer so yea that’s pretty epic I’m also pretty athletic so there that too,non-suicide
242908,"I got called a piece a shit and a mistake repeatedly by my dad.I dad forced me to do maths that are 5 years above my grade level. My dad called me a piece of shit because I didn't know what do, apparently he thinks it is easy. My dad never forces my sister to do anything and even if she fails she has no consequences. I am hanging on to life on a thread a little more and I will just KMS. I feel abandoned. My parents think I am too focus on gaming, but the truth is I game because no one will judge as much as people in real life would do. I am never happy, and bullied in school, my favorite people in the world are my teachers, because they would actually treat me as a human being. What could I do to live a better life?",suicide
242909,"I won't commit it but I can't lie, I really wanna dieI will keep on living and stuff but whenever something happens to my body (can't breathe well, a sudden tingling in an arm) I feel a bit happy because it makes me think that I might be dying soon, only to feel a bit disappointed when I realize that this I was just having asthma symptoms or that the tingling was because I leaned too hard on my arm.",suicide
242910,Someone please helpThe girl that is preganant with my child and who i love just told me that we need to be friends. . . She told me that shes dragging me down and that we can only be friends. I dont want to live without my child in my life. . . . I dont want to live every day knowing someone else is being the father to my child. . . .,suicide
242912,The problem isn’t other people it’s meThat’s why I hate myself the most and it’s a flickering thought all the time,suicide
242913,"It's my right to say I'm done with life.I don't want or need to talk about my problems, all anyone needs to know is that I tried, I fought hard and brave, but I lost, I don't want to feel like this anymore.

I'm 24 hours into VSED once again (basically suicide by dehydration) and I'm hoping to actually keep it up until I die this time.",suicide
242916,If a vaccine for covid 19 is created in the next 2 years I will eat a raw potato. I don't think a vaccine will come out in the next few years. Hold me to this.,non-suicide
242918,"Help needed for Research Topics Hi. I am 15m living in Singapore. My school requires me along with 3 others to do a Scientific Research project which it will fully fund.

 Can somebody give me any ideas, piece of advice, inspiration, currently researched topics or even where to find any of these so that I can get started?

I would appreciate any help I can get. Thanks so much as I am really lost.",non-suicide
242920,Why do we condemn eugenics? It stops the *ahem* unfavorables from breeding,non-suicide
242921,Don’t you love it when your pc suddenly dies out of nowhere? Oh and it’s a school night too.,non-suicide
242924,"Today I (18 M) fucked up Today the following dialogue between a girl and I happened at university:

""Goodbye, **my name**

Goodbye, Julia""

Her name turned out to be Sirine. And there isn't anybody called Julia in class.",non-suicide
242925,Currently dying because I can't breathe when I lay on my side Wyd ​​​​​ ​​​​​​ ​​​​​​ ​​​​​​​​ ​​​​​​​​​​​​​​​​​​​​ ​​​ ​​​​​ ​​​​​​​ ​​​,non-suicide
253453,"I'm not hereI'm at a point where everything feels like its just a simulation, like everything's fake and my actual body is in a vat of goo somewhere, or its just a brain in a jar or some shit like that. I just can't seem to find a point to keep existing like this, because if I'm not real and the world around me isn't real then it doesn't matter who would be hurt by my death because when my simulation ends so does everything that was in it, meaning there's no one left to be sad because they weren't real to begin with. and to be honest the option of just ending it sounds more and more appealing the longer it goes on like this. I got released from the psych ward after two weeks I've been out for about a month now and its been hell. I hate this existence, but that's nothing new. so much shit has happened though, they changed my diagnosis again, my boyfriend and I lost our apartment while I was in the hospital, I had to move back in with my parents and now its back to how it was in high school where I'm getting screamed and sworn at over trivial things, my job fired me because I was in the hospital for too long so I'm completely broke and I can't seem to get anyone to call me back from applications, school is overwhelming and it feels utterly pointless and I can't find it in me to give a damn, even though in theory I'm passionate about what I want to do after college it just all feels so disconnected like its never going to actually happen and I'm just never going to be enough to get there. but i still just keep coming back to that none of this is actually real and I'm just living in like the shittiest spin off of the matrix where instead of cool fight scenes and messiah imagery its just the universe fucking me over every time I start to get it together. what ever it is, it doesn't matter. because the bottom line of it is that regardless of if all of this is real or not is that what i'm diagnosed with isn't going to go away. bipolar disorder doesn't go away, it doesn't work like that, I'm stuck with this fucked up unreliable broken brain for how ever long the rest of this existence is. and I can reduce the chance of it getting worse and i can reduce the episodes but there's never a way to know for sure that it'll go away for any length of time, adhd doesn't go away either, and people don't take it seriously, because its ""just an over-diagnosed or better yet made up illness that only effects elementary school boys with behavior problems."" and I'm just so sick of doctors just fucking constantly changing my diagnosis or adding more on to it.  It's been so many different things from adjustment disorder, to add, to adhd, to depression, then to bipolar, then schizo-affective disorder, and back to bipolar, then add in ptsd. like fuck. just stop with the names, they clearly don't solve anything. I don't give a damn what you want to call it, it doesn't matter. this whole year has been like watching the worlds most frustrating movie because i just don't feel real, and my choices don't feel real and I'm just watching this dumb bitch ruin everything that i set up when i was in control, and i cant fucking do anything about it. i don't know, it just feels like all my choices are pre-made and I'm just fucking some stupid point and click game where the out come is all ready decided, and the more i point and click the more it looks like the inevitable ending is me offing myself. its the only logical ending. i just don't see this turning around, it hasn't in almost 22 years why would it start now? i don't know why i'm just waiting to do it. maybe there's a part of me that desperately  wants to be proven wrong, that wants to be shown that even if this isn't real maybe there's a reason worth living for in this bullshit. but the more time passes that desire dwindles, and I'm starting to think that just nopeing out of this sounds like a better option.",suicide
253454,"did bad this semesteri'm a bit drunk, so sorry if this is barely readable.

so, i think i did pretty poorly this semester in school. i stayed in a major i hated, dropped one of my classes because i have social anxiety and that class required me to interview three people. i lost my only two friends in school cause, frankly, they weren't that great friends to begin with. one was a massive passive aggressive bitch, and the other doesn't seem to give a shit about anything and is quite dense. that was really mean, but i don't hate them or anything. they're not bad people, we are just at different points in our lives, or so i thought. i haven't been doing so great in the classes im still taking. i have a b in one, but the others i may get c's in which sucks for my gpa. also, i've been feeling like i've been invisible lately. all of the aquiantences i have made this year are ignoring me. they only speak to my boyfriend. that's cause he actually talks to them though. speaking of my boyfriend, he has been pretty wonderful. i've been more than a fucking handful, and he has stuck with me. he is so supportive and tries to help me whenever im feeling down. i feel like i've been treating him so bad though. idk. he says i havent been breaking down emotionally lately, but i feel like i've still been whiney and bitchy. idk. i don't feel like i've improved, and i doubt i will in the future. im tired of waking up and feeling like i've failed everyday. i just want to be freee. idk. my boyfriend shouldn't have the burden of a crazy ass girfriend. he doesn't deserve it. he is too good for that. i love him so much, but i feel like he'd be happier with someone who has their shit together. idk. im gonna stop here so i can study for finals that im gonna take so i don't screw myself over too much in case i decide i still wanna be alive lol. idk if anyone is gonna read this. oh well.",suicide
253456,"i wanna diehey guys, im kinda down

i like a girl. but her friend which is a girl likes her too.

im afriad that this dyke will steal the girl from me 

i also fail grade 8 twice

my IT teacher was fired and stole all of the computers from the lab

i have a crush on jarred 

what should i do?",suicide
253457,I’m killing myselfI’m killing myself I’m killing myself I’m killing myself I’m killing myself I’m killing myself I’m killing myself I’m killing myself I’m killing myself I’m killing myself I’m killing myself I’m killing myself I’m killing myself I’m killing myself I’m killing myself I’m killing myself I’m killing myself I’m killing myself I’m killing myself I’m killing myself I’m killing myself I’m killing myself I’m killing myself I’m killing myself I’m killing myself I’m killing myself I’m killing myself I’m killing myself I’m killing myself I’m killing myself I’m killing myself I’m killing myself I’m killing myself I’m killing myself I’m killing myself I’m killing myself I’m killing myself I’m killing myself I’m killing myself I’m killing myself I’m killing myself I’m killing myself I’m killing myself I’m killing myself I’m killing myself I’m killing myself I’m killing myself I’m killing myself I’m killing myself I’m killing myself I’m killing myself I’m killing myself I’m killing myself I’m killing myself I’m killing myself I’m killing myself I’m killing myself I’m killing myself I’m killing myself I’m killing myself I’m killing myself I’m killing myself I’m killing myself I’m killing myself I’m killing myself I’m killing myself I’m killing myself I’m killing myself I’m killing myself I’m killing myself I’m killing myself I’m killing myself I’m killing myself I’m killing myself I’m killing myself I’m killing myself I’m killing myself I’m killing myself I’m killing myself I’m killing myself I’m killing myself I’m killing myself I’m killing myself I’m killing myself I’m killing myself I’m killing myself I’m killing myself I’m killing myself I’m killing myself I’m killing myself I’m killing myself I’m killing myself I’m killing myself I’m killing myself I’m killing myself I’m killing myself I’m killing myself I’m killing myself I’m killing myself I’m killing myself I’m killing myself I’m killing myself I’m killing myself I’m killing myself I’m killing myself I’m killing myself I’m killing myself I’m killing myself I’m killing myself I’m killing myself I’m killing myself I’m killing myself I’m killing myself I’m killing myself I’m killing myself I’m killing myself I’m killing myself I’m killing myself I’m killing myself I’m killing myself I’m killing myself I’m killing myself I’m killing myself I’m killing myself I’m killing myself Im killing myself I’m killing myself I’m killing myself I’m killing myself I’m killing myself I’m killing myself I’m killing myself I’m killing myself I’m killing myself I’m killing myself I’m killing myself I’m killin myself I’m killing myself I’m killing myself I’m killing myself I’m killing myself I’m killing myself I’m killing myself I’m killing myself I’m killing myself,suicide
253461,"Why shouldn’t I off myself?Why shouldn’t I?

That’s the question I’ve been pondering the last few days, and honestly, I really don’t see a reason why not.

Do I think people around me would be better off if I died? No, I’d absolutely leave a lot of pain behind.

My reasons are simply because of my own suffering, the literal Hell that is my life.

I’ve reached out for help, I’ve done therapy, I’m on meds.

Simply put, I’m 31yrs old and really should’ve offed myself a couple years ago.

I suffer from severe depression, anxiety, and constant dissociative derealization episodes on a constant basis.

I live by myself. I have no friends, and haven’t for about 10yrs, and have never been in a serious relationship.

I’m unloveable (in a romantic sense), I’m broken, and I’m pretty positive at this point I can’t be fixed. I’ve really really tried.

I don’t have the energy, literally physically do not have the energy at this point in my life to go out and meet people or try and form friendships. I really wish I did, honestly, but it just puts me into a dissociative state that physically drains me.

I’m the emotional sponge for a lot of people. I’m known as the ‘at work therapist’ (their words) for a lot of my coworkers at my job.

I’ve been the emotional sponge for a lot of people in my life. That’s what my relationships are usually like, people using me cause I’m empathetic and good at listening, and honestly I don’t want to do that anymore. I mostly don’t seek friends cause I don’t have the energy to be that kinda friend full time. 

Again, I wish I did, but when no one really listens to your own shit, or dismisses it, you tend to start putting up walls.

Paying to see a therapist once a week doesn’t really help.

I have nothing to live for, and besides the emotional pain I’ve lived through on a daily basis, it’s started manifesting physically where trudging through is getting really really tiring.

All I ever hear is “it gets better!”

When? Where? How does it fucking get better when my entire adult life has been nothing but bullshit after bullshit.

Climbing a mountain when you think you’ve reached the peak, but once up you see a whole other fucking hill to climb.

I actually really like who I am as a person, but rejection after rejection, and being so fucking broken inside to the point that it’s impossible for me to have one fucking normal human relationship, has left me beyond loneliness. I was lonely years ago, I’ve transcended that at this point.

I’m in a pit much deeper than just mere ‘loneliness’

I’m fucking done. I’m too weird, or too damaged, or too something to ever have any level of a healthy normal life.

I’ve been told by some people that I’m one of the funniest people they’ve met. I play music and have been told I’m super talented. I’ve been told I have a great personality, though kinda weird. I’ve been told I’m empathetic and understanding. I’ve been told too many fucking times that I’m a “great guy!”

You know what being a great guy gets you?

Adult virginity, social isolation, and fantasies about hanging myself.

This world was really not meant for me.

I’m through. I just need to get my affairs in order. I really don’t see any reason why I should keep going.

It’s a selfish fucking decision that’s going to piss a lot of people off, but I really don’t want to keep on going just not to hurt others. That’s about the dumbest reason to keep on going for and it’s the only reason not do it.",suicide
253467,I cant do this anymoreI'm 16 years d and in my last year of highschool. I haven't had a girlfriend or lost my virginity yet and that makes me feel super pathetic. I'm 5'8 and obese and I wish I could just starve myself away. My aspiration is to become a singer but everyday I feel farther and farther away from that. I just don't know if there is reason to go on anymore,suicide
253469,"I am contemplating suicide!I am trying to determine the best effective way to do this. I Googled “Suicide”. I saw some pictures. There was one picture of a guy with a rope. Are people normally high or drunk before they commit suicide? I want to die, but I need to be out of my mind first.",suicide
253470,"Recommend me a song and I’ll rate it I’m bored and want music to listen to while I do math. I’m not a fan of rap and I hate metal btw. Thanks!


(All ratings are just my opinion idk if I can actually judge a song since like music is subjective and shit)",non-suicide
253471,if you dont like pumpkin spice flavored things you really need to evolve im sorry but who tf in their right mind doesn't like pumpkin spice,non-suicide
253479,"Welp a girl in my class just complained that her parents her are buying her a worth only 17.5k I was sitting in class in the break reading some manga (grand blue for anyone who's interested, it's probably the best comedy manga to every exist btw), and one of the girls in my class started talking with a friend of mine about her parents buying her a car, and that she wants some volkswagen which costs like 35k but her mother offered her one only for 17.5k, ""but she doesn't like it"", worth mentioning, that was after she ""gave up"" the idea of a 50k Audi. She then went on a rant about how she deserves it because she does a lot for her family. I didn't even know how to respond, neither did the other couple kids in class, I would never dream of asking my parents for a car, not to mention bitch about not getting the one I want or ask for one double or triple the cost of the one they offered me (not even taking price of insurance and maintenance into consideration, which will be significantly more expensive taking the price difference into consideration)",non-suicide
253480,"If I ever do a suicid e charge, put me in the list of survivors. So to confuse everyone. And tell me wife that she's my wife, cause I'm single.... just find me one",non-suicide
253481,Is it normal To sleep at 4-6am and wake up 12 hours later?,non-suicide
253482,"I have Officially been sober for 1 whole year! Since the start of middle school, I got close with a few classmates and gained a few bad habits along the way. It got to the point where we started drinking twice a week especially during a school night(that's usually expected when you're taking an engineering track from where I am) I once got so wasted that I puked 5 times in one night. But, even then I still kept drinking. Then I started joining my cousins whenever they were drinking as well. 

Then I realized that I've just hit the lowest point in my life (so far). 

I quit drinking. 

I never really liked to drink. I thought it would make me numb or feel at ease, but really, it just gave me anxiety. 

After getting invited by my cousins hundreds of times to drink with them for a year and rejecting them every single time, I've finally gotten through 1 whole year without a single drop of alcohol in my system! 

I've adopted a high-protein diet, started working out 3-6 times a week, gained about 10kg (22lbs) of muscle mass since(I was really weak and skinny back then), started drawing/doing art frequently again, started conversing and socializing with my family and some neighbours more (cuz I'm a bit socially-inept and introverted,) and felt a little more confident about telling my close friends about my bisexuality and non-belief (which was a little hard for me especially when you live in a country where 99.9% are religious, so being a bisexual atheist here is a little bit frowned upon.) 

tl;dr: I was an avid drinker, then I stopped cuz I didn't like it and did my best to turn my life around and feeling better ever since! 

A bit more context: Legal drinking age in my country is 18 but is rarely practiced and regulated. In almost every street corner, there's a store that sells you booze regardless of how old you are, sometimes you'd even see cops offering minors a drink. Culturally speaking, I guess drunk minors are tolerated since they usually didn't pose a threat to anyone not even to themselves and they usually drink around adult family members.",non-suicide
253484,I am gonna change. That's it. I've had enough .I am changing myself . No more procrastination . No more porn . I'll do what's good for my mind and body . What's positive for them and I am not gonna waste my energy in useless things . Have a good day ya all,non-suicide
253552,"Mental illness job seekers blogI'm worried this might violate the subreddit content, if so I apologize.

I  was wondering if anyone would appreciate a blog that help job seekers  with mental illness find work opportunities that accommodate their particular difficulties.

I have an opportunity to write creatively as part of my current role and wanted  to do something close to my heart and meaningful to the community.

I understand that many members of those communities I'm seeking advice  from do not regard their conditions as an illness which I respect. Apologies for any offense.",suicide
253553,"Update: still wanna die. Still have no friends. Still hate my life. Atleast I can say I tried. I posted here about 2 months ago, and I still can't handle waking up in the morning to my shitty life with a shitty family and no friends and no future. I'm literally about to be homeless which is pretty much the end for me. So I guess I can say I gave it a try, not everyone can succeed, right? ",suicide
253556,"They took my medication away.The thing is, I still have the same problems. Depression, anxiety, pain. They wonder why I act out. The reason is that every night is a battle to sleep, every day is a fight with pain and anxiety. They know I'm a big wimp. That I'm afraid of pain. I have one way left that may work, but all I really want is for someone to notice me and take me seriously. How do I do that? They all think I'm some sort of big drug abuser now. I stopped eating for 2 weeks, and no one noticed. The shrink made it seem like it was all my fault. Please, just notice me...",suicide
253557,"I give upThe only person I feel love towards won’t even speak to me. Won’t even tell me why. I’m tired of suffering. Anytime I become happy everything just shits on me, worse than before. I can’t take it anymore. I almost downed pills yesterday. But today... I haven’t taken my meds I need to keep me alive. Maybe I’ll go into a coma so the family I have will be happy I’m at least alive. But I just can’t take it. The only thing that has been keeping me here are my dogs because I don’t want to leave them. But I’m just a burden to everyone. I’m better off dead.",suicide
253562,"Turning 15 on the 15th That’s pretty weird. Anyways, how is everything going for you guys?",non-suicide
253563,"I got my crush's number! After two months of talking to her over ig, I finally got her number! Also, if you're debating over whether to take a chance or not with that person you like, do it you pussy! You never know how far a simple ""hey"" can get you.",non-suicide
253566,My house just caught on fire Something blew up and there is a shit ton of smoke,non-suicide
253571,"Hey I have something to say. Have a good day! and keep gaming! =)

 (Or whatever your hobby is.)",non-suicide
253572,Every girl is getting hotter at an accelerated rate It’s only day fucking 2 bruh how am I gonna make it,non-suicide
253574,"2020 May have been a sucky year for everyone but here’s my top 5 highlights of it. 1. I got my first girlfriend in August and we’re still together now. 

2. I got my dog a few days after that, and she’s super hyper and I love her so much.

3. I got my first kiss in December.

4. I finally got my first pieces of music artist merchandise.

5. I got my first butterfly knife trainer so I can learn a new skill through this year.

Also Happy New Years every one! Hopefully 2021 is gonna be better and make up for last year.",non-suicide
253577,Ya boy just got his job permit. Now I get to work minimum wage for the rest of my life! Yay.,non-suicide
253578,Im challenging myself to have a girlfriend by valentines next year its not gonna happen,non-suicide
253580,"My dog saved my life. Looking back on it, I wish he was still here.3 years ago I was wildly depressed, distancing myself from friends, family, everything. One day, in the summer(excuse the illusivness but any memory past 2 years for me is faded and blurred) I decided I had enough and sent to the garage to grable my father's old rifle. I cant even begin to explain what I was thinking at that time but whatever it was it was better than being alive. Only thing that has me typing here today is the fact that my dog must have overheard the crying coming from the garage. No barking no scratching at the door, somehow, some way, my dog opened the door(circle door handle, not somthing a chocolate lab should be able to open). He just came up to me lying on the garage floor crying and layed down on top if me. A year later, that dogs end came, he had a good run tho, made it to 15. I woke up one day and gathered my snowboarding shit and as I was about to leave, I overheard some panting. The second he saw me walk into the room, the panting turned into full on heaving, and I instantly knew it was his time. I just sat their with him in my arms. The dog I grew up with, he was as old as I was. From birth to death, always there. The one being on this planet that saved my life has been gone for so long now. I'll never forget the name. Only thing is, I've felt different since then. 3 years, but different.",suicide
253582,"21, U.S male. Psychological damage, social isolation, intense suicidal thoughts.I just turned 21 and I'm pretty much ready to go. 

My entire life has just been torture. I was physically abused at school and at home. It was bad at home. I was neglected severely. I was hit so many times. So many broken phones. I have been strangled and stabbed. I was bullied relentlessly, even teachers did it. I spent my time playing video games. My mom got addicted to drugs and OD'd and died in front of me when I was 16. I stayed in an abusive relationship from 16-20. The girl destroyed me completely. I have never fit in. I am alienated. My mind is wildly distorted. I have no connection to anyone or anything. No friends. No interests or desires. Anxiety, anger, terror, flashbacks, insomnia, depression, nightmares, self-loathing. Daily suicidal thoughts.

I remember one time I did something very benign and my brother threw a basketball at my head while my dad watched and screamed ""I hate my fucking life"" and stormed off. That was Father's Day.

I am ready to go. No more of this. I don't want these thoughts. They will not go away. I will never be normal. I'm a robot.

I've literally written dozens of suicide notes and I just need to do it already... just wasting time. This is hell on Earth. I need to figure out how to just do it.",suicide
253584,Just want to go now.I can't take it anymore. Want it to end.,suicide
253585,"I have no value to anyone.My family makes me feel alienated. I don't feel like part of the family, I feel like some guy that just lives here. My father is a drug addict who only cares about fueling his addiction, my mother is deceased and I have to live with my immediate relatives. 

I've been suicidally depressed for years, and no one takes me seriously. I've been called pathetic, selfish, lazy, you name it. I came out as suicidal because I trusted them with my feelings and they got upset and called me selfish. 

I just wish I was born into a normal family, with normal, supportive parents. God I wanna be dead so bad. 

I've never been able to get any kind of mental help because no one takes me seriously. So for about 5 years now It's just been festering inside me. I used to have a job, but I have a disability that makes standing all day *incredibly* painful, so I ended up quitting. I need help so badly and they don't care. They even threatened to have me thrown into a hospital if I continued talking about it. 

Can't someone just end my misery, please?",suicide
253602,Hey do you want to talk Im bored and need people to talk with,non-suicide
253604,Biggest L The biggest L of the week goes to Conor mcgregor,non-suicide
253616,Anyone else think... They don’t deserve to live?,non-suicide
253618,"Welp fuck me I guess My school is a k-8 and I just wanna day that the elementary school music teacher is kinda hot, I’m stuck in his room for “playing early” in 7th grade band",non-suicide
253619,Oh Shit Oh Fuck It’s three hours until NNN starts and Idk how I’m gonna do this,non-suicide
253620,"I don't know who I am anymore.When I was a child, I was fucking brave. I used to just say what was on my mind and then not care if I was judged. I used to speak about my interests and not care if people thought they were weird and a waste of time. I spoke to everyone. I loved being social. I couldn't think of anything more valuable than happiness and being alive. 

Now, I'm a shell. I spend most my free time crying and looking back. I am AWARE that I should look forward and create a better future. I can't. I wish I was dead. Every time I think i'm making an improvement in my life, everything falls apart and I don't understand what the point is. I wear masks with people and I'm afraid that one day, I'll be exposed as a fraud and a failure. 

I'm sorry. It just really hurts at the minute.",suicide
253621,Really wish there was an easy way outPure nitrogen in a tank and gas mask istoo much for me. Help,suicide
253622,please just tell me not to die I’ll take anythingI just need to know someone’s there. I don’t want to die I have a lot of people in my life who love and care about me but my brain won’t stop telling me to kill myself just someone please help me my brain won’t  shut up,suicide
253631,Time to chastise people older than me Because fuck them they don't do shit,non-suicide
253632,Anyone know about lucid dreams? Cause I wanna try it sometime and I wanna know what it's like,non-suicide
253635,"To all the people on this sub who comment under posts or make their own posts to say ""No one cares what you did this or whatever"" no one asked for your take on the matter either Idk who these people are, or what they think they are. Half of them are not even teenagers for god's sake and are just horny lurkers. I don't think anyone needs to prove that this is one of the most stressful parts of growing up. Teenage years are not easy, as explained by many psychologists and experts not only on this sub, but several others as well. Now I don't want to play the victim card but i'm just saying that we do have our own share of issues that even if you can't understand or sympathize with, are pretty important to us. If you do not wish to read about it, no one forced you to. Ignore the post. If you think it's too much, just leave the sub too.

Just as an example, one of the most common type of these posts is getting into a relationship. Yes, I agree that almost every 3rd post is somewhat like this only. But just think for a second. Why would these people be sharing this with random people? Because they don't have anyone else to express their feelings to without judgement. So if you can't be happy for them, just leave them alone. Don't be a butthurt.

Another trend on this sub is when people break free of their self harming habits and/or smoking/vaping etc. Yes, a lot of people encourage them to keep going and honestly, it helps a lot. But then comes along some asshole and comments ""No OnE cArEs"". Just, please, leave them alone. 

I don't care if this gets downvoted but I seriously wanted this message to be put through because no one was coming forward to say it.",non-suicide
253645,The best thing ever just happened I found a good song from an artist I've never seen before so I check his other songs and they're just as good. TLDR: I'm gonna try the lottery,non-suicide
253646,dm me if u wanna talk uses private messages instead of the chat fearure if u can cuz it doesn’t work with 3rd party apps,non-suicide
253672,"I'm having a dark thought i wanted to share. and need help with.First of all i don't feel like life ows me anything. Or anyone else for that matter. I am struggling with thought of ending my own life. I am so unhappy and i constant emotional pain. Life just hurts. Too much. 
I dont know where to start, i feel like i am standing on the sidelines and life is passing me by. Life is full of things i want but can't have. I hate myself an i hate my life. A thought hit me today a realisation. I just can't go on like this. I am seriously thinking if things are like this six months from now i have no hope. Things wont get better. I'll jump in front of a train or something. It scares me, i might one day get so depressed ill kill myself. I don't want to die but what's the point? Whats the point in living this life. Seeing things i want, no, need. And not being able to get them. Not being able to give them myself. Never being good enough, never being chosen. seeing how other do have it. Hating myself, hating my life. Hurting always.",suicide
253673,"I am afraid my Brother (he is 18)Will Kill Himself and/or others.My Brother has had severe depression for 3 years. He only comes out of his room to eat TV dinners once a day or go to the Bathroom. The only exception is When he goes to a Charter School twice a week. His grades were once good they are now failing. He has dropped all his Hobbies. Over the past few months he has begun breaking treasured possions and random it's in his room. He locks the door and smashes things for hours refusing to open even I'd a pound and scream outside the door. He refused to stop punching the wall and eventually had to be taken to the emergency room for a broken hand. He contantly says there is no future for him and that he is going to kill himself. He also talks about killing my mother because she spanked him, screamed at him, and poured soup in his mouth as a form of punishment  (when he was little). My mother refuses to aknowledge anything she did was abusive. We both still live with our parents. I am a 21 year old unemployed college student. I am trying to get a job I have applied for 5 jobs this week. I have no other family, friends or financial resources. My parents and brother refuse professional help. I live in constant fear that one day when I knock on his door and he refuses to answer it will be because he killed himself. What do I do?",suicide
253674,"Suicide hotline won’t work. This is my last resort.I’ve been trying to call the hotline since 4am but it seems like they’re offline. Which they also announced on their site that due to the current situation it might affect the operations of the hotline. In my previous post, I mentioned not being able to visit my psychiatrist for 6 months due to financial problems. Pro-bono and alternative medication is also very limited where I live. At this point I feel like giving up, I’m mentally and physically exhausted and I want to rest.",suicide
253675,"I have a method that will be peacefulI’ve finally found a method that looks to be peaceful and relatively cheap, and it makes use of my knowledge in chemistry that ive learned in college. I’ve decided I’ll chill until the rest of my money is used up, and then I’ll go listening to beautiful music on a sunny day.",suicide
253676,"It feels like the cyclone just keeps getting bigger and bigger..Everyday feels like the same day, some days I don't even know if I've slept.. Every week is the same, I struggle to get out of bed, and tell myself I can just get through one more day...But lately its been a struggle to just tell myself to stay alive for one more day.. I'm 23 years old, I dropped out of highschool.. I work 70-85 hour weeks at a dead end just over minimum wage job.. and it just keeps piling up. 
this week, I'm probably going to lose my car, and my house.. I Have no money, i have no way to get out of this shit job, i can't even afford to put food on the table 90% of the month... I'm stuck and I just feel like I cant get out. I want help so bad, but I just can't find a way out.. I just want something I can survive off of, something where I can live my life.. I'm not asking this world for a huge job, I'm not asking for something outstanding, I understand I did this to myself, but something to survive....I can't even do it...
",suicide
253677,"downside to committing suicide:now I have to find foster homes for my pets because my family likes to physically abuse animals, and I actually care for my pets.",suicide
253679,"i dont want to kill myself but i want to dieis it that i dont have the courage of doing it? is it that i dont want it that much? i have a good life, but i just dont like being alive, i dont have lots of friends but i dont feel the need of more, i have a gf that love mes, a family, but there is not a day that i dont think of dying and how i would like someone to shoot me or to crash his car against mine, am i just someone with the need of attention from others? sometimes i think i just got used of being sad and theres something inside of me that like it.. sorry for my bad english",suicide
253680,"Is this all that life can offer?Hello Suicidewatch, I need your help. As I'm typing this on my phone, I'm sitting on the floor of my bathroom with a bottle of pills, debating on finishing the job today and leaving this world. 

I've not had the best life. One thing after another, from an abusive father, suicide thoughts since I was 12 ( I'm 20 now), and the never ending mountain of despair that I deal with in everyday life and work are starting to weigh down on my life at this moment. I have no one else to turn to. My best friend and roommate won't listen when I speak to him about my depression. His philosophy is things around me can always get better, so suck it up. 

Where it so easy. You know I think about the positive things in my life. I really, really do. But once the positive runs out, the bad rushes in. Bad memories from childhood, the death of a friend, the lose of a loved one. It all is just too much. I'm tired of dealing with these problems. It's been damn near 9 years that I've been dealing with these demons. And friends I think they are about to win. 

So, I came here in desperation. Just talk to me. Ask me what I do. What I'm in college for. My likes. My hates. Talking really helps keep my mind off things. 

I need the distraction right now.

Edit: I guess I should go ahead and mention for clarification: I'm a Male, 20 years old, and living in the southern United States.  ",suicide
253681,"I’ve set a date and method.November 16th. 

Seven days after my 22nd birthday. I’ve found out that helium tanks are very easy to acquire. I just need to figure out how to get the perfect set up so I don’t waste $100, in the event that it doesn’t work out. ",suicide
253682,SuicideI just want to get away. This world doesn’t stop nor does the pain. I wish there was no one in this house. I want to bleed out right now. All I feel is anger. Therapy is useless to a person who knows they’re worthless.,suicide
253688,Anybody have the tree cat meme? I can't find it anywhere and i need it rn,non-suicide
253689,I constantly feel a mix of frustration and emptiness and i don't even know why i'm feeling like this???,non-suicide
253690,Songs That defie Gen-Z I am doing a school project where we have to pick 3 songs that defie Gen-Z. What are some CLEAN song recommendations.,non-suicide
253699,"[17F] hello, anyone down for some banter? Hi, 
I love talking to and meeting new people so feel free to HMU (no one under 16 please). 

I enjoy hiking, singing, annoying my sister, studying, playing sports, memes, Netflix, anime and a bunch of other stuff too. 

I may need you to end the conversation tho. I’m looking forward to making some new friends and maybe more ;)",non-suicide
253700,Guys I got a huge problem I named my cock “problem” 😎,non-suicide
253701,"Hello, do you want to feel less lonely? We have a server and we need you, yes you. Pm me for a link, also say „frog sent me”, please I really need this. 15+ LGBT friendly",non-suicide
253708,"I'm going to kill myself next month.I have been diagnosed with schizophrenia, depression, dyslexia and nobody has tried to help me, I've tried to fix my life and get on the right path but I don't see the point in continuing what am I ever going to accomplish? I'm a worthless wreak.

I can't even form a proper sentence, thats how worthless I am.

I'm going to smoke a few cigs then I'll shoot myself in the head, I'll spend the day in melbourne then I'll kill myself at a hotel. some might consider this selfish, but my family never cared about me anyway.

I'm not posting this for sympathy, I just want to get my story out there.

(sorry about my spelling/grammer)",suicide
253709,"What should i be doingSomeone i love so much someone who promised to be with me forever someday, get married and live happily is pushing me away and it hurts so badly. they say they need to find themselves. but everyday a future relationship dies more and more. I dont want to be that guy who begs someone to come back so im trying so hard to be supportive and maybe getting emotional is just greedy of me. She was the only reason i wanted to live. I was thinking about working and saving up just to be with her and it made my life feel alot more meaning and i was so fucking happy. now without her it kinda feels like nothing is worth living for but her. and one day she was about to remove me from her life completely and i just couldnt stop shaking it was like in flash of a second my body lost all its weight and i felt a strong pain in my heart. no doubt i would of killed myself that night ig this love is keeping me alive. maybe i should stay forever as a friend but not being able to express my love hurts so badly. but the fear of her leaving / finding someone else has been haunting me. i dont think id want to live if either of those happened and it seems like that could be the case one day",suicide
253711,"Moar updates, and  a thank youSup /r/sw. Just wanted to say that I feel a bit better today. I realize that in certain situations, I tend to blow things out of proportion, in my head. There are certain things that people do that trigger me, and when that happens if I don't stop myself I can end up spiraling pretty badly. I realized in my last therapy session that often my reactions to things are more because I am triggered and less because of the actual thing that was said or done.

Anyway, I've been posting a lot lately, and I've gotten some really kind responses from people, so I also wanted to say thank you. I may not be very good at accepting help in the moment, but believe me that doesn't mean I don't appreciate it. 

*edited cuz i fail grammars*",suicide
253712,"my best friend has expressed her interest in suicide to me and i have encouraged her to get professional help but she takes her mental health as a joke. i don’t know what to do.my best friend of 10 years confides in me about a lot of her problems... and mid year she started expressing her interest in suicide to me.
of course i let her vent to me all the time,
however i started to get extremely worried when she told me she started harming and i noticed scars. i encouraged and still encourage her to seek professional help but she denies she needs it,  and just turns it all into a joke. for example, i’ll be explaining the importance of mental well-being and she’ll either change the subject completely or just laugh at it. she won’t take anyone seriously and i have no idea what to do.",suicide
253713,"Does it really get better?Ive been thinking about killing myself for the past couple days, Ive thought about it before but it was never this bad. Over these past three years i’ve lost so many friends, and never got any others, after awhile of thinking its just something that happens, I’ve come to realize that it was me, and i cant understand what it is about me that keeps driving people away. I feel like i barely know myself and each day i understand my intentions and motivations less and less. At school i seem to be avoided by most people and my current friends and i aren’t super close. Its getting lonelier everyday. I don’t think it’d make much of a difference if i died besides from my life at home. The only people i really count on are my family, and thats the worst part of it, the fact that it will devastate them if i decide to kill myself is probably the only thing keeping me. I have a great family, i have a roof over my head, yet the thought keeps coming back to me.  I feel selfish and weak for wanting to do this, since i don’t have it as bad as others. Im only in middle school so i guess i haven’t lived long enough to see the truth or something, but i just really want to know if its true that things get better, and that it isn’t just something that people say. I don’t have the heart to ever tell my family this, because they will be confused and sad and i especially don’t want that to happen so close to the holidays, but i just don’t think i can wait that long and i feel so hopeless. Thank you for reading if you did.",suicide
253715,"waitingSince the age of about 15/16 (22 now) I have been suffering with depression and anxiety, at first it was no an issue, I always go over it but as time has gone on it has only gotten worse.

During this time I have almost completely isolated myself from everyone in my family, except for my dad who I live with (I'd be on the street or dead already if it weren't for him letting me stay), what few friends I had going through school I have completely lost touch with. Now my anxiety is so bad that I can't face people I don't already know for more than a few minutes at a time.

I can admit that I have always been *really* lazy, taking forever to get things done and sometimes neglecting them altogether but now I can't even push myself to do anything. Even playing games on my PC, they quickly become old and unenjoyable, some people might say I'm growing out of them but these games are my only escape from life. The few activities I have I've lost interest in completely, sometimes I tell myself I'm going to do it and then fail to do so, I don't know why.

Now, I stay at home, unemployed and in my room, alone, watching random TV-series to pass the time until I finally get the courage and the means to end my life. I feel like I have no one close to me, my dad has given me so much and looked out for me for so long I'm surprised he hasn't kicked me out yet, but I still can't tell him how I feel and I know killing myself wouldn't do him any good. It makes me wish I could just evaporate and make it as if I never existed. 

I'm not posting this as a plea for help, nothing anyone here will say can make a difference too me, I just wanted to right this down. ",suicide
253721,"I normally don't reach outI feel strange doing this, because I normally don't ask for help from anybody. But if someone could PM me and just... talk, about anything, that'd help me a lot right now, because I'm in a terrible place.",suicide
253723,"My suicidal ideations have been morphing into me actually considering killing myselfI don’t want to go into the spiel about why I’m depressed, but basically I’m lonely and nobody cares about me, I have no future, etc. 

I’ve fantasized about killing myself for a while now. It’s always been on and off, but for the last month it’s the only thing on my mind. Recently, as in the past few days, my suicidal ideations have started to worsen. I was on my way home when the sudden intrusive thought of me jumping in front of a bus popped in my head. At that moment, I realized that I did not fear death. I felt a complete wash of numbness overtake me. I haven’t been able to stop thinking about it since. 

All day, everyday, just “bus, bus, bus, bus. It would be so easy to walk along the highway and wait for a city bus. Jump. Bus. Neck snap, ribs crush.” and I don’t know how to feel about this all. A very small part of me thinks about how there’s no going back, how I would almost certainly be crushed. That rational part of me always kept me from hurting myself but it’s almost completely gone. The urge to step in front of that bus is overpowering, I feel it in my bones. I’ve never experienced numbness until now. I don’t know what to do, my thoughts are racing. ",suicide
253736,Just had a lil idea If the *end* of the world is made in china it will fail just when you get used to it.,non-suicide
253737,"so like anyone else back when they were younger found filthy frank kinda attractive like not when he was pink guy but when he broke character but then u gradually also started finding papa franku weirdly attractive 

but george miller hits different in the best way 

and ofc there’s joji who is also *chef’s kiss*",non-suicide
253744,"Nothing's changed, it's still the same.I tried working on myself for around a year now. Eating better, going to the gym, dressing better. But, nothing's changed. I know that it's stupid to think that these are instant cures for depression but my desperation keeps growing. I hope that they'd at least help me feel better. Nope. I still stay home all day and never leave my bed. I still cry myself to sleep almost every night. Nobody still wants to hang out with me. I feel like I can't control my outcome anymore. I'm always at the mercy of others. And the excruciating loneliness hurts. It burns a hole in my chest everytime I go out and see other people having fun with their friends and going on dates. I can't deal with this pain for much longer. Everything weighs me down and my legs are so close to crumbling. I'm so close to giving up. I don't want to do this to my parents bc they worked to hard for me, yet it feels like I have no choice. I don't know how much longer I can keep going, but I'd probably estimate about a week before I lose it all. I just want it to stop hurting (i know it sounds cliche).",suicide
253748,"If you read this mom, you are one of the reasons why I killed myself.If you read this one day or if you find my phone by my fucking corpse YOU are one the reasons why I did it.

I was sick of constant screaming by you, you threating to send me to that orphanage again, That left be with fucking childhood traumas.

I'm sick of you poking me constantly even when I was overly sensitive to people touching me. Even after saying many times that you should stop that. But you wouldn't listen ofc.

You are one of the reasons why I started cutting myself.

You. Are. One. Of. The. Reasons. Why. I. Killed. Myself.


And don't let me even get started about that fucking sister of mine.",suicide
253750,"Failed attempt - I need help with finding purpose in lifeHello. First of all sorry for my English, I'm from Brazil.
I've lived with depression since a teenager, I go to a psychiatrist and a therapist but I'm in a crisis for 5 months now. 

My medication was changed, I got even worse and 3 Weeks ago I attempted and failed suicide. My parents and sister were devastated. Everything changed so far. When I see motivational stuff like ""you should be proud that you didn't give up"" I feel so bad because one day I gave up. 

Now my medication is changed again and I feel more stable, and I've been going to the therapist twice a week, but it's hard confronting that. 

I just need to find some purpose in life that I can accomplish by myself. What I really want to do is to find someone special to share life, have a family, but I've been alone for 6 years now with few dating since my ex fiancee broke up with me weeks before our wedding. I still have my wedding dress, I have no strength to deal with it, like selling etc. I keep procrastinating. 

I still think about suicide and I want it to stop. The last two days I spent in bed. I just want to be the type of person that will go step by step like grooming my dogs, taking care of my succulents, having a good shower but sometimes it won't happen and I have so much to do. 

I'm in sick leave from work right now but still I have adult stuff to do like paying the bills and I'm not doing that. 

Please help. I need to find pleasure in life again. Not for a few days or hours but life needs to make sense for me.

Edited typo",suicide
253752,"I feel like I'm drowningI just got rejected after my fourth job interview. I've been searching and unemployed for a month. Stuck in a house with emotionally abusive and controlling parents. Desperate to make some money and leave, but I can't.

I dont know what I even want out of life anymore. I have no aspirations, and my self confidence is completely shot. I have no friends either, never have, never will. I really dont want to kill myself because I am too scared. I also think I still love my parents and my brother (who constantly berates me and blames me for arguing with my parents, instead of being completely obedient like him) and dont think I can do this to them by taking my own life. But the longer I live, the more I see no way out of this pain. 

I sometimes think I was just meant to eventually do it, cuz I am a waste of effort and resources on my parents. Maybe I'm too stupid to realize that yet.
Anyways thank you all for listening",suicide
253770,"What kind of reading do you have at your school? TLDR: Do you have forced reading at your school? How long do you get for a single book? Is there types of books you can't read? Do you have to do advanced analysis of characters, plot, literary devices, etc? How much do you enjoy reading? 


So at my school (in the Netherlands) our Dutch teachers are always going off about the literacy level dropping compared to other European countries. The obvious cause behind this seems that we are at the very bottom of the list comparing reading enjoyment across European countries so I'm wondering why that could be.

At my school if you want to have time for your hobbies and homework, you'll pretty much only have time for the books you have to read for school so that's why I'm only taking those into consideration.

I got to thinking why I myself don't enjoy the reading we do for class and narrowed it down to a few things. We can only choose from a list of books that were originally written in Dutch and have a certain reading level and they always have to stand out from the other books you've read. That pretty much already means I don't give a crap about the book and I'm just picking it for an arbitrary requirement.

Secondly I'm always put off from reading it at all because the time we get to read it is so short and I'd rather just look up an online summary and get the same amount of information.

And then lastly, we always get assigned to look for literary devices or certain character properties and it turns into more of a search for that certain thing than a genuine reading of the book.

So I want to compare other people's experiences with mine and see if I can draw any conclusions from that.",non-suicide
253771,"I hate MrBeast I hate MrBeast

Well I don’t hate him. I just find him rather annoying. He used to make funny videos. Like the Worst Intros on YouTube series. But now his videos aren’t even entertaining. I’m not the type of guy to complain to MrBeast about him being greedy and manipulative. I just think his videos are shit. It’s like watching deal or no deal. Watching other people get money is not entertaining. And his fan base is shit. On his last video some guy got 100k likes for saying “finally an idea Morgz can’t copy because he has no friends.” It’s like mocking a children’s show. His youtube is for children so stop acting like you are all high and mighty. I don’t know man I just wish his videos would go away. So do you guys agree with me on this?",non-suicide
253773,"I am drunk, asks me anything Just ask me anything",non-suicide
253793,"HelpI really do need help right now.

I just sat through a screaming match for 20 minutes between my manager and boss.

My nerves are shot.
I want to cry.",suicide
253794,"is suicide worth itii dont really wanna get into all my problems but i just dont feel like life is worth living any more, the usual i guess. im 17, i live in turkey, and ive felt like this for a few years. ive had anger issues since i was a kid and ive just been scared for a few years that i might kill myself during an anger attack or something. recently though ive been thinking of suicide in a more calm, methodic kind of way and im just really scared right now because i dont know if i want to die yet?? like fuck yeah my life is meaningless, and the meaning i try to give it doesnt seem genuine and i dont think ill ever be happy in modern society. i just wanted to ask if suicide is worth it, obviously most of you guys will say nooo dont kill yourself theres so much to live for but whats the point. nothing changes if i live or die, maybe my cat would miss me and my family would be sad and friends would be clueless actually no one would know why i did it but i just dont feel like i have the strength on me to keep on living. do i seek professional ""help""? i dont know what to do im scared of death but i feel like death would be better than living the rest ofmy life",suicide
253795,"I survivedI survived, just to face another hardship when I actually can get away from financial difficulties, what the catch? Real hardship doesn't even equates with the reward, this is life, this is reality and some damn people have the urge to save me., fuxk them,  This time after some careful planning it will be a bullet to the head clean and simple.. ",suicide
253797,it might take some friends and a warmer shirt but you don't get thick skin without getting burnt,non-suicide
253798,"I was at a place called circle music and some crazy guy was there. We were there to get my 4th string on my guitar fixed and I was showing my mom all the cool electric ones  they have and some guy was walking through the store saying hes seen God before. He walked up to me and said ""I've seen God before. Ain't that cool?"" He said that to everybody there including me and my mom. He then just walked out like nothing happened",non-suicide
253799,homophobes should die i don't care who u are if ure homophobe or lgbtphobe in general you deserve ✨death penalty✨ /ns (not sarcasm),non-suicide
253800,Am I the only one that feels like a cunt if I don’t send the last text in a conversation... Like you just spent time talking to me and I just left you there speaking without adding anything (unless you’ve already said goodbye). I’ve just wasted a few minutes and am just sitting there reading not answering.,non-suicide
253801,I think i pulled a fucking muscle today Or rather yesterday while i was watching cory kenshin and i got jumpscared and i was laying down and kinda just pushed hard af and now my right thigh hurts :),non-suicide
253802,"What is the best way to watch anime? The wabsite I used to watch anime has been deleted so I need a new one, so pls help me ma dudes",non-suicide
253806,only reason i'm coming out alive from tonight is my cat and my curiosity she got in the way while i held the knife to my neck and my curiosity told me to wait until tomorrow after that,non-suicide
253808,"To the teacher who told me to sit up straight in class a few years ago because ""this isn't my house"" screw you now I'm at my house I'm going to invert my spine as many times as I want and you can't do anything about it.",non-suicide
253809,"I'm looking for a wayAfter getting over the shame of realizing I'm attracted to women ( I grew up southern Baptist).... And being in a relationship with a man and not being happy and feeling like I can't tell my girl friends how I feel about them, feeling like I've wasted time and opportunities... I'm just going to do it",suicide
253810,"I think my mom found out about my self harm. With no context she decided to share with me a quote by Freud she found on the internet: ""Unexpressed emotions will never die. They are buried alive and will come forth later in uglier ways"", and just left it at that. If it's really just a random quote she liked, then it's one heck of a coincidence. 

If she really did notice the marks on my arm, I must say props to her, that's a nice way of saying ""I'm here to talk if you need me"" without getting too personal.

P.S: I know some of you will tell me to talk to her, but please spare me that, it's due to gender dysphoria and I believe she's quite LGBTphobic.",non-suicide
253811,"You might be wondering why I have the meme flair on this posr So I’m English and also a secondary school student that’s preparing for GCSEs during COVID. This means that getting around school is a lot harder and a lot of things to do with science and practicals are a lot harder to do!

Yet our  Prime Minister (Boris Johnson) is coming up with some of the dumbest ideas ever. We’re not allowed to use this test tube in a practical yet we’re all good to have a group of 30 people sat next to eachother!

These rules are jokes. And that is why I have the meme flair on this post.",non-suicide
253812,This is ur brain 🧠 This is ur brain on ***bites lip 😫😫😫😫***,non-suicide
253813,"I was today years old when I realized that Twinkle, Twinkle Little Stars and the ABC's are the same song. I know they arent perfectly in sync when you play them at the same time, but damn they are close.",non-suicide
253814,"Hey girl, are you a flashbang? Cos you have me stunned",non-suicide
253815,should i unadd my friend if hes being really nasty to me basically ive told him i like him and he didnt do anything now he wants to bust his ass for some other girl because shes a “””catgirl””” and makes it an effort to let me know im not as good as her he also talks about himself into oblivion. lmk should i stay or should i go,non-suicide
253816,What are some good Skyrim mods? Gonna do a run with as many mods as it can possibly handle I'm using Legendary Edition btw so I can't use any mods that are just for the remaster and it won't be an issue if the mod needs DLC,non-suicide
253830,"Why bother staying alive?Everyone is constantly mean to me and for some reason they always get lots of girls. Why would I want to live if I can't be like that? I tried my best for years, but I don't get anywhere. I think I should just give up. I wish I had died in infancy. I am just such a waste of life. Life can be so amazing but not for me. I can only watch others have a good life.",suicide
253832,"Guess my Favourite Album Ask Yes or No Questions, if you eventually get it correct you will make me very happy.

Filler Filler Filler Filler Filler Filler Filler Filler Filler Filler",non-suicide
253835,"I'm about to get very political Red is the best colour, fight me",non-suicide
253840,An arm a leg and a head I am building a human,non-suicide
253841,"Need advice for an A-Level project... I'll keep it brief,

I'm doing A-level Design and Technogy and need a project to build something.

It can be anything but it needs to be appropriate and practical.

If anyone has an idea please tell me!",non-suicide
253865,"i watched the tv show that i watched when i overdosed and waited to diethis may come across as really disjointed, and im not sure if this is the correct subreddit either

about 4 years ago i overdosed on painkillers and hoped to die. i lay in bed and put on hannibal while i hoped i would drift away. after a trip to the ER and a glorious stomach pump i learned that me dying in my sleep would not have been the case. 

i've never been able to watch hannibal since then because of the association. i haven't felt suicidal in quite some time, nor have i harmed myself, so i thought i'd be able to handle it 

but i was so so wrong. i binge watched because i seriously enjoyed the show. it was all good and well, until i came to bed now, and all the feelings that i was afraid of have just flooded back. i feel so embarrassed and stupid. i haven't felt the feeling of wanting to hurt myself or just die in so long. i can't believe i'm still this weak

i have no idea what i'm seeking from posting this, i just don't want to talk to anyone i know about it",suicide
253870,"Being sick makes me suicidal again.Earlier this year I discovered smoking pot makes me not suicidal. I tried therapy and medication for years but all it ever did was make me even more anxious and depressed. Pot is so much cheaper and helps get me through the day. I don't even smoke daily, I'd say maybe 5 times in a 2 week period. It helps keep me happier, lets me function at work better, and it's pretty awesome cleaning the house and cooking healthy food while stoned.

Except I've had a bad cold/sinus issue for a month now. I don't have health insurance or money for a doctor. Even if I did, doctors give me such bad anxiety I become suicidal just thinking about having to go to one. (Same reason I avoid therapists, my phobia is pretty bad.) I haven't been able to smoke while I've been sick, it really bothers my sinuses. That, plus the doctor anxiety, means I'm ready to go through all of my craft supplies to find something to hang myself with.

I just want to not be sick anymore. I can't afford this. I already have issues due to all the abuse I went through as a kid, and how my finances are in the toilet. If I can't forget my problems for awhile, then I want out of this life. This world we live in is quickly going to collapse, anyway. With the economy, environment, and so on.",suicide
253882,"a slow deathjacob drank the rest of the bottle. he emptied it as much as his life that he could into this. he wished he were better, but he wasn't. he tried his best to alleviate the suffering through distraction. it didn't work. his birthday was in a week. he'd be 29 years old, and his life would be meaningless. all this time spent alive, wasted. both literally and figuratively. he wanted the meds to work, but they didn't. the pain was still there. the suicidal thoughts overrode him. they erased what little was left. alcohol made him more honest at least. what he had done was unforgivable. he deserved to suffer, he deserved this pain. at least he could make this right, this was all he could control, the suffering. so he suffered for 6 years. but was it enough? could the sweet release of suicide save him? did he deserve to die? Well, he was afraid of death. so his subconscious decided to kill him instead, through over eating. and it was slow and painful. but one day he will be free. one day the suffering will end. one day he will be dead",suicide
253883,"Epiphany on the selflessness of SuicideI wanted to write this down somewhere because I still struggle with thoughts of suicide. A moment ago, I had an epiphany, why I hadn't really taken the final steps.

It's not because I know people love me. I've used that as my sole reason why--it would devastate everyone I know. Then thinking about my toddler girl, how she would never be the same if I did such a thing. 

Then the thought occurred to me: I love her so damn much. I love my husband, and I love my unborn daughter. I love my parents, my siblings.

So, it's not the fact that I know they love me that stops me. But that if I died, I would be taking away their experience of MY love for them. By taking myself out of the world not only shows that I didn't care they love me, but that I would be taking MY love away from THEM. They'd never experience my love again.

My love for them should always outweigh my own self-love. By loving them, I can love myself in healtheir ways.

So, death by suicide would be the most selfish thing I'd do. And appearing selfish is one of the hardest thing and what I hate about myself the most. I'm selfish. But I will never do the ultimate act of selfishness.

So, I hope from here on, my thoughts will get easier.",suicide
253893,"Experience with going to the hospital for depression/suicidal thoughts and actions?Hi everyone.

I'm really at rock bottom, a friend of mine has been before and it helped her. I want to know some other stories, did it help you, what was it like, etc etc

Thanks c:",suicide
253895,"Hey guys...Everyone loves a little dirt, so here’s some backstory:

I’d like to think I’m a strong girl. I’ve been through Hell &amp; back a couple times, but returning from Hell to Hell leaves you nothing to look forward to. I can’t exactly tell you where this all started, but I’ve got a feeling It was around the time I hit kindergarden. You see, I was never good at making friends. I’d watch the other kids run around the playground pretending to be Backstreet Boys or Spice girls. I wanted to play, I just had no idea how to make my peers become my friends (I still don’t). So I’d wait out recess in the sandbox with my imaginary bread-generating computer, Kelly. 

Fast forward to my seventeenth birthday. I remember sobbing in bed as my ex-boyfriend    (we’ll call him...Mark) stroked my hair. Oddly enough, five minutes earlier he was punching my stomach to a pulp. That night was the first night he put his hands on me, but it wouldn’t be the last...not by a long shot. After a while, every night became my seventeenth birthday. I can’t tell you exactly why I stayed. I mean, he’d cry &amp; tell me he loved me, that he’d never do It again...but I never really believed him. I was stuck. I guess to me, my days of being alone were over &amp; I didn’t want them back. Of course, there were other “reasons” but we must get on with the story. *ahem*...Shortly after our second year together, as the universe would have It, Mark found a prettier girl &amp; took his leave.

To my surprise, my aging had done me the slightest bit of justice &amp; I had a couple suitors at my door as well. Just one problem, I didn’t want them. I wanted to be free. I wanted to sing, strum on my guitar, make friends &amp; just hang out for once! I was crushed &amp; miserable but also slightly liberated. Mark always said, “Boys never want to be just friends, they’re always gonna want something more.”  Mark was spot about that one. So I did some friend zoning. For about a year I’d have the “half-best” (keep in mind, I was still mending a broken heart) times of my life with a group of boys who I thought had become my real friends. On occasion, we called ourselves The Lost Boys. We were just a bunch of starry eyed musicians playing the days away &amp; smoking cheap cigarettes. That was until a, for lack of a better term, “friendship-ruining whore” came along. Leaving me, once again, alone.

Still with me? Let’s get to today, the present, the now. After all, that’s really all that matters anyway right?

Today, I delivered pizzas. It’s a fun job. Tips are pretty sweet but I don’t care much for money. Come quittin’ time I returned home, picked up my six-string &amp; sang my heart out to an old song. I said hello to my family &amp; had myself an oatmeal cookie from a plate on the counter. I love oatmeal cookies. I hardly think of Mark, The Lost Boys, or “Friendship-ruining whore”. Even If I do, It really doesn’t phase me. 

I really should wrap this up. I know the question on your mind. Why do I want to die? For the sake of saving some time, I’ll make a list:

1.I’m stuck In a house full of people I hate. I know hate Is a strong word. I’m not a hateful person. I have my reasons, It’s time I don’t have. I can’t move out because I give the majority of the money I earn to pay for a shot my father, whom I hate, needs to keep his severe psoriasis under control.
2. I have no one to talk to. “Friends” (always boys) come into my life &amp; leave as soon as they find out I’m only looking for friendship. I can’t, for the life of me, figure out how to make friends at work...or anywhere for that matter. It really is bad.
3. Even If I could make friends, everyone In this town Is so caught up on sex &amp; drugs. I have nothing against that, I just can't relate. Thus making the matter even worse.
4. I don’t feel like a real person. I feel like a machine. The same thoughts run through my head everyday. Like a broken record. Thousands of questions, not a single answer.
5. It’s been this way for far too long.

I’m really not looking for anyone to talk me out of this. I’ve got a little time to kill before I’m alone. So If you’re still reading this, I guess I’d just like to know how your day went. It'll be nice to think about something other than the rubbish stuck on repeat In my head. I'll also be watching some of my favorite youtube vids on the other tab so If you've got a favorite video you'd like to share, feel free.",suicide
253897,"Losing friends, given up on finding loveJust going to get straight to the point. This covid shit is getting to me. I'm at home bored as fuck. I cant find the motivation to do anything besides play video games watch Netflix and smoke weed. I receive 2k a month since I used to work in the restaurant business of social media marketing now I dont have a job. I dont even know if my company can come  back strong after this so I just might leave. I'm just going to get a normal factory job. I used to draw and now I just cant. No motivation. I was the lead graphic designer for my company and now I ain't shit. My friends always are asking how I'm doing and I just ignore them or say that I'm good. The people around me have good jobs but I'm just a virus to them. I dont even know why they still keep me as a friend. 

Since I was in high school I always had a chance going out with girls but I never summed up the courage to. Never had a gf. 26. Only time I have sex is at a strip club when I pay for it. I'm talking to a girl right now that's into me. But I make promises I know I cant keep. I give up on furthering my relationship with people because I know things will go to shit. I'm not good with me, so somewhere down the line we'll crash. And I'll break up with her. And I cant go through pain. So I'd rather not feel anything. Yea my friends tell me it's worth the pain so try. But right now with no career, no motivation, I've given up. 

I really do wana pull the plug. But I'm just scared of what comes next. I dont think I can really do it , but I would if I knew what comes next. I dont want to go insane and I'm holding myself back from never coming back. It's hard. My mother has been the best thing in my life. Shes always there for me. And I dont want to let her down. I'm just trying to find suggestions of how to keep on fighting. This is the lowest point in my life. How do I keep going when I've given up on my career, relationships and friends? 

Sorry I just needed to vent. It's been a long time since I did something like this.",suicide
253903,"I really enjoy all the artwork on this subreddit I just really like all the artwork here, just the style is so good. I feel like the artists of this subreddit don’t get enough credit for their hard work. All of the art here always makes me pause and really savor it, and I love it. Please keep making these comic-sequel drawings, they are always funny and well drawn. Thank you and keep up the good work!",non-suicide
253904,TWENTY SEVEN 27,non-suicide
253905,"Should I put a bag over my head to contain the mess?So I'm going to blow my brains out here in a couple minutes, but I don't want to make a hell of a mess in this apartment. Should I put a bag over my head so atleast most of the splatter will go in the bag? Sure the bullet is going to go clean through my skull and out the bag, but I figure most of the brain matter and blood will be contained in the bag? It will be easier for the authorities and coroner to clean up. ",suicide
253906,"I’m so ashamed of myselfHey everyone, 

I don’t actually know where to start… that seems silly, right? So I’m a single Mom of a 13 year old boy. I work two jobs, and still struggle with money. I decided to try and get a “sugar daddy” from an online website that specialized. I’d never done anything like that before. I had honest true intentions for it, maybe just to make an extra hundred dollars because a guy wanted to see my in my underwear, or needed checked up on to feel appreciated, whatever. The long and the short of it was, I was scammed. I was overpaid by the guy, I thought it was a real mistake, I tried to get the money back to him via Western Union and it was a mistake. I should have known, and I didn’t. I just assumed positive intent, that it was a mistake, and I would want my money back. After the money was received, they (he?) cancelled his deposits. 

There’s nothing the be done about the lost money. My bank account is now $-3600 dollars. I’ve contacted my banks fraud department, shut down the account in case it’s been compromised. I even stupidly tried to beg the guy via the number he gave me, probably a burner phone. I just laid it out that if he could just return the money, I wouldn’t do anything; press chargers, anything. 

I feel so, so stupid. So stupid and incredibly worthless and ashamed. I’ve cried all day, called off work, haven’t eaten, haven’t slept. And obviously I’m here because I can’t pretend that suicide isn’t the contingency plan. I tried to do the right thing. I always try to do the right thing. Follow the golden rule and such. And it meant nothing. I work two jobs, don’t have days off, and still can’t get ahead with money. I tried to do something that, while I wouldn’t talk about at dinner, still considered honest work. Provide companionship, conversation, pictures, in return for money from someone who knowingly signed up with that in mind. 

I hate myself right now. I hate that I can’t stop ruminating on all this. I hate that I work so hard to not victim blame in my own life, but can’t extend that courtesy to myself. It’s over and done, and I can’t get the money back, but why would someone do this to anyone, let alone a broke, single Mom? I don’t have anything now. No money except for what’s in my wallet. The food situation is fine. But gas? Rent? I’m working on trying to figure it out. But in the mean time it really seems like it’s never going to get better. It’s never going to get easier. 

",suicide
253907,"Tonight's the night &lt;3I made the decision that tonight is the night I die. 
I'm not upset, all I feel is euphoria.
Knowing that life can take me away at any time makes me upset, and it's my time right now, 
it's my decision. 
I just wanted to let the people that have helped and read through my depressing posts, thank you. You've helped me more then you will ever know. 
I'm not looking for pity, I don't want anyone to tell me my life is worth living, or my family would be hurt and its a selfish decision, it doesn't solve anything blah blah blah. 

I'm not even depressed at this point, or saddened by the fact that all my memories, every one of my experiences and encounters are about to leave reality. 
The people who once cared about me are gone, I destroy everyone I try to connect to.
Right now I have no one. 
I sincerely hope you all succeed and get past your problems and negative encounters, Keep your head up and continue living this life. 
I don't have much more compassion left in me and the last bit is going to you all. 
My small love for humanity is directed at the loving and caring people of reddit who talk people out of suicide every day, who snap people out of depression and convince people their lives are gonna end up better.
You're all heroes. 
Much love to you all. 
Have a great night &lt;3

*Update
It's been about 11 hours since I made this post, honestly I'd like to keep it up seeing that it made a few people happy to see my progress.. 
Was truly in the worst state I've been in last night, body tingling, heart beating so fast with excitement.. 
It's horrible but I truly was excited to be rid of this world. I feel insanely better now, I've reached out to the few people around me and I'm pulling myself together, I wanted to thank you all again for your kind words and support, truly all of you have helped me in so many ways.
I know it's silly and I got the help I needed, but I'm a bit embarrassed if I'm being honest, I never thought it'd come to this, I don't know why or how last night didn't go down a different way, but I'm glad it didn't. You people are amazing, I've connected more with all of you then I have with anyone irl in years. And seriously it feels fucking magical. I feel like I have a fresh start in front of me right now. 
I love you all. Again, thank you all so much, feel free to PM me anytime, as I'd like to give back the love and support all these people have given me. 

&lt;3",suicide
253908,"Life has become such a burdenI have divorced parents, terrible anxiety depression, and daily panic attacks. I have tried to get help but my parents don’t do well with mental issues and tend to ignore them until they “go away.” I have been contemplating suicide for a while and the only thing that keep me from doing it is my two year old sister. I want to see her grow up and be there for her but I don’t know how much longer I can do this for.  I might finally get the courage to do it sometime soon and maybe then I will finally be at peace with terrible person I am for making the ones I love suffer.",suicide
253920,I wanna dieI wanna die I wanna die I wanna die I wanna die I wanna die I wanna die I wanna die I wanna die I wanna die I wanna die I wanna die I wanna die  I wanna die I wanna die I wanna die  I wanna die I wanna die I wanna die I wanna die I wanna die I wanna die I wanna die I wanna die I wanna die I wanna die I wanna die I wanna die I wanna die I wanna die I wanna die I wanna die I wanna die I wanna die I wanna die I wanna die I wanna die I wanna die I wanna die I wanna die I wanna die I wanna die I wanna die ,suicide
253921,first comment gets award i got a free one so one of you can have it cause idc :)),non-suicide
253922,"I am happy for my life No, I wasn't depressed with suicidal thoughts, neither my crush said YES

I am just satisfied with my life

Why? Because I try to push myself through things that make me get out of my confort zone. This quarentine I lost 9 pounds(?) Or 4,5kg . I also started drawing for real, I used to draw but didn't study anatomy. I take cold showers. I take care of my skin (which is full of pimples) . I don't eat desert as many times as before. I am improving my skills on SSBU.

So my secret to be happy is , I want to become a better person. By that I don't mean ""I NEED to bevome a better person"" so watch out for anxiety attacks









And also I am happy maybe because I totally ignored all online classes and didn't do any homework",non-suicide
253924,"Ok guys I’m doing a rainbow run with the gun blessing And I have the Bullet, hopefully I can beat the Dragun",non-suicide
253925,"I think my friend is a paedophile. Its as simple as that, I think my friend is a paedophile. We play xbox together most days, which means I speak to him in the party. All the boys are on early after college but as it gets later some go offline. Me, a couple others and my suspicious friend are usually the last online. The reason I have these suspicions is because some of the things he says out loud are very sus. Like one time he randomly asked me if his girlfriend has to be double figures in age. I kind of just awkwardly laughed that off but stuff like this happens often, nearly every night. I'm kinda thinking he has a sick sense of humour, but he could also just like kids. Idk what to do, help?",non-suicide
253927,anyone wants a free award? make me laugh and the award is yours.,non-suicide
253928,my fate lies in your hands... should I masturbate? first person to respond is my decision.,non-suicide
253929,"The hell going on with these social anxiety and mental disorder tests? I don't know what kind of benefit yall get from those, or what point ur making. It feels like the equivalent of taking personality test from buzzfeed.",non-suicide
253944,"I just hope that something will take me awayI don't know where this all came from, compared to others I live a pretty good life, but I'm still not contempt.
I'm currently 16, I lack the strength to end my life, I wouldn't want to put that burden onto others, the ones that do care.
I just feel hopeless, I am too fucking awkward to ever get a girl to like me and the only one that I am close with wants someone else.
I feel as if I'm a let down to my family, they have such high expectations for my GCSE results but I don't think I can meet them, I've spent too long pissing about, letting them think that I'm revising when I've actually been sleeping.
I rarely ever go out with mates either, in fact most times I ever leave my house now is for school, I'm hoping that college will change things but I doubt it, I'm just going to be the same fuck up I always have been, constantly letting the ones around me down, being too awkward to let any new relationships happen.
I constantly lash out at and hurt those around me as well, I frequently have a go at my family for nothing and then later come to regret it, the girl that I previously mentioned that I'm close to is frequently upset over me and I absolutely hate seeing her cry; she knows that I like her and she frequently apologises for ""Not being able to make me happy"", I feel like its because she's a lot more popular than me and feels that in return she cannot get with me. I feel so bad for making her upset but I constantly do it.
I put constant pressure on my family as well and I feel really bad for my mother, she does everything she can but I still act like its not good enough.
I hate how much pain I inflict on everyone but no matter how much I try not to,I end up doing it again.
I just want it to end, my life included. I'm too much of a coward to ever do that myself, I guess I'm afraid of missing out on the future, in case things do get better. ",suicide
253947,"Give me the courage to end my life.Give me the courage to end my life.

Give me the courage to end my life.

Give me the courage to end my life.

Give me the courage to end my life.

Give me the courage to end my life.

Give me the courage to end my life.

Give me the courage to end my life.

Give me the courage to end my life.

Give me the courage to end my life.

Give me the courage to end my life.

Give me the courage to end my life.

Give me the courage to end my life.

Give me the courage to end my life.

Give me the courage to end my life.

Give me the courage to end my life.

Give me the courage to end my life.

Give me the courage to end my life.

Give me the courage to end my life.

Give me the courage to end my life.

Give me the courage to end my life.

Give me the courage to end my life.

Give me the courage to end my life.

Give me the courage to end my life.

Give me the courage to end my life.

Give me the courage to end my life.

Give me the courage to end my life.

Give me the courage to end my life.

Give me the courage to end my life.

Give me the courage to end my life.",suicide
253951,"I'm having a hard time caring.I held on for days, like i promised myself i would. Waited for my doctor to call back to change my meds, my job makes me happy but the adults i work with make me miserable (only the individuals i work with make me happy). I don't know what to do. I'm having a drink to calm myself down....but i can't do anything i need to do as an adult right now and i can't continue to bog down the 2 people in my life. I also can't deal with this on my own and my therapist on the phone isn't enough.",suicide
253952,"How do I ask for help if I'm afraid to make a scene?I'm worried that if I tell my family that I'm suicidal, they'll freak out. They most likely will freak out. I've been keeping it a secret and trying to secretly text the suicide hotline and such, but it's not helping. I haven't even told my therapist yet. I want to see a psychiatrist, but my parents have been stalling, and when I tell my mom that seeing a doctor is what I really need, she calls me impatient and selfish. I have nowhere to go, no trusted family members, and no trusted friends. I don't know what to do.",suicide
253957,"[Serious] Pretty sure I'm losing my mindI don't even know if this is the right sub for this, if not please point me in the correct direction.

I swear I'm going crazy. Sometimes I slip into this way of thinking where I'm completely convinced that this life is some kind of a simulation/dream, or something completely made up in my head. Sometimes I think I'm my own God and I created this entire universe just for me.

But then I snap out of it and come back to reality. The problem is, I find myself slipping into the simulation way of thinking more and more often and reality seems harder to hold onto.

The reason I posted this here is bc while I'm in the simulation way of thinking, I have extremely dark, suicidal thoughts. Sometimes I am thoroughly convinced that I need to kill myself in order to wake up in my real life. Or I think that this simulation sucks and I really screwed it up when I created it, so I need to kill myself and start all over again.

I want those thoughts to stop bc I know they're not real! At least while I'm typing this I know it's not real, but I know later today I won't have such a firm grasp on reality.

Someone please help! This is not a joke.",suicide
253959,"doesn't liking someone your age, technically make you a pedo? Like for real, if i'm 16, and I have a crush on another, under aged 16 year old, then...",non-suicide
253960,As an Australian it’s kind of weird seeing all of the mask news and memes considering I’ve never had to wear a mask in my life since the Coronavirus never got that bad. Everything’s back to normal in my city of 1 million people and it’s weird seeing the rest of the world not the same.,non-suicide
253961,"It feels like I have an aching hole where my heart should beI’ve been through a lot. Sometimes it feels like I have more bad memories than good. I’ve struggled with severe depression for years. Every time I think I’m getting better, I get knocked down again. 

I attempted suicide last summer and survived. I started to improve after that. I wasn’t suicidal for months. I didn’t self harm. But I keep getting hurt. Things keep going wrong. And now I’m back in the pit again. I cut myself for the first time in ages. I feel so broken and worthless. I’m tired of trying to patch myself up. I’m just tired of everything. 

I don’t have energy to do anything except shower. I haven’t eaten in days. All I do is lie on the floor and cry. Sometimes I run out of tears so I just lie there until it starts up again. 

My chest feels hollow, but it still hurts so much. I want it to stop. I told myself I’d never attempt suicide again. But if I see an opportunity, and I know for sure I won’t survive, I think I will take it.",suicide
253964,"I'm so fucking tiredUsually when I visit my dad's place it helps with my bad thoughts because I can just relax, even spend the whole day in my room if I want to without anyone bothering me. It doesn't seem to be doing much good this time.


I even posted on here two days ago and a couple of amazing strangers took the time to talk to me, listen to me ramble and distract me. It honestly helped a bunch.


But now I'm back in the rut, and I'm so fucking tired. I can't just go to my room because my sister is celebrating her birthday with some relatives and dear god, dealing with these people is so exhausting. So many questions about school, about how I'm doing without actually wanting to hear the truth. Not to mention having to see my family play all buddy-buddy with laughs and smiles, but as soon as they're apart, the gossiping and talking behind each others' backs about how horrible they are starts and trying to pit me against them and I am so. Fucking. Tired of having to deal with their shit. Is a non-dysfunctional, caring, helping family really too much to ask for?


I just want to lock myself into my room and wash down all those pills with wine.",suicide
253967,"My current record on ""Not talking to a girl in any way as long as possible"" is 8 months. I am not kidding. I did not. Thanks to Covid-19.
I am proud of it actually. If you are a girl, mention that and I won't talk to you.
I liked that record.",non-suicide
253969,"if you're reading this, I'm sorry beforehand I wanna suck on a dick as if it's a pacifier",non-suicide
253971,"A girl chewing gum behind me gave me a boner So I had just hit the cart with the boys in the bathroom before going into world history, and I got way too high. The desks were closer than normal so I felt like the girl behind me was almost breathing down my neck, and when the teacher stopped talking and let us do our work the sound of her chewing gum made me so fucking horny I don't even know why. As soon as I finished my work I just closed my eyes and listened in pure ecstasy.

it is what it is. Don't chew gum around me if I'm geeked.",non-suicide
253981,"I feel like such an attention seeking bitch for posting this on here but please I need helpI'm finally starting to realize my future, school more school, work all day etc. I'm currently in highschool and my teachers are constantly pushing on me about my grades and my attendance and I'm so damn tired of it, they keep calling my mom and emailing her about it and she understands that it's hard for me but I feel like such a burden since the calls and messages stress her out so much I'm genuinely considering suicide now so I can just stop this life and be done with all this I don't know what to do anymore.",suicide
253982,I was forced into existenceI was forced into existence. I already wish i was never born. End my existence already. ,suicide
253984,"Suicidal thoughts for no reasonHey guys, those of you who have been through this could you shed some light or your own experiences on dealing with suicidal thoughts? Mine come about randomly and hinder my ability to work and function. I am currently facing a high level of stress in school and can't afford to lose focus on studying, so any advice on how to cope with negative and painful feelings and emotions would help a lot. Much love. ",suicide
253986,"Why pornography and little social activity is extremely dangerous and ruined my life. I'm only 17 years old.Forgive me if my wording is really scrambed. I'm typing this on a tired mind. I feel that I need to get all of this off of my mind. I will describe my past as brief as possible. Basically, I've always been sheltered too much. I also REALLY hated school for some reason. I always had problems with being absent a lot. This led to me being depressed at the age of 14. Anyway, I got into pornography as a source of entertainment and tension relief, but I started TOO young, like at 10-11 years old. This constant cycle of PMO has led me to interest in fetishes and social taboos like incest. Now typing this out sickens me, but after watching a lot of porn and reading incest hentai, I almost tried to make an incestual advance on both my brother and my mother. Luckily I didn't do much. It was only two years ago that it happened (which was around the time that I started going on anti depressants). Only last year did I recognize that I really had a problem with porn so I sought out to COMPLETELY QUIT pornography. I'm currently very successful in doing so. I'm completely avoiding the lure of porn and looking at women in lustful ways. So much that I associate pornography with my depression. I feel that it is one of the major contributing factors to my depression and I dare say even my anxiety. It's just been bothering me so much ever since I stopped PMO. It's haunting me and eating me alive right now. I'm feeling so much guilt and remorse over those incidents. It doesn't help that I'm not going to school anymore either. I just wish that the pain could stop, or that I could rewind time and redo things. I really don't deserve this. I'm only 17 years old... this fucking sucks so bad. Praying to God everyday helps a little, but isn't enough to help me get back on my feet. I'm at a total loss as of what to do. Please help me.",suicide
253989,I just want to stop thinkingI don't want to live anymore,suicide
253990,"why should i want to live?i just want to die. i don't want to do anything or think or feel. i don't have a reason to want to live. i don't have a way to kill myself and i doubt i ever will so thats why im making this post. i was born a mistake and i hate my parents for birthing me. i wish they aborted me when they had the chance. im just a burden really, all i do is make people mad and disappointed with me. i dont understand why people say that i deserve to live when i really dont. im not doing well in school right now from the lack of caring about anything. life is just so annoying i don't want to deal with it anymore. i hate everyone and everything and i just want to die.",suicide
253997,I just don't think I can do it anymore.I'm just tired of holding on. I can't anymore. ,suicide
253998,"Suicide hotline sick of my voiceChecked on my position in the waitlist, it's now over 6 months for non-court-mandated appointments.  Tried a chat service instead, and waited in queue for 45 minutes to be told there are no services in my area.",suicide
254000,"No hope leftWhen I was younger I always felt line things would click into place at some point as long as I kept going and didnt give up. Now, deep down I know i will never have any real happiness. 

My dad is the only thing keeping me alive. Dont want to ruin the rest of his life. Hes in his 70's...planning on shooting myself the day he dies.

Here is why:
Not necessarily suicide, or anything that would physically harm anyone.

I've got very little to live for and have not really experienced any sustained happiness in about 15 years. Looking for ideas of what to do to throw wrench in the spokes so to speak.

Anyone who really got to know me would consider me a loser of epic proportions. I'm an Intel, god I hate that word. Haven't had a girlfriend since I was 21 and I'm now 35 and it's not because I dont qant one. Even though I'm desperate for an emotional connection, my anxiety keeps me from ever pursuing a relationship. I freeze up.

Haven't really developed any real skills to speak of. My life summed up in a sentence would be "" he has/had sl much potential."" Always scored really well on IQ tests, not that they mean shit in terms of success or satisfaction. Most of them.place me around 135-136, so I know I'm of above average intelligence.

Growing up was a nightmare
Severe Terrets Syndrome (surely spelled wrong), ADHD, depression, and addiction. My stopped speaking with me about 5 years ago, even though I'd love to talk speak with her. She womt even responded to emails...but I cant really blame her. Was pretty awful to her growing up. My dad and I are close. Hes the only person I have any real emotional connection with. I know he loves me and cares about me. I feel somewhat close with my brother and sister, but deep down feel like they accociate with me out of pity or some kind of feeling of obligation. They'd probably be happier if I was never around.

I have 3 friends who I'm somewhat close with, but they all live in far off cities, so I never see them.

Ive struggled my entire life, and it has been one disappointment after another. Was in love once from 19-21, and am thankful I at least got to experience that even though it was short lived. Never really got over it when the girl broke up with me.

Came from an upper middle class background and am the black sheep. Everyone else is very successful..brothers a MD AMD my sister is vice president of sales for a tech company. Dads a Doctor and my mom was born into a wealthy family.

Assume I'll get some money when my parents die, but up till now there has been nothing. That's to say, I'm not a trust funder st least right now.

Somehow graduated with a degree that feels worthless. Have been arrested about 5 times mostly for weed, breaking into my parents house when I was 18 and still lived there but they had kicked me out and public intoxication. 

Have terrible credit and about $500 in my checking account. Never had a savings account or saved any money. Always been scraping by and living paycheck ti paycheck.

Finally managed to get a job that pays enough to not worry about paying rent and the basics.

Make about $60,000/ year with shitty benefits but the work is absolutely mind numbing and the work conditions are shitty. The job requires me to work for stretches of about 21-30 days, working 12 hour days, and Its all travel, to these shitty little towns about 3-6 hours where I live. I'll work 3-4 weeks, then have 3-6 days off. The culture is absolutely miserable. They realize nobody who has other options would take the job and they treat you with absolute contempt. Cant take any days off for any reason outside of your breaks in between work except for rare occasions. Even if you are extremely sick, they have ways to let you know you will be fired if you don't work.


Anyway, in a sense I kind of feel like I should be lucky I have this job, because given my baggage, I could easily be living on the street, but I'm just miserable.

A other thing that makes things even worse, is, and this is not a humble brag, that I'm physically attractive. I'm in good shape and handsome. Been told my entire life by random people I should be a model. Makes me feel like evem bigger of a weirdo
To look great but still not be able to find love. 

My dad is my only emotional connection. I'm ready to move on to whatever comes next with him. Cant take the thought of feeling even m ok re alone than I already do.
",suicide
254001,"I don’t have anything to live for anymoreI’ve been caught  in this horrible triangle of hate and pressure with my family and my husband. 

A guy I spent time with during a separation with my husband basically lives with my sister and her boyfriend. My sister has been my best and pretty much only friend for years now. My husband has wanted/needed/demanded I go NC with her and the rest of my family because of this. (They also live next door to the house and land I own so it’s not so easy to just pack up and go) I just went to Hailey the trash off up the road, and my sister saw me leave. She gets the guy to bring her up there to talk to me. He and I don’t exchange many words. But she and I hug and talk about missing each other. I verbalized how important is it for them to not act the way they have recently by pushing my husbands buttons from afar and she says she’s sorry and she was just hurt. My husband drove up the road and saw Them leaving the dump after i did. 

I did not set this up. It was just something that happened as a result of us living basically in the same yard. I can not see my little (only) sister in a public place and just ignore her or tell her to fuck off or anything of the sort. I don’t know what to do, but it feels like this is the end. He says he’s leaving tomorrow with all three of our children (one of which is under 2 and has never been away from me for more than two days) disconnecting the water, and moving on. I don’t feel like I have any fight left. Without them I have no reason to stay. 

He has taken my order two before, three months without any contact though I tried so hard. It was hell. I slept all day, when I couldn’t sleep I sedated myself with antipsychotic medication, and I drank all night. I was a useless waste of space. I don’t want to go through that again. I need my children more than I need air to breathe. And he’s going to take them Again. I’ve never felt more ready, or like the timing was any more right. I can see it all leading up to this thinking back on the last few weeks. It’s my time to go. I did the best thing I could do for the world by blessing it with three absolutely perfect human beings. That’s all I was made for.",suicide
254002,"Red. By me.You scroll by looking for people to help. I need help. 
You eye the titles looking to help. Well I beed help.
You may say everything is okay, but what if you say nothing? I might do something unthinkable. Nobody wants that.

I may just fall.  
No information needed.",suicide
254003,"I tried to hang myselfI tried to hang myself twice today but I couldn’t do it, I was scared because I started to black out and my face started to hurt. I now have a bit of a headache and a small neck ache. I couldn’t take it anymore, I feel numb and therapy isn’t working for me. My parents are forcing me into their religion, and I tried telling them I’m atheist but it turned into a huge fight and... my mom almost hit me. I don’t feel emotions as often and I’m just tired. Nothing anyone says works or helps. “People love you” I know. I don’t care. “Things will get better” I’ve been like this for 5 years, it won’t.",suicide
254004,"I can't see my psychiatrist or therapist until late August, and I'm feeling so unstable.I thought I'd be fine about waiting that long. And after my last ""attempt"" I thought I'd never go back to feeling this way again, because I saw how much it hurt my mom. But I'm here. I wanna take the easy way out and just escape. I know it's a pussy move because I'm still in high school and my life hasn't even been that harsh, but I'm so tired. My sister was literally in a ward and was released today, so I can't tell anyone what's going on either. I'm too dramatic anyways. Probably don't even have depression or anxiety. I always feel like I fake my anxiety attacks or bouts of depression, and it's tiring. I'm too much of a pussy to attempt again, but the thought is tempting. I wanna rest.",suicide
254005,"3rd post. I am going to kill myself.I don't know when or how. I just know that I am going to. I keep fucking things up and I can't see myself living to even the age of 30. I hate myself and everything I do. 

I cause people a lot of pain. If I go, I'd make people sad for only a little bit instead of a lifetime of sorrow. 

I don't think there's anything anyone can do to stop me...and I don't care anymore.

I'm just done.

Thank you guys for everything.",suicide
254007,"There's nothing for mei am 17 and I have nothing going for me, I'm dark I'm ugly im hairy I'm a girl I have low grades and even then I will never be able to pay for college so this is the end of the line for me. I don't want to live to se next years sorrow of being rejected from every college I apply to. I have no friends. My mom wishes she'd gotten an abortion and she yells it at me every time she gets the least bit anhry. Then she beats me. I told her I am going to kill myself and she said go ahead. I feel so pathetic I never had a chance at life.",suicide
254008,"I wish there was a simple, painless, and cheap way to do it.I used to think of it as an option and wouldn't think past that. And then as the time gets closer I get so stressed over the details. I likely can't buy a gun since I've been institutionalized. It's tougher than I thought. I was so ready to do it a couple months ago but my brain was so scrambled I could barely get out of bed.",suicide
254009,"Why should I be hereWhy should I be here when all that exists is pain and greed. This world, especially America, is ruled by disgusting elitists. The world will always be controlled and ran by disgusting people. Pain across the world is universal, where war crimes, murder, rape, human trafficking, and overall violence and misery is all there is. Most people in the world mindlessly consume media in an effort to forget about this, but entertainment, hobbies, and happiness are all temporary. The only permanent thing in the universe is misery, until the universe ceases to exist. Relationships are impossible to find for worthless fools like me. People like to say that you can be happy without a relationship, but that statement is completely absurd. The main arguments against suicide seem to be that you will miss out on things and that you will make everyone upset. That could be true, but it is literally never impossible for the world to turn into complete hell every millisecond we are here. Also, you won't really know that you upset people or that you missed out when you are in the peaceful void of death. I envy my friend who killed himself a year ago and I hope to see him soon.",suicide
254013,"I'm happy rn, crush it SAY THE SADDEST THING, IM TALKIN IM 14 AND THIS IS DEEP, CLUB PENGUIN IS KILL AND YEAH... STUFF!",non-suicide
254020,I ate an entire pizza last night. I regret every bit of it. I had a stomach ache all night and I was up every like half hour.,non-suicide
254023,"I really need to get around to reading Varney the Vampire. From what I know, it's both ridiculous and serious. Also, it was written before Dracula so that makes it more interesting to be honest.",non-suicide
254024,"Had to take headshots for my acting class. They came out better than expected. &amp;#x200B;

https://preview.redd.it/xjneglxp4mo51.png?width=538&amp;format=png&amp;auto=webp&amp;s=70b9b559927209375907e2c258a31d2d9c2ba416

https://preview.redd.it/0ksuulxp4mo51.png?width=576&amp;format=png&amp;auto=webp&amp;s=df8aa7ce01f01344ebd26a31a714a78243d0a9cc",non-suicide
254027,"Please talk to me.Things just refuse to work out for me. My life completely fell apart 4 years ago, and it hadn't been going well for a few years before that. I moved in with my parents almost 2 years ago and I'm in my mid-thirties. I went from being able to take care of myself and make progress toward the life I wanted, but now I am completely helpless. I just got off the phone with my brother who has been a raging jerk to me for the last month or so (well, more than usual). I confronted him about his behavior and he just blew me off. I don't know anyone in my area (and frankly don't want to because I'm afraid of how they'll treat me). I can't get a job even though I'm well educated and have plenty of job experience. I've been trying for the last three days to spark a discussion here on Reddit on some of the subs I usually go on, and nothing. Just short, throw away comments and nothing to engage with.

Please just talk to me.",suicide
254028,"36 years is enoughSo many reasons to go, so very few to stay. My ducks will be in a row very soon, everything is in motion.",suicide
254029,"My friend just told me he is considering suicide, please help meWe are both pretty drunk at the moment, which is I know is not optimal but he told me that he wants to kill himself and I am having trouble properly handling the situation at the moment.  If anyone has some advice off the top of their head it would be much appreciated",suicide
254030,"There's no way I'm going to live more than thisI'm 31A and I'm completely useless. 

I have severe low self esteem and confidence, depression, generalized anxiety, chronic loneliness, trust issues, I'm a ""shy quiet person"". I have one friend that doesn't give a shit about me and is using me to fulfill his own desires. I studied and worked along a fruitless path and now I'm out of a job. I don't know how to drive, not even how to move around the city in public transport. I'm scared to call over the phone to ask for help, let alone search for a new job. I have not a single useful skill. I only know how to listen but you don't get paid for that. I'm going to die because I don't know how to live. Dying feels natural and correct. I'm living with my parents, narcissistic mother and alcoholic father. I'm scared of everything and everyone. I got his gun and her sleeping pills, they blame each other for their disappearance but don't have the nerve to ask the other. Makes me feel better to know they are in my possession. I'm useless. Im not needed. It's all my fault. Is not going to get better. I don't have time. It's all been for nothing. I don't know how to live.",suicide
254032,"Just a reminder that even if you do not get a response, you’re still worth it!Please keep fighting! Getting help from here is a good start 💓 and you should keep on having this strength for many more years to come. I love you, I want you to live a long, happy life. You’re absolutely worth everything.",suicide
254033,"Feeling suicidal in 2020I normally feel guilt for wanting to die, but especially this year because of all the shit happening. Anyone else feeling this way?",suicide
254034,I hate my life and myselfYou might be thinking I want to kill my self because a friend or family member died or I have no one or I am a failure in life. Well none those apply to me. I am a teenager in high school and have a lot of friends and two happily married wealthy parents that love each other and me (hopefully). The reason I hate myself is I am always lonely inside. I can go hang out with friends and go to school and put on this fake cool druggie look. But it’s not me. I use drugs alone to have fun and connect with myself. Because the real me is fucked in the head I am extremely emotional and wouldn’t be liked by anyone. I love being by myself because I feel like I don’t have to censor myself or try to please someone. I can just be me and do whatever the fuck I want and don’t have to attempt to make small talk. Whenever I go to school or am around friends and family I get super anxious and can’t relax. I have to smoke myself to sleep every night because my brain is flooded with stuff that happened that day. I feel like I let down my parents every day since I have shitty grades they caught me with drugs and the only thing I was good at I quit. I really want to meet just one person as fucked up as me and someone who really is like me. I’ve had a lot of friends over the years but none of them I have been really able to open up to. I com template suicide all the time now and the only thing that is stopping me is knowing it would hurt my parents. I don’t want you to feel bad for me just want to share my life so it can help someone else out.,suicide
254037,"Fuck life, fuck this. I just want to kill myself. My family abuses me daily, I’ve been raped when I was 7, I get bad grades, I’m useless, No one likes me, My boyfriend only likes me for sex, I dont have friends. I just want to kill myself. Im a useless slut. I can’t take this pain anymore. I just want it to go away. No one loves me.",non-suicide
254039,"Anyone down to play don't starve together? Me and my friends have a world and we aren't the best, we could use a Walter or wormwood, but anything is okay. If you want to play I will give the discord link",non-suicide
254048,Does anyone know why we can't post pictures here anymore(and my theory). I haven't seen any memes on this sub all day. I think the mods are tired of people making memes about how bad the merch is and they want to silence us. Or maybe there is another reason does anybody know?,non-suicide
254049,"Do you ever wish you could delete a chunk of your life from everyone's memories? I regret so much about the person I used to be, I've changed so much and matured so much.. especially over the last 9-10 months through lockdown.",non-suicide
254058,"Trying move past prior incidents of self-harm and mitigate recurring suicidal thoughts.I suppose my main motivation for writing this is to give myself some accountability in all this. It’s becoming increasingly apparent that I might need to seek help, but I still can’t find the proper outlet to do so. 

I’m 27-years-old and living abroad. I have a steady job and am generally a responsible person when it comes to fulfilling work commitments and so on. But I would say that perhaps I’ve been dealing with some form of long-term “functional” depression (that is only a self-diagnosis, not a professional assessment).

A little over a year ago, I tripped on acid and ended up swallowing 100+ tablets of aspirin. I called a friend who stayed with me overnight, but I refused to get medical help. (At the time, I was afraid of potential legal implications for using an illegal substance in my country of residence—I later found out there would’ve been no penalty.) 
Looking back on it now, I’m not sure I would call it a “suicide attempt”; It was the acid that gave me the “nerve” to do something like that. Prior to that, while I had experienced suicidal thoughts during bouts of depression, I had never acted on anything. Still, the knowledge hat those feelings, and the intent was probably already there, frightens me even now. 

I thought I was moving past last year’s incident to some degree, but about two weeks ago, I found myself going through another rather sudden wave of depression, during which time I got incredibly drunk and then proceeded to burn my arm repeatedly on the side of the oven door. (I don’t have a history of self-harm; this was an isolated, albeit frightening incident). I also fantasized about throwing myself over the balcony. I called a friend again, who managed to talk me down. 

Since then, I have been trying to stay away from any kind of substance, as I fear that that is what is giving me the “courage” (if one can call it that) to hurt myself. I do not have any kind of addiction, but when I am feeling a heightened sense of depression, I am more prone to consuming something. Even when I get adequate sleep, stay away from negative influences, and try to make self-care a priority, the suicidal thoughts are still there. As of late, they’ve been at the forefront of my mind. I am afraid that eventually, I will do something to seriously hurt myself. Most of the time, I am very rational and reasonable, but sometimes, I feel that I cannot handle the “emotional vortex” I find myself engulfed in.

I think I am trying to cope with underlying and unresolved issues regarding childhood sexual abuse, a more recent sexual assault, confusion about my own sexuality, as well as my inevitable return to my home country in a few months’ time, in which I will be facing joblessness  and will likely be moving back in with my parents—probably a combination of those factors.

I tried mentioning what I’m going through to a close friend but did not get the response I was hoping for. There is another person close to me who is familiar with the situation, but they have since moved back home, and I no longer feel I can communicate with them, because of my complicated, unrequited feelings for them.

Mental health professionals do exist in this country, but most of them are non-English-speaking and are apt to describe anti-depressants as a blanket treatment for any kind of mental health ailment. 

Most of the time, I can’t help feeling like such a sappy, bratty, ungrateful first-world Generation Y idealist for being this old and still not having my shit together. I get angry with myself for not being able to just suck it up and deal with life’s curveballs like an adult. 

Good god, the MS Word document I’m typing in has exceeded a page. I don’t expect anyone to read all this. I just wanted to put this out there and maybe sort out some of my own thoughts. I don’t even know where to begin with all this. 

TL;DR: I have a few prior incidents of self-harm which were spurred by suicidal thoughts and being under the influence of alcohol/drugs. Even when I abstain from substances, I experience suicidal tendencies, stemming from underlying issues, and do not know how to begin to deal with them. 
",suicide
254059,"Gf left me, sister died, lost my job - think about killing myself every day.Hi all. 

I came on here for a last attempt at some help. As the title says, me and my gf of a year broke up recently, right after my sister passed away. And to make matters worse, I lost my job today because I missed too many days due to my depression. I think about ending my life every single day. It seems like the right thing to do. Life has just let me down one thing after another. 

Life sucks. I don't want to be a part of it anymore. ",suicide
254062,"Homeschool makes me want to kill myselfI'm crying while writing this and I'm just writing what comes to my mind 

I'm isolated in a rural area with no real friends. I struggle to complete my daily schoolwork without going in my bathroom to cry. I feel hopeless stupid and alone and i honestly dont know if I can continue this without trying to kill myself. My parents tell me about how ""X got all her homeschooling done in a month"" and that just makes me feel like a massive fucking idiot who cant get anything done. I'm also completely friendless and that makes me wanna die even more. I cant go back to regular school because I struggle 10x more because of my anxiety and I cant be not weird to the point I make people uncomfortable. I honestly just feel like a disappointment to everyone and massive fucking waste of human flesh.",suicide
254064,"I just want to fade awayEventhough I often feel moderately well, I just can't stand it anymore.
Most of the time I feel like an absoulute piece of shit, because of the mistakes I make and the way they (could) hurt others. 
The next second I just mistrust everyone. My friends often tell me about their bad moods, medical issues and stuff for hours. When I want to tell them about my worries they basically cut me off after 5 min.
I tried searching for help in a time in which I frequently dissociated, but no one had room to take me in. 

I just gave up, honestly I don't give a shit anymore. I won't look for help any longer, its just more depressing. If I make it: fine. If not: even better.

Just needed to get this out somewhere, since I don't feel like I can do that elsewhere.",suicide
254067,"I think I’m a small part of other peoples’ bigger pictures.TW: Brief mention of CSA.
This is just how I feel, I don’t believe people should agree or want other people to agree with me. I came to a realization.. it can’t be everyone’s time. Sometimes you can’t make something good out of something bad, sometimes it’s really not worth it. I don’t believe in much but a part of me believes in past lives and next lives. This just isn’t the one for me. I think I’m a small part of a bigger picture. A couple peoples’ bigger pictures. I’ve lived my life as a commodity to be used and discarded of. I was born into it. I didn’t get to be innocent, I started my life being born into someone’s sick fantasy. 

You know how they say some people have “main character syndrome”? Maybe some people are like main characters. I must be a supporting actor, but not really that.. more of an extra. I think I’m a stepping stone towards other peoples’ bigger pictures. I’m the person in the background. I’m a punching bag that becomes a lesson for them that leads towards some sort of self realization redemption story, which will always be bigger than a forgiveness/healing one. I think I’m half a person.. the other half left awhile ago, or maybe I was never really whole. I think I’ve always been half of what a person should be and that’s why I never fully mattered. That’s why I’ve been in the situations I’ve been in. I’m just something that happens on the way towards a “bad” persons self-realization. 

I’m tired of feeling like I’d have to spend the rest of my life healing, and I’m tired of being told to forgive. My forgiveness doesn’t matter, plus I’m allowed to be angry. Some things are unforgivable but no, it doesn’t matter whether I forgive them or not. They’re still gonna wake up and applaud themselves for realizing they have hurt people, and “breaking the cycle”. They’re gonna forgive themselves and move on while they pat themselves on the back, and others do as well. It doesn’t matter what I do. They’ll know peace because they didn’t have to experience themselves through the eyes of others. 

Why are people born to take on the pain that other people choose to inflict? Why was I born to be broken? 

I guess if you really want to turn things around for yourself no matter how bad the things you’ve been through, you probably can. But do you feel like it? I’d rather try next time.",suicide
254072,"Anything that can happen, will happen It just makes so much sense.

(I know it’s from a movie, but still.)",non-suicide
254073,"Why does ""dude"" need a female variation?? idk ""dudette"" just doesn't have the same ring to it.

This is just my opinion.

edit: all ya'll are saying dude is a gender neutral term and since I'm too lazy to respond to all of them I'll just edit. I am aware its a gender neutral term, which is why I'm saying this because it works for all, so I'm saying it doesn't need to have dudette.",non-suicide
254077,"If you're fighting someone say ""you overestimate my power"" so they think you'll be easy, cause if you say they underestimate it they'll try their best and you'll lose Krg6urgi5urdyjdtvjysrcnhcdhdvnyjrdgddvhdyjynd",non-suicide
254085,"Being alive makes me feel weird...I don't know how to explain it, but it's definitely not a good feeling. Its just weird and I want it to go away. I've been feeling like this is all just a dream and that I'm going to wake up soon, but I haven't. 
I've had people try to help me before but it did nothing for me. I just want to go away and disappear. I'm lazy and I've stopped caring about my education. Partly because I feel like it's a dream, but partly because I know I'm going to end up killing myself anyway. 
I don't really know what I'm expecting to get out of this...",suicide
254086,"Sorry to waste everyone's time butI need to get this out to somebody, somewhere, and I can't discuss it with anyone else irl because it'll just upset everyone.

So last night I was at home getting drunk, thinking about the wedding I had attended earlier in the day, thinking about how I'm 24 years old, a virgin, never been in a relationship, and how I'll most-likely never love and be loved in the way that my friend (the bride) clearly is. So on a whim I grabbed a belt from my closet, cinched it around my neck and squeezed as hard as I could until I felt my vision starting to fade and the the blood rushing in my ears. I tried again and again, and even stopped to contemplate actually hanging myself properly in the garage, but I pussed out each time. So after a few attempts I removed the belt and resigned myself to crawling into bed and crying for a while.

I just don't know what to do anymore. The only thing I ever wanted in life was to get a ""big girl"" job, find a nice girl to marry, and settle down with some pets somewhere. But, apparently, that's way too much to ask for and God or the Universe or whatever cockblocks each and every attempt I make to improve myself enough to escape this hell. And as the years roll by and the failures pile up, I keep seeing myself drift closer and closer to a legitimate attempt on my own life. I've already resolved to end everything by 30 at the very latest if I'm still in this situation, which isn't as terrifying so much as it is morbidly comforting. I know ""I'm young"" and I ""have plenty of time,"" but people just don't seem to understand how much the deck is stacked against you when you're a gay, inexperienced, introverted virgin in your mid-twenties. People who've had normal relationships and sex since they were in their teens never seem to understand how damaging it is to make it this long with nothing to show for it. I try and try, but every time I start crawling out of my hole I just slip back down again. My friends tell me they don't understand why girls don't want anything to do with me, and neither do I. I feel so helpless and I'm tired of hurting.

So yeah, now I'm sitting here with a sore throat and a headache, spewing this nonsense into the void in the hopes that someone will give a damn. I'm sorry to waste your time.",suicide
254087,"Why does everyone treat me like absolute shit?It's as if my role in life is to be stepped on by everyone and everything. I have no friends and even my girlfriend said she hates me and can no longer stand me even though I've done nothing but love and support her. I've never had a genuine connection with another human being, a time where I was genuinely valued and appreciated rather than used and discarded. Whenever I try doing something selfless or kind, I get taken advantage of and emotionally abused. Even when I had friends, they constantly made fun of me behind my back or left me when I was no longer good enough. 

Is that what I am to everyone? A tool? Do I have no inherent value as a human being? Am I a monster that's impossible to love?

I should just fucking die already, nobody cares - they only pretend to until they reveal their true colors. 

",suicide
254088,Getting closer and closer...I can't continue feeling this way every fucking day. Its so exhausting. Constantly thinking about how I want to die. I've been feeling this way for 15 years and I don't think I continue much longer. I'm married to a beautiful woman and have an absolute wonderful little girl. I'm a great father but I have such a short fuse. I need help but can't get it without insurance. I just tried the noose on for size but put it away because I felt sick putting it on. Wtf am I doing?,suicide
254093,I feel empty inside.I hate this feeling. It's like I have a huge hole in my chest. I feel bored and tired all the time. I cry all the time. I get panic attacks daily. I'm sick of this. ,suicide
254094,"Venting instead of ending myself I suppose.Today I have woken up with a lot of suicidal urges. I am trying my best to distract myself and stay okay. I feel like everything is just getting too much. It is hard living with an eating disorder, as you all know. Right now its all I have for comfort and control in my life. Self isolation is debilitating for me....I am a recluse enough due to my health issues but now I have not much choice but to stay indoors and now I am regretting every time I took for granted being able to enjoy outside.

Every day is the same with this quarantine shit. I can't exercise because of my health issues but I force myself to dance around in my room because I am paranoid my TDEE has plummeted with being stuck indoors and that I will gain copious amounts of fat being stuck here. 

Living with my family is hard. They're controlling and hostile, dramatic and aggressive (well my mother) and its getting harder and harder to hide ED behaviours because they're so dominant in my mind. 

I feel like a failure for being mentally and physically unwell....I have a law degree but I am not a lawyer yet because I have not been well enough to work. I feel like nothing is going to improve, I will just be a hermit wasting away. I had potential but my mental and physical health have killed it. I don't have much motivation anymore, I am struggling to complete my legal training coursework as I feel so apathetic but I am still trying. I want to go back to university and do another degree like Bachelor of Arts (History) but where will I get the mental and physical energy for that? Recover? FUCK NO.

I haven't seen my boyfriend in almost a month because of this quarantine bullshit, I am scared I will lose him even though we've been together near 3 years and he treats me perfectly. I feel like a burden. I am sick of the mundane. I am sick of being sick and no, I don't want to recover....I miss alcohol. I've been sober since December 19, 2018 and yet this quarantine shit makes me want to drink because I am bored and sad and miserable and everyone else is posting about how much they drink on all social media and its getting harder not to give in.

My ED is all I really have. I fear gaining weight. I fear eating more, especially since in December I was diagnosed with Gastroparesis after an awful gastric obstruction that occured funnily enough from eating more than my body could handle so now I am petrified of eating over X, Y Z.

I want to self harm but my arms are so gecko-like (aka see through) that I could do some serious damage and I do NOT want to bring that kind of thing into the equation as I would end up in hospital for sure....

Idk what the point of all this is...just wanting to let it out because right now all I can think of is hanging myself with a bath robe tie. ",suicide
254095,"I'm so tired of livingFiancé and I broke up several months ago because I was too depressed. I was depressed because she never wanted to see me and it never actually felt like she loved me. She only visited once every other week and when she did she hardly wanted anything to do with me.   

I've been getting worse since then because she was my only reason for doing anything. The last few days I've been especially feeling awful about the whole thing. I've come close to breaking down while I'm working and frequently have broken down on my breaks.   

She messaged me today out of the blue to be all buddy buddy and it only opened up some wounds that were already hurting. Then she refused to talk about things when I tried to tell her I was in a lot of pain.  

Roommates are upset because I started smoking again after the breakup and stopped tidying up. I don't see any purpose in doing anything anymore. I just want to die. The only thing keeping me alive is my mom who would die if I died. She's got medical issues and if she passes away any time soon I won't have any reason left to stick around.  

I just want someone I can love again and actually feel loved back this time. I don't think I'm ever going to find another person though, especially if even someone like her couldn't love me back.",suicide
254096,"Love my momLast night I started having a panic attack (wow what’s new) and typically when this happens I get my mom to just sit and hold me for a bit until I cool down, but last night she came in and just started yelling at me, telling me to “cut the bullshit” which made it 10x worse. She kept saying “stop doing this to yourself, you’re 18 now it’s not poor poor pitiful you anymore”. We started arguing because I told her why I was breaking down; I don’t feel any emotional support from her, ever. She was outraged by that. I can’t remember much of last night because it was all me crying and her screaming and me begging for help and at some point I grabbed a bottle of pills in my room and told her to get me a drink if she didn’t want to support me. She started counting down from 3 (gotta love that southern mom bs) and I just kept screaming that’s not gonna work. I threw the pills and I kept trying to leave my room but she blocked the door and wouldn’t let me leave. It took a good few shoves for me to finally get out and I just ran outside and headed for main street. My cousin ended up seeing me walking and drove me up to my aunts for the night. Call my mom while I’m up there to tell her I’m safe and she starts screaming at me to get my ass home and that she has cops out looking for me and that I’m a runaway (even though I’m 18 now?). I told her I was going to try and get home but I can’t drive, and she was about to send cops up to get me but my uncle said she can’t  and won’t do that. I ended up just going to sleep up there and I got back home at about 7am. Laid back down until 11 and I heard my mom talking in the back of the house. She was on the phone with my aunt talking shit about me and about how I tried to kill my self last night. As if that is going to make me feel better. She proceeded to start saying “well she didn’t take all those pills because she’s standing right here in front of me. What the hell do you want, you get those pills picked up?”. She then started saying shit like “you need to stop thinking about yourself and think about how everyone else feels” and I told her I’ve been thinking about how everyone else feels my entire life, which is why I’m the way I am now. I never thought about myself and now I am and she’s furious about it. I’m so tired of this. If I kill myself, it is HER fault for not being there for me. I can’t just “get tough” like she wants me to, i need HELP",suicide
254097,"Threw away everything I had, now it's time to finish the job.I've been depressed for a long time. I don't have any family left, I can't afford to go back to college, I'm broke, can't find a job, and I threw away the only person to ever care about me. She's the love of my life, but for whatever reason, I guess it wasn't enough. I always swore I wasn't the cheating type, but I guess I didn't know myself as well as I thought. She says she wants to be with me. But now a new ""friend"" of hers is taking all her time. I guess it's only fair to get a taste of my own medicine. Maybe knowing that I hurt her will make this easier, like I have it coming. Anyway, I'm done for now, I guess I just needed to get this off my chest before I do it. Thanks for reading. ",suicide
254098,"College struggles have me at rock bottomI started the first course of my STEM major a few weeks ago. It is not going well at all, I don't enjoy it, it is causing me immense stress, and leaving it will derail my entire life plan. I just don't know what to do. I can change my major to something that interests me, but it would be something useless. Complete rock bottom. My life was on a massive upturn with a great gf, good health, etc. it is all shattered now. ",suicide
254099,"If your emotions are really extreme, either call right now for help or please let some time for others to answer you if what you really need is to talk with people who can relate to what you’re going through.I’ve been here and have done three suicide attempts. The last one was brutal and would have worked if a complete stranger didn’t intervene at the risk of his own life.
I’ve been struggling with my mental health for quite a long time now. I turned 40 this year. I’ve been hospitalized several times. I can share.",suicide
254101,"Yo why did I get award for my last post??? I mean thank you! But I was talking bout having my first sex dream soooo......

Ha ha",non-suicide
254102,Took a math test and English quiz today wish me luck on them good scores,non-suicide
254103,"I have girlfriend, I can't do relationship stuff Wtf do I do? It's my first relationship in like 3 years I forgot how to have sex, wtf",non-suicide
254104,My art teacher be like “Yes this picture has the lowest resolution. Let’s send it to the students”,non-suicide
254114,"Mire rambling(Ik I ramble alot on this sub, so if you guys want me to stop, and feel like I'm talking up space for someone who probably needs it more, I will stop if asked) I might just be going crazy at this point, but hear me out. I can't improve my situation, so, how can I get truly better? I can't force people to care nor do I want to pressure people into caring by telling explaining how I'm hurting. I've noticed that the few people that I have told, either run off, or stay closer, but how long can they stay close before giving up? I don't blame anyone for giving up, don't get me wrong it hurts, bit I can see why they would. I don't want to be treated like that by everyone. But how am I supposed to improve my life like this? I don't want to be treated like either a child, nor do I want to be treated like I'm dangerous to others (the only person I ever want to truly hurt, is myself). However, that leaves to options: Lying to myself, or suicide. Lying to myself only helps me for so long, before I crash down. So I guess I only have only one option that where won't hurt anymore.",suicide
254115,At schoolI'm at school right now and I can't help but just feel inferior and useless. I dread my existence when I look at my classmates . I do nothing and am doing nothing in my life . I hope I can build up some gall to kill myself because everything fucking sucks. I know someone will say that I'm being irrational but really I'm not . I keep procrastinating on the necessary things and I think it's just because my subconscious knows that I'm gonna kill myself . Fuck ,suicide
254116,"Always in my thoughtsI feel badly posting here seeing so many people in crisis and I know I'm not there yet, but I don't know where else to put this and I need to let my brain vomit.

Killing myself is always so close on my thoughts, sometimes just the words 'kill yourself, garbage' or other times detailed plans and imagery and imagined sensations in explicit detail. It feels like the default thought in my head is that I need to die and it's only by conscious effort I remember why that's bad. I've attempted twice before and it's like a switch flipping or a scale being overloaded, suddenly all the reasons to be alive don't matter.

I live with my boyfriend and see a therapist. I feel like such a bitch and dead weight when I see how worried he gets. He insists that he wants to know when I feel like this but I can't tell him. It's all the time and talking about it doesn't really help. My head feels like it's exploding all the time, my mom just got diagnosed with terminal cancer and therapist she I are exploring the possibility I was abused and forgot it so now I feel like I can't trust my memories. I don't even know what I'm asking for. It's hard to fight all the time",suicide
254117,"Gonna go read killing stalking for the first time, Gonna update y’all with my thoughts on it because I feel like I an missing out on something very big.

I know I’ll probably regret my decision but oh well,",non-suicide
254118,holding hands are underrated asf like fr it makes me goo 😌🙂😥 it's pretty simple gesture but fuckk does it make me feel giddy and warm and safe and allat shit at the same timee🙂🙂idc if ur a homie or a complete random stranger i'll go real mad if someone makes me feel this way again 😸,non-suicide
254119,"Do girls like guys who completely lose their shit at the slightest provocation and go on ten hour violent tirades before passing out from exhaustion Cuz das literally me baby

Form an orderly line",non-suicide
254121,"I'm scared and I'm losing hopeI'm just really worried about the future, and I don't know how I'm going to do this or go through this. (for context, I'm just not good enough to be accepted by colleges and my parents won't approve of going to community college) But an hour ago, my mom told me I probably won't get into college, I know I shouldn't listen to her but, I still worry If I'm on the right track or I need to do build up my G.P.A even more. I know I'm probably the worst person to apply for a pre-med program but, we'll see how it goes. Another problem, I keep on having is no motivation to study for the SAT or anything else right now. I feel shitty going into senior year and I wonder if I'll ever feel happiness other than getting into college and if I'll make my life better. Honestly, if I don't get into college, I can't bear the thought of going to community college but I'll try not to focus on that right now",suicide
254122,"ImprovementToday was a much better day.


I made a new friend. I had to put myself out there by using alcohol to suppress my social anxiety. I didn't tell her but without that there's no way I could have made the gesture that helped me meet up without numbing myself from the pain. Meeting new ppl for me is and was hard.

We met on terms open to, and maybe even inviting to a relationship. If I were being completely honest with myself, I would admit she's probably got a few too many behavioral/personality traits that I regularly avoid.

She really is a cool person though and I hope I can become a good friend over time. I feel like I can connect with her in ways that I can't with others.

Here's to hope.",suicide
254123,"I only go on living out of morbid curiosity, to see how much suffering I can endure. I'm tired. All the post titles on this subreddit ring true for me too.",suicide
254124,Heading into inpatient todayWish me luck :),suicide
254125,"SincerelyI have major deficiencies when it comes to socializing and forming any kind of relationships with people. And the way this was dealt with growing up was to basically pretend it’s not a problem and that I was always just shy and quiet. If it was just in social situations that I couldn’t navigate that would be fine, but in professional life, people genuinely don’t want me around them. I quit a decent job a few months ago because my mental state was so bad. I moved in with my parents. I’ve done a few interviews and gotten nowhere. So on top of all the structural problems, given student loan debt I’m also facing financial ruin in a matter of time. I just barely kept my head above water all these years. The crazy thing is I’ve known this my entire life. When I was much younger I’d think “I’m going to kill myself” all the time. In my early twenties, when it started to become clear that things aren’t going to go well for me, I always thought I’d probably end up killing myself at age 34 or so. Throughout my 20s this was always in the back of my head, and I figured I’d have as much fun as I could. I’m 32 now, and there’s nowhere else to go. Even though I’ve known this for a very long time, it’s fucking crazy when you’re actually coming up on the end. I had always hoped my parents wouldn’t be alive for this, but I don’t know if I can hold out. I wish there was a way to convey that I genuinely don’t want to be alive, and to thank them from the bottom of my heart for these years.

I will likely say I’m going for a run, and then jump off the bridge head first onto the concrete path below. Hundreds of feet and certain death, isolated industrial area. 

There were great times, a lot of laughs, some wonderful people. I hope a kinder, more compassionate, more equitable world arises in the years to come, though I’m not optimistic about that. But I do sincerely hope the good people I’ve known and loved can carve out meaningful lives out of this madness. Good luck and many thanks to them.",suicide
254126,"It gets better... then it always gets worse?Every time I get happy something shitty happens and I know it’s how I use my coping skills. I use them very well and on the outside I do every single thing right and appear fine. 
But like... what’s the point? More bad days than good. It’s like it never goes away. Ever. Even if it looks like it does on the outside. 

Please I need a cure for the way I am it’s fucking killing me. Just fix my brain I don’t want to think this shit anymore. 

Sorry for the rant I just needed somewhere to speak. ",suicide
254130,"Teenagers, what's one movie that has actually depicted teenagers and their problems like they are irl? Filler sorry filler oof ugh meh blah",non-suicide
254131,"If someone deletes a class social media account, will the others know? Like through Instagram if an account that 6 people are on is deleted and you can see the location when the account is still active, will the other people know about it? Can a deleted Instagram acc be restored leading to everyone knowing?",non-suicide
254136,omfg wth man thanks u/someone-with-nothing for the comment *mwah*,non-suicide
254138,I was red-arsed by my father. Does it count as child abuse? This is a game of red-arse btw  [https://www.youtube.com/watch?v=6MxMT2PrgF4](https://www.youtube.com/watch?v=6MxMT2PrgF4),non-suicide
254139,"OH MY GOD, I’VE JUST DENTED MY IPAD OH FUCK, FUCK FUCK FUCK! IT‘S INCREDIBLY NOTICEABLE

I’m in deep shit now!!!!!!!!!!!!

FUCK FUCK FUCK ME",non-suicide
254143,People are spreading rumors about me Some girl thought I was stalking her because I was walking behind her too many times in the hallway and then she started telling everyone that I was a stalker creep and ruined my relationships with many people and now I have no one and I don’t know what to do I’ve gotten threats of people beating me up because of something I didn’t even do I need some way to get revenge I don’t even care about my reputation anymore or friends or anything I just need her to regret what she did,non-suicide
254144,"Day 13 of posting my favorite bit of lyrics from a song on my Spotify playlist. ""Who tied the other, end of my rope? I want to move on, I want to have hope. So I'm willing to change, I'm going to try. To show I am strong enough to trust in you."" from Trust In You by The Offspring",non-suicide
254145,"So, What does kissing a girl feel like I sometimes Imagine it in my head but I don't know what it feels like, help\~!",non-suicide
254146,"Anything for attentionI’m a young guy that’s in high school who looks average I’m guess. 

For most of my life I’ve been a weird kid that always begged for attention. I didn’t have any friends and people who I talked to at school weren’t really my friends but more associates. I never hung out with anyone after school and spent my summers by myself. My parents never gave me any attention as a child (obviously) and they still don’t. For most of that time I’ve always been happy, or maybe I wasn’t I don’t exactly remember. All my life I would get in trouble of doing dumb stuff, I would get suspended for making racist jokes, distracting the class, or people would accuse me of doing something when I didn’t do it. 

(I would skip over this part, it’s mostly a rant about my parents) My parents cared what I did, but I’m a way that they won’t get in trouble. Like they wouldn’t let me go to parties (I know this contradicts my point, but I’ll explain later) they wouldn’t get me anything for Christmas, they would punish me by taking my stuff away, or make me sit outside. And when I ask when I can get something back or go inside they would say “I’ll think about it” and would never tell me how long or give me a time If that makes sense. If I wanted to go somewhere and asked them while they were watching their show, they would yell at me to go away. I would say their abusive, but I’m sure some part of them cared a very little bit. 

My last year of middle schools rolls around, I get some popular friends, I’m still really weird at this point but I start learning from them on how to be normal. I’m still very attention seeking and  I still have problems controlling it to this day.

By this point, I’m starting to realize how much my life sucks. A lot of people still don’t like me but these friends start defending me and it means a lot to me. My friends have girlfriends and they’re going out and smoking weed and skinny dipping and while I’m in my room, browsing YouTube and being jealous of what they’re doing. 

A few years go by and I loose all those friends because I fucked up bad and there’s no way of fixing it. Those people hate me and I don’t have anyone left. I’ll stay in my room watching these people hanging out and doing fun stuff on their Snapchat’s stories. Seeing people go to the beach on my instagram and while I’m in my room, doing nothing.

My grades are really bad, I don’t have any friends, my parents are kicking me out of the house as soon as I turn 18. I can’t control my attention seeking personality. And I’m super fucking retarded (by which you can tell by the spelling errors and stuff not making sense on this post) and I have no future.

I got a taste of what having friends feels like and that being stripped away from me feels horrible.  I have no future and I might as well end my life now and spare my pain that I would deal with in the future. And maybe get a lot of attention from my school that I killed my self, or maybe no one will care. Because I’ll do anything for attention.

If you have any questions or you’re really confused (which you probably are) please ask and I’ll try my best to answer them.

",suicide
254147,"I think I need help but to be honest I'm not sureLook I'm definitely not bipolar or anything but some days I feel like utter shit and other days im okay. I was walking to school today and I was having suicidal thoughts - happens occasionally - and I had to stop at one point of the way to shed tears, and I was late. A few days ago I had a knife in hand - just to cut my bread, and I thrust it at my chest. No thought put into it, until at the last minute I stopped and let go, dropping into the floor. Things like this. I feel okay now, but I still don't know what to do anymore...",suicide
254148,"Things SuckSo I hate complaining but I really just want to die at this point because of the amount of people who have said they quite legit hate me. It puts a lot of stress on me and I overall believe and have been told I'm quite stupid. My mom even hates me and doesn't even laugh at my crappy jokes anymore, thankfully my boyfriend is nice to me (which my mom said I should keep a secret because I ""don't know what you like"") but I just can't shake the urge, a fourth of my friends hate me because ""You're a dick"" and the other 3/4 don't know how to react when I say I wanna die. Really I just need something, literally anything.",suicide
254154,"Advice for friend!Hi, I have a close friend who has been going through depression for over  a decade. She recently told me she's had suicidal thoughts for a long  time, but will not kill herself until her father has passed away. She  lied to her father about her depression a while back because she does  not want him to worry about it, but she is in a lot of pain right now as  she is going through a depressive episode. I'm not sure what I should  do- she does not want to seek therapy because she has tried it before  and found it ineffective, and feels that if it does not work again, it  may be the last straw. I really care about her and love her and it hurts  me to see her go through this. I'm always here to listen, but part of  me feels like I'm harboring a big secret that will only cause her more  pain in the long run. What do I do? How do I help someone who feels like  they can no longer seek help? She's currently on anti-deps also. ",suicide
254155,"Why is it worth livingThis is my first post here but for years I've battles with these thoughts. I was in counselling for months and diagnosed with borderline personality disorder, on SSRI's for months and did the best I could but nothing seems to help. With the way my life is moving on everything is going too fast; I can't find housing, I can't save money, and I feel like a burden to my girlfriend and family. Can anyone truly explain why it's worth living in a world where everything is so wrong and it seems like happiness is but a distant memory.
Thanks for taking the time to read this",suicide
254156,3 more days.I'm attempting this Friday.  Wish me luck.,suicide
254157,Just want to end it all.I got to know my father has started drinking again. He beats my mom. My mom on the otger hand has taken alot of debt. Everyday loan sharks call me . The one person I loved left me. I was suffering from depression because of this and she said she couldn't take it. I have already tried 5 suicide attempts. My friends also left me. I don't feel like I beling anywhere. I think I'll never be accepted. I think I am different from everyone. I have never been this low. I feel so broken. I feel completely shattered. This pain is too much. I don't have money to go to a therapist. It seems so hopeless. Powerless. I just want to end it all.,suicide
254174,"That's sucks but apparently everyone go though it rn, it is called ✨school✨ So I have a very big pile of hw to do and very tough teachers that won't agree to change the submission date even if their lives depends on it. I have at least one big work for each day of the week, and I'm only in 10th grade, oh and I think that there is a name for how am I dealing with it- gifted kid burnout maybe?. Anyways I'll go continue my lovely breakdown, good luck for me, and have a nice day for you🦋",non-suicide
254177,"Did my friend try being with me? So I recently had this thought running through my mind about a friend which Ive known for years will call him (Alex).Alex has been my friend since elementary he always throws compliments at me saying how smart I am and how funny I am  he always ask me for help when we have math homework and stuff we were really close with each other some of the kids in our class said “Are you guys gay?” and i could see why they would ask that we were always near each other and sometimes he hugs me or puts his arm around my shoulder and a couple times he held my hand which made my face turn red now I didn’t mind this because I believed it was just    H O M I E  love sometimes before class I would lay down on a bench outside and he would sit near me and look at me and just smile one time he called me cute and during class kids at my table would take my pencils as a joke but he didn’t like that he would argue with them telling them to give it back I knew they were just joking but watching him do that for me made me feel safe around him.When March came around I started getting real feelings for him but we all know what happened during March “All students will have a week off of school due to COVID restrictions” a week turned into a month and now it will almost be a year March 15th will be the day school closed I lost feeling for him because well I don’t see much of him anymore 

I don’t know if this belongs here but I thought i just share Ill delete this if people ask me to",non-suicide
254178,"Everyone calls me handsome, I think I am handsome Not just relatives but like friends and people I know

Then why do I think that everyone thinks I am ugly as fuck but doesn't tell me and they are in on this conspiracy",non-suicide
254179,Random quote part 1 PANCAKES GO - James Hetfield,non-suicide
254180,"Just in case no one noticed... We have another forest fire.
Two nations are fighting again.
Kim Jong Un revived again.
I mean they've restarted the game",non-suicide
254183,"Yes’m yesn’t Yeesn’t


Yeetn’t


Automod stay away from my post or I’m coming for you. 😤",non-suicide
254197,what kind of piercing should i get? I really want to get one but idk where and i just want to know which one would look best,non-suicide
254198,"can u compliment the post above me we're all lonely people in this lonely world. lets spread some positivity, people!",non-suicide
254199,🫂 here's a hug if u need it rn positive vibes only today. if u aren't feeling well or need to talk about something feel free to vent in r/formyfellowteenagers,non-suicide
254202,"I dont even know what's wrong myselfI just want to end it, ive been stuck with this in mind for about 4 years. It will just never go. Ive had up and downs but today we are monday and i wish i could end it. But as always, i dont have anything in the immediat to do so. How do y'all have motivation to live in such a fucked world. The only thing that comes to my mind are families. But you know what ? Fuck em too. Society is a failure and so am i. I wish i could give my time left on earth to someone who can actually achieve something or atleast want too. Someone who deserve that time here. I hope one day suicide will be a supported option.",suicide
254203,"SundaysOn Sundays I have the desire to die.  The first two suicide attempts were on Sundays.  Tired of teetering with death.  Wish I had the balls to successfully go through it.  Least the people who successfully committed suicide ended their suffering.  Hell I tried sleeping pills and prescription meds.  All I had was just a long dream less sleep.  I tried taking eight energy pills and all that happened was my heart was beating fast for like ten hours.  I tried to die and still want to die. I know how life is and I don't have a zest for it. Still staying alive is just  prolonging.  Well goodnight and may I find the courage to one day end my life.  Or may I find the peace to continue life.  Idk just tired of being human. Tired of hearing the crime on the news,  people dying that wish to live tired of feeling in despair,  tired of dealing with realism,  tired of this whole moral thing in life,  tired of going to work.  Tired of seeing the world suffer. ",suicide
254205,"Everyone is so oblivious it makes me laugh.You'd think the constant self deprecation and hatred would be some inkling that I'm hurting.
But nah. ""I'm here for you"" doesn't mean shit if you don't prove it when I need it most.
I've heard way too much about people having their best friends leave them when they need it most.. and I can see myself being on both sides of the coin. It hurts me just as much as it hurts them.

Even after me making it painfully obvious I don't want to die tonight I still barely get anything back, so maybe it's a sign it's my time.",suicide
254208,I need anyone.I don't want to feel anymore. I am so trapped and I'm scared. I need anyone to talk to please. I am so alone and I feel like the only thing I can do is kill myself ,suicide
254209,"Today I couldn't stop thinking about why I am still alive...Today I (25M) had to take a 1/4 of a Clonazepam pill to calm my mind, I cried for hours on bed feeling that my existence is really of no importance and forgettable. 

My ex, with whom we ended our relationship in good terms, told me this morning that she met someone cool and it made me feel really like shit. I haven't been able to met anyone since we broke up, I made accounts on many dating sites and got no matches at all, feeding even more my insecurity. 

I feel like my friends are tired of my depression, since no one has spoken to me in months and when I spoke to some of them, it was short and tense. 

I used to be living with my girlfriend and since we broke up, I had to come back to my mother's house and am currently sleeping on the living room. I haven't been able to get a job because I get really scared around people. 

I am supposed to be studying but I missed most of my classes on my second year because of, again, being scared of going out and facing other students. I have to go tomorrow to not lose the year I completed but just the idea of going over there makes my stomach turn and they aren't answering my emails or just telling me I have to be there in person. Honestly I feel that if I died, my ex wouldn't miss me too much since she already has met a lot of cool people and my family would have one mouth less to feed and a living room to use. My friends haven't spoken to me in months so I don't think it would affect them too much and I don't see it in myself to cure my mind, I don't have any money and the public services here are really bad, giving an hour with a psychologist once a month if lucky. 

My neck and back hurts from bad posture, my balls hurt from an old uinary infection, I'm weak since I never got to do much exercise because I had asthma when I was little. The only thing keeping me from killing myself is that I'm a coward who is scared of the pain that comes with death by your own hand and I'm scared of drinking or taking drugs because I know that deep inside I really want to die and maybe drunk me would do it. 

I don't know why I'm writing this, I don't feel that words can change or help me, I just want to write how I feel and if someday I do it... I don't know. 

Many many many thanks to all the people who give advice and try to help on this sub, you are some of the humans that give me hope on our fucked up species and sorry for the long text and bad english, it isn't my first language (I live in Chile).",suicide
254210,"Today is my birthday and i’m more depressed than everI’ve had a whooping 4 people tell me happy birthday today. Only 1 of my “friends” told me happy birthday. The other 3 were family members. No i’m not posting this for sympathy or for someone to tell me happy birthday. guess i’m doing this to vent since i have no one i can vent to but reddit. 

I’ve been dealing with depression for 4 years now after my ex left me because “she didn’t feel the same”. I’m so down lately because I’m tired of being alone. I’m so lonely it’s just old at this point. All my friends have girlfriends, getting engaged, and having kids. Then I’m over here with nobody in my life doing the same shit every single day, work, the gym, sleep. It’s really getting to me because I feel so lame and unwanted. I don’t think I’m unattractive or have a shitty personality but I guess girls see me differently.",suicide
254213,I want to be happyCan someone give me reasons to be happy,suicide
254214,"Angry as fuck - short ventI started this year so happy and hopeful, first week of uni was a breeze and I was starting to make friends and was really disciplined with my studies. But then I came down with a sore throat that hasn't gone away.

I haven't been able to talk or socialize with anyone for the last almost four months, I've been completely alone and isolated and locked up in my house for most of this time. I can't study because I just feel so depressed. I've seen a specialist and apparently I should be healed in the next few months, but it's taking too long, I've got four exams in the next week and I have done precisely 0 hours of study on any of them this entire semester. I'm so fucked.

This really pisses me off because if it wasn't for this sickness I would be fine. FUCK. I need a miracle to pass these exams but realistically I'm going to fail them, I can't focus and just procrastinate so much, even now posting this is just procrastination. Blahrhfhhfh

",suicide
254215,"Feeling sad.No matter what I do, I hear them judging me. Was it something I said, or something I did? Answers are hard to come by in this day and age.",suicide
254224,"Fuck Depression and Anxiety! Life is finally taking a good turn for me! Might be weird but 2020 is the very best year of my life! School is going well,I finally got diagnosed with dyslexia so school is finally stopping to consider me a lazy student.  I finally am finding some confidence thanks to the enormous amount of hours spent training this and last year. And I also got GF! SHE IS THE BEST! I really love my life right now",non-suicide
254226,this is bullshit bullshit,non-suicide
254247,"Looking for some life advice. I'm looking for some life advice. There are a lot of things I want to do, such as learning to draw, finishing a more long-term programming project, etc, but whenever I get to doing them I always end up not really sticking through it. Usually I burn out after a couple weeks or so before getting sidetracked or distracted with video games, anime, or some other distraction, and I have real trouble forming habits around productive things I enjoy doing. Does anyone have any advice? I've been feeling kind of depressed about it for a while now, and it's been quite difficult.",non-suicide
254248,Good night I hope I won't wake up,non-suicide
254251,Anyone want my free reward Thanks for your service by sorting by new.,non-suicide
254290,"At the very edge right now.Hey Reddit.

I don't necessarily have much of a preamble for this sob story, so I'll dive right into it.

About me: Been in the Army for over a decade now. 3 deployments, Iraq and Afghanistan.

My knees, back and shoulders are in constant pain. In the past decade I've lost 5 friends to suicide, and 4 to the War on Terror. I've punched holes in my walls, driven dangerously, went to the gun range more times than I can count, even had a few sleeping fits where my wife was injured.

My family is scared of me. I'm scared of me. I'm currently living two states away due to the Army and my wife not wanting to go with me. 

I pay for an apartment and a house, my mortgage went up by $900 a month. I can't afford either. Had to sell my truck for an older one, now its having issues too. Rent on my apartment is due, late with associated fees so I can save up for the house. Its about to go into foreclosure, and I have exhausted any financial resources available to me. I don't know how these people expect me to just magic money out of nothing.

Crying as I write this, I'm currently into my 6th beer of the night. I have a shotgun next to my little bed and it looks more attractive with each drink. I can't do this anymore. Between the Army and financial issues, I feel my self control and discipline fading, my willingness to push through the issues is being overwritten by the desire to just end the whole fucking thing.

I'm looking back on everything and see all the opportunities I wasted, all the time ill never get back, all the hard moments telling myself that it will get better and it just fills me with anger. 

I have two daughters, and I know it will devastate them to learn about it, but at this point I've hit such a low that the guilt of it doesn't even phase me anymore. 

Can't even think of anything else to write, so I guess this is it.",suicide
254292,"Just kill me now. There's no reason for me to keep trying.I'm miserable. My skin is itching everywhere. I have a project due in a few hours and only did half of it. I just spent two hours crying and it's not gonna stop.  
I keep fantazising about drinking bleach. I just imagined it. The sole thought of it made me feel more alive than I ever did. I was fighting with an unknown man, he dared me to do it, and then I did and he tried to stop me because I wanted to drink more.      
Just kill me now if you exist God. I don't believe in you but if you exist please fucking erase me from this existante now. If I meet my soul mate like I dreamed in the other side then great. If I don't, then also great because I won't feel it. No worries, no pain.    
There's no point. I'm never going to be normal. I'm never going to be happy. I'm never going to be good at anything. My only destiny is crying and pain and self loathing. It's been 20 years God you had your fucking laugh. It's over. Do it now. I will pray honestly for the first time in my life and it will be to ask you to kill me. Please. Do it.",suicide
254293,"I just want to be done with everything. Everyone is constantly yelling at me and blaming everything on me. I really want to walk in front of a train.Today I went to the doctor with boyfriend and he started screaming at me and blaming everything on me. Trying to make me feel like an awful person. Everyone is just constantly yelling at me and ALWAYS ALWAYS ALWAYS blaming EVERYTHING on me.

God I just want to die already 

I feel so alone ",suicide
254294,"Shit, should I do it?We don't know what's out there.
I'm tired as fuck because of all of this
But in the end we're all gonna die alone
I keep bouncing between the (everyone will be hurt because of it) to the (fuck it I'm miserable, no one matters, existence doesn't matter we're just like animals but with extra steps) ideology and it's killing me.
Animals die everyday 
I'm an animal, can I die today? Where will I go, what will become of me, will anything in the afterlife be affected by this, do any of these people, relationship or not matter? I've been told dozens of times that if it came down to it, and it was me or them, they'd save themself, so fuck it? Right??
Fuck the hotlines, fuck the medicine, fuck school, fuck these sociopathic and self destructive tendencies I got from my mom and dad, I'm ready to off myself, but i mean.. shit man I can't help but feel bad about it.",suicide
254295,I’m readyI’ve isolated myself from all my online friends. They won’t even notice that I’m gone. I’m ready to do it and I have nothing other than my parents stopping me. I just wanna call the cops then hang myself while they’re off to work so they don’t have to find my body. I don’t wanna put them through that trauma.,suicide
254301,Why is it always the prettiest of people who are always the most in denial? Why is it always the prettiest of people who are always the most in denial?,non-suicide
254306,if anyone wanna talk dm me except i wont answer until the morning even tho ill be online for like another hour,non-suicide
254307,"Is it just me or is this summer the most boring thing ever Nothing happens, could just be me tho",non-suicide
254322,K-pop is so flipping popular that there are stereotypes for its haters Can you think of anything else that has stereotypes for its haters,non-suicide
254323,"Yet another free award give away Third giveaway. Just say something funny. Just say it. You might get an award, who knows? Just do it.",non-suicide
254324,We don't deserve dogs. We deserve better. What new animal should be man's best friend?,non-suicide
254325,"How do girls work i was recently told by my girlfriend that her friend has ""suddenly gotten really hot"". i went and looked at her friends insta, and i was like yeah i guess she kinda cute, and my girlfriend went on to tell me about a bunch of ""unspoken rules""

&amp;#x200B;

 

1. if she asks of she looks fat. dont look. just say no 

2. if she asks if someone is prettier than her, dont look. just say no 

3. she calls another female hot. dont look. tell her she has nothing on her 

4. if out of nowhere she says like ""please call me"" if you can, pick up 

5. gm, gn messages are a key to a girls heart 

6. if your upset, or angry, or like feeling ""needy"" TELL HER

&amp;#x200B;

dont girls want honest guys?! im so confuseddddddddd",non-suicide
254327,"Guys i fucked up My mom came in to lend my hairbrush. No big deal right? Normally not, but she didn't took my normal hairbrush, but THE hairbrush.

I kinda feel bad for her using it, I mean it was clean and so on, but still, I feel bad.",non-suicide
254342,Goodnight you wonderful little broskibittyboperonies Or siskibittyboperonies,non-suicide
254343,"Here is how I met my gorgeous girlfriend Thanks for watching, Please subscribe for more content",non-suicide
254344,"Real question for girls. This is gross but, how do you deal with swallowing after giving a blowjob. I hear it's the worst tasting thing ever, but in experience girls still swallow.",non-suicide
254349,"u/Horizon8969 has been telling people I’m grooming 13 year olds, don’t listen to him. He’s just jealous In October I dated his sister and one night we decided to ask private questions because well to get to know each other better and stuff. So we do that and you can clearly see me ask before do you want to do this? And are you sure you’re comfortable? He then went through our convo (going through his sisters messages for some reason) then he’s cropped it so it looks like I’m just asking them for no reason and I’m asking for nudes when I’m not. Here is our convo and you decide what you think. https://youtu.be/-hTEvbHnWpw",non-suicide
254350,Cultural Differences [https://www.youtube.com/watch?v=9dpqCK5cB0Y](https://www.youtube.com/watch?v=9dpqCK5cB0Y),non-suicide
254352,NOBODY IS SAYING MALES CAN'T BE RAPED/SEXUALLY ASSAULTED. NOBODY SAID THEY CAN'T. SHUT UP. ㅤ ㅤ ㅤ ㅤ ㅤ ㅤ ㅤ ㅤ ㅤ ㅤ ㅤ ㅤ ㅤ ㅤ ㅤ ㅤ ㅤ ㅤ ㅤ ㅤ ㅤ  ㅤ ㅤ ㅤ ㅤ ㅤ ㅤ ㅤ ㅤ ㅤ ㅤ ㅤ ㅤ ㅤ ㅤ ㅤ ㅤ ㅤ ㅤ ㅤ ㅤ ㅤ,non-suicide
254362,"Coming out Of prison. 10 years is a long time, but boy did those orphans deserve it",non-suicide
254363,"Not nice to do that Why tf does my dad roast me soo hard when other kids are better than me?
My grandmas neighbor have a kid that texted my dad about using our land for farming, and my dad just roasts me because he says i dont do anything in my life. Bruh dad i dont wanna do farming u know im not person who does brainless job, yes i know im stupid sometimes but i dont wanna start fking farming if im smart enough to get good education and earn twice as much. (Sorry for bad words and bad english)",non-suicide
254364,This sub reeks of femboyphobia 🤠 It is I the cum bucket,non-suicide
254365,"im tired of my parents i'm tired of my parents treating me and my brother s like shit. they constantly act like we're nothing and constantly yell at us. we just got breakfast and my younger brother was asked to get my mother some ketchup. my oldest younger brother said to another that he doesn't like  ketchup then my stepfather (their real father) got in his face and screamed at him to mind his own and no one asked him. my mother out ketchup all over his food. later while we were eating my step father yelled at one of my little brothers to stop playing with their forks without saying a name. i asked if he was talking to me and he yelled well obviously i wasn't as loud as he could so i yelled back that he should've said a name. i then got yelled at by my mom  to never talk to an adult like that because apparently they're some super gods not worthy of some disobedient children like me and my brothers or at least in her mind she thinks they are. she then left the kitchen where me and my brothers where eating. me and the brother who got ketchup all over his food earlier silently switched the food on our plate so i would get the food with the ketchup. we of course ate the food we switched fast because mine clearly didn't have ketchup on it and his did. as soon as i finished eating i went to my room and got to typing this cause i was still mad. my brother came into my room and thanked me ( me and him share a room). its been this way since my mother met my step father. before then she was actually really nice and wasn't all high and mighty towards me and my now 18 year old brother.

tldr: i'm tired of my oppressive parents who doesn't like me and my little brothers to have opinions",non-suicide
254371,"I really wanna die (24 M)English is not my first language... Sorry for the redaction. 

I've been depressed for 3 years since she left me. I'm fucking tired and angry. I hate feeling like this. Nothing makes me happy. I'm in a new relationship now, but I don't love her. I don't think I'll make it through this year. ",suicide
254372,"RantJust ranting - no one needs to waste time reading this. 

I believe I am one of those people who just can't get a good deal in life. Everything was stacked against me. Things only go from bad to worse. And all my possibilities are just bad ones - if this was not personal, I would marvel at how imaginative life is at screwing me. 

I am in my 30s now. I was once young too. I have seriously wanted to die since I was about 11 or 12. Held on. And on. And on. Naively I hoped that things would 'get better'. 

There's no hope. My life is over. I am not one of those people who can turn things around in their 30s. Like most people in my position, I'm tired, fed up, and hopeless, having persevered for 2 decades and having achieved nothing. 

I really wish I could kill myself. I wish I had no responsibility towards my family. If only I hadn't waited this long, if I had known in my teens or 20s that I would end up like this, so many 'if only's.",suicide
254373,"Me and Arguments.Every time me and my sister get into an argument, she tells me things such as 'hang yourself in the basement' or 'go play in traffic' and also, 'I wish you would just die, I would never miss somebody as stupid as you.' She is 11 and I am 14. It really got to me today as I was playing a game where you Fight eachother, and I killed her in the game (its all online) and she got upset and told me ""Im going to tell on you and if you dont get in trouble I hope you die so I dont have any siblings.""

Im not really having any major suicidal thoughts but it has been making me quite upset every time I think about what she says to me all the time.",suicide
254382,"Random post about life advice from a random person (Todays Topic: Love) Love has many different applications and meanings for people. I will define a few different types of love from an Ojibwe perspective.

Romantic Love: A love that involves two or more individuals to partake in romantic actions.

Familial Love:  A love that is defined by a family or family-like bonds.

Admiration Love: Love that is defines as a very deep, special admiration for another.

Friendship Love: Love that is acknowledged between a friend group through a bond.

Love of Humanity: A love that is defined as having special regard for all people.

Love of an individual: A love that can be defined as love for someone in fellowship regard, this love doesn't have to be like any of the previously mentioned love.

Communal Love: A love that can be temporary or everlasting depending on ones feeling toward their immediate community.

Love of life: A love that is present when one understands all living people share the experience of being human.

Respectful Love: A brothership love that involves individuals who are committed to help each other and hold each other in respectful regards.",non-suicide
254384,"Please read if you need a friend right now Because i fucking do.

So here are a few things about me:
1. I have a really boring haircut and i just tried to cut my hair to make it look cooler. I think i failed lol
2. Im female, sixteen and from germany. Id like it if i could make a friend that also lives in germany. But it doesnt matter all in all.
3. I go to a school where im learning programming at the moment. But i also really suck. So yeah, dont expect too much.
4. My favorite song is twin size mattress from the front bottoms. Id love to know what your favorite song is. 
5. I like a lot of music. My favorite band is Bring me the horizon. But i also listen to softer stuff.
6. I have a black cat :)
7. If your alternative or emo, i would proably die for you.
8. Id also die for oli sykes
9. Im an animal crossing addict.
10. Im a vegetarian (i really dont mind if you eat meat)
11. I would love to share my top 10 memes with you
12. I dont have snapchat

So if your not a creepy old man you can send me a message. And you have to be a cool person as well ;)",non-suicide
254385,The most terrifying emoji is ☻☻ What even is this,non-suicide
254397,"Why the fuck does everybody fucking hate me and ignore me?This is a throwaway because nobody fucking replies to me on my main. 

r/depression won't reply to my posts.
r/suicidewatch won't reply to my posts.
r/offmychest won't support me
r/needadvice won't give me advice.

Family doctors ignore everything I say. Emergency room physicians send me away with medication. Psychiatric nurses tell me I need to try harder if I want to feel better.

Why the FUCK is everyone against ME? What did I do? Why the fuck aren't my auditory hallucinations, anxiety, and suicidal thoughts important to anyone? I just want to fucking be better. This is just one more reason why I should fucking kill myself! ",suicide
254398,"Maybe this is allOut of all the existences I had to be in, I am in this one. Suffering and misery galore. Anyone want to talk about interests? You can list your interests, and if none match, that's fine because you can still help...",suicide
254399,"In a world where I didn't exist.Mybe it would be a little brighter, less carbon prints &amp; maybe a little more oxygen. I don't mean a world wherein I kill myself, but a world where I never existed.

My family would be all neurotypical, they'd succeed gracefully, no one would disrupt the routine. My siblings would have a perfect role model.

My mom wouldn't have to worry about having a daughter she disliked. She wouldn't have to worry about me growing up to be the black sheep of the family. Her mind wouldn't be tainted by my thoughts.

It'll be more peaceful &amp; calm...?",suicide
254402,"Some days are good, most days I don't want to be here any more.Recently I've fallen in love, the situation is extremely difficult and confusing and I'm unsure how to handle everything. I know how I feel and how she feels but it doesn't make a difference on me feeling unable to handle everyday life.

It's as though I'm stuck in a place where I try to better myself not for other people but to be a better me. Non of it matters though, no matter how hard I try to be the best me I can so that I am happy nothing changes. On a day to day basis the thought of suicide crosses my mind so many times I'm unsure how to handle it all anymore.

Whether it be a gun, overdose, crashing into a object at speeds I know will end all the pain. I don't want to be here any longer and I'm not sure what to do anymore.

The sad thing is I know she loves me. And she isn't the reason I'm feeling this but I'm scared because how can someone I see as perfect see me as perfect aswell when all I see in myself is disgust and hate. I've never known how to love myself but I've been able to love others so much I get lost in what seems like an endless void. I'd do anything for so many people but can't do anything to help myself and it's the most terrifying thing I've experienced, there has been so much pain and sorrow in my life in the past and I've tried forgiving and moving on but daily I think of the past and the terrible things that have happened.

This is the first time I've said anything to people who aren't close to me, and even then I've only told a handful of people how I feel. No one seems to get it they just think it's their fault and they should have been able to see it. But they are wrong, nothing that anyone else could have done would have been able to change or avoid my pain. I just want to know how I can handle this and avoid bringing anyone else pain by my suffering, I don't want to hurt anymore and I don't want anyone to hurt but it's all just to much for me anymore.",suicide
254430,why is it so easy for me to fall in love i love all of you btw,non-suicide
254431,"Аsk me аlmost anything and I’ll answer them. I might answer most of them, but if it’s a really uncomfortable question I will not answer it.",non-suicide
254433,"this might sound edgy or dumb but i kinda wanna experience being drunk i’ve had alcohol a couple of times but i don’t get the appeal, especially beer like it tastes like stale frog urine or expired juice to me. i also had a sip of tequila once and literally dropped to the floor. and i probably  don’t have any tolerance bc i’m a girl and never drank before 

my dad doesn’t hide his alcohol cause he knows we’re not drinkers nor does he care, someone could drink and dilute it and he prob wouldn’t notice. i’m lowkey thinking about trying tequila again

anyways this post was inspired by another teenager saying she got drunk for the first time on her homemade wine and planned to do it again because it was so fun. wine tastes gross too though ngl but i wanna feel loose at least once",non-suicide
254435,"Bois the server has been in ruin I logged into the survival server and in my tree town home was broken down, my other town to the north west of tree own was all stripped. i remissed abot how i stole sheep from that guy and begged for iron armor from this guy  and even my mine that i used x ray on and was afraid of getting baned for, but the truck stop is still there. every where you look there is fling boats and pixel art, we used to be civilalised but now they are just broken people",non-suicide
254436,"This is my impression of someone taking a fat shit: HRRRRRRRRRRRRRRRRRRRRRRRRRRRRRRRRRRRRRRRRRRRRRRRRRRRRRRRRRRRRRRRRRRRRRRRRRRRRRRRRRRRRRRRRRRRRRRRRRRRRRRRRRRRRRRRRRRRRRRRRRRRRRRRRRRRRRRRRRRRRRRRRRRRRRRRRRRRRRRRRRRRRRRRRRRRRRRRRRRRRRRRRRRRRRRRRRRRRRRRRRRRRRRRRRRGGG.... mmmmmh 

Thank you for your time",non-suicide
254438,"?the darkness is always here, waiting. it chooses. i don’t. 

this is my destiny",suicide
254442,"I can't get the thoughts out of my head.I'm so lonely all the time, I have such severe anxiety and am in near constant pain from a spine injury 10 months ago.

It sounds so pathetic that I feel this low.  I know people say ""if you really wanted to do it nothing would stop you"", but I know my family would be destroyed, and that really does pull me back from the brink slightly. I'm sure if I didn't have them i'd find some other excuse not to finally do it. I simultaneously care about nothing and care about everything, my life is just so un-enjoyable right now, and I don't see it improving.",suicide
254443,I want to not feelI no longer want to feel anything,suicide
254444,"I'm mega depressed amaDepressed, damaged by drugs, too afraid to die, to afraid to livem.",suicide
254445,GoodbyeI can't do this. I'm sorry but I think it's my time to go. I'm not okay here and my sadness needs to end. I'm sorry. ,suicide
254446,"Give me a reasonMy life is stale 
There is no fun
There is no excitement 
There is no positivity 
There is nothing but the void of sadness and an infinite plane of sorrow and melancholy 
Why shouldn’t I end it all, why should I continue this running joke of living only to be fucked over again and again 
Why?",suicide
254450,"Should I Rick Roll my whole class? My math teacher has created a Youtube playlist and she wants us to add songs so she can play them at the start of every class, should I Rick Roll them? Or they'll just think I am annoying?",non-suicide
254452,"Having a hot dad is weird He is Greek and looks like a protohuman. 

Here are some weird things that happen with him:

A photographer said he wanted to have his babies.

In New York, a gay man tried to grab his you-know-what outside a pizza restaurant.

In Tacoma, another gay man was flirting with him and asked if he wanted to come back to his apartment. 

(My mom will never let him hear the end of it]

A young woman sitting next to him on an airplane was gently caressing his hand, and then tried to hold it. He was very uncomfortable.

Literally every woman stares at him when we go out. 

When him and I go running, it’s not uncommon for groups of woman will smile at him or say* rarwe*. 

For all the genes we share, I did not get the attractive genes unfortunately. 

Attractive people have it so much easier in life...",non-suicide
254455,Imagine being so stressed you are sick That’s me rn I wanna fucking throw up I feel so bad,non-suicide
254468,"I'm 13 and I just took 9 naproxen 500mg tabletsDoes anyone know if I need to go to the doctor? I regret it so much, my anxiety has been really bad but I don't want to die, I can't stop shaking I'm so scared.",suicide
254469,"How to move onI was playing a game and just randomly remembered her and how she was interested in someone else and is problably having similar moments that we had.

Meanwhile all I have is stupid games and my shitty life. This random thought made me want to kill myself, because I know I wont experience the pleasure of being with her again. 

I have tried to stop this, but she just randomly pops up in my head and I can't stop it.",suicide
254470,"I'm going to kill myself on my 23rd birthday if nothing has improved by then.I've been suffering for several years now. ADHD, Asperger's, Generalized Anxiety Disorder and Depression are taking their toll on me. I've never been in a relationship, never had any real friends, and I'm sick of being alone. Sick of being out of the loop in my family. Sick of being in a family where I'm invisible beyond my physical self. I always feel like my family is only pretending to care about me. They never ask me if I'm okay mentally or emotionally, and they never seem to notice that I'm suffering when it isn't physical. I'm unemployable, I've never worked a day in my life, and I honestly feel like a poor excuse for a human, let alone a man. I'm trying to improve but progress is unbearably slow. I've already nearly attempted suicide, and that was three years ago, when I almost attempted to jump off the Centre St. bridge. I've often thought about killing myself, but I've never had the balls to do it. Now, I have a plan. If my 23rd birthday (which is exactly 6 months and 12 days away) comes and nothing has improved, I'm going to get piss drunk and jump off that fucking bridge, this time for real.",suicide
254472,"Hello, I'm felling like shit

Ever since this summer started ive been feeling like shit. I barely talk to girls, and I never hang out with friends. The problem isn't that I'm too lazy to contact them, I just feel like I'm not actually part of anything. I feel like my friend group does not actually like me as much as each other, and I constantly see them with eachothrr, without me. Its been making me feel more depressed lately, and I can't fucking think of what to do. I constantly feel alone. Even in my own house with my parents I never feel connected to anybody. 

On top of me being basically alone, I am a fucking loser. Everyone I know has a talent or something that interests them. I have nothing. I'm not talented at anything, even my family knows I'm not interested in doing anything. 


I can't stand this loneliness. I'm surrounded by people who love me and I know it, but I can't feel like I'm ever happy to be with people. 

I just want my friends to call me, ask me to hang out or just fucking talk to me.

Fuck, I'm a loser, someone help me, I'm getting closer to killing myself every day",suicide
254482,"Pervert pe teacher 

Hey, so I in general am not comfortable showing myself ln video, Even less in front of students and teachers, so i just skipped pe, but im getting bad grades in pe, and the pe teacher is a pervert and records everything, and i cant turn off the camera, so what can i do???",non-suicide
254483,":3 would u rather uwu edition would u rather:

a. tear out ur own heart only by using dull, rusty nails, and then have lemon juice poured on ur wounds

b. fall into a car grinder that only operates for 1 second at a time, with 10 second pauses in between 

u will not die from either of these experiences, nor will u sustain any permanent injuries (except emotional and mental damage/post traumatic stresses.)",non-suicide
254485,What's the best way to get motivated into studying? My exams in a week and I don't know crap. I need help from my fellow teenagers.,non-suicide
254486,Shoutout to the fact that I came out to my mom that I hate everything and I feel like I'm hated back by every thing and her response was you need to accept Jesus into your heart Bitch i have and I feel like he also hates me fuck you,non-suicide
254487,People should stop using baby yoda as a shitty Facebook meme And start using him like LEGO yoda was used. Baby yoda should be the new LEGO yoda.,non-suicide
254488,"The best gun ever in videogames The AWP is just 😩😩😩. The power, the flicks",non-suicide
254497,"Not looking to be talked out of suicide, just leaving this so that other redditors know what happened if they want to investigateDon't bother posting, I won't read any of it. Peace out guys, much love.",suicide
254499,"EmbarrassedI accidentally started to let on to someone that I want to ""disappear"". I have to see him at work tomorrow. I still want to die",suicide
254501,"I can't do anything right and I'm too scared to follow through with this but here's how I imagine it would beBurial By the Sea

I want the waves to sing me their lullaby 

I want my last sight to be blue

I want to wait five more minutes and see if dolphins guide me somewhere new

It'll be near the cliff side

It'll be near the shore

It'll be so that the sand covers my body to be seen nevermore

Perhaps inside of a tent

To disguise the sight from the tourists' naked eyes

Perhaps outside of the caves

To refrain from having my spirit be alone in the dark

Maybe I'll see stars

Maybe I'll see the moon 

But most likely it'll be when the sun sets after noon 

I think it'll be peaceful 

Not so much for those who find me

But I won't know

Because I'll be home",suicide
254505,Some please FUCKING TALK TO MEI’m sick of this world I’m sick of people telling me I will never achieve my dreams of going to a better reality i’m absolutely sick of it I don’t care if it’s seeking attention I just want someone to complain about my problems to because I feel like I could fucking jump off a cliff at any time,suicide
254506,"Life was bad and I’m bad at lifeDad was a paranoid schizophrenic and alcoholic. Mom was poor and I grew up poor with extremely crooked teeth I didn’t get fixed til I was 25 but I let destroy my self-esteem before that and it held me back. Just a total jack-o-lantern smile. I tried college but failed out twice due to panic attacks the first time, and depression the second time, mostly just from the pressure of being behind my peers and intense financial constraints. After failure #2, my Mom lost her house and had to move in with me which really didn’t help my dating or social life. At that point I think I started giving up. Got into drinking to escape feeling trapped which temporarily really worked, but of course only made things much worse. Somehow had a pretty awesome ex-girlfriend come back to me last year who I hoped to join in NYC but was too broke to make the move at the time. Got too stressed about money and freaked out about it, so she ditched me which I can’t blame her for. The worst thing is she said she felt guilty. She went from in love with me to guilt over abandoning me. Ended up making the most I’d ever had by far a few months later, and if I’d just chilled maybe I’d be there with her now. She ended up marrying a rich kid in the meantime.

I got depressed and anxious months ago about this and about my failures and mistakes in life. Had a nervous breakdown and ditched the job. Realized recently I just made things so much worse by not pushing further but honestly, I just felt done. Now I am totally done. I’m just so done with this. I’m bad at life. It was fucking bad to me. I didn’t ask to be born into this.

",suicide
254507,"I want to die, but I feel guilty.I want to kill myself. Everything in my life has gone downhill and I don't think I can take it anymore. 

But I feel guilty. Because I have family and friends who wouldn't understand. They wouldn't understand it has nothing to do with them. They wouldn't understand that I just wasn't cut out for living. They wouldn't understand that this is something I needed to do for myself. 

So I debate. Over and over again. If I will kill myself or not. I know how. I know where. I have it all. Except I feel so guilty. It's the only thing keeping me here. But I can't keep living simply for guilt. ",suicide
254509,"No matter how much i try to express that I need help, nobody does anythingi don't care about my life anymore, I don't want it anymore. ive started to experiment with weed in the beginning of the year and my mom asked why I came home high and I was confessed and said I smoke because it makes loosens up my tensions and relieves my anxiety. she was fine with it then but she caught me with my stash and now she wants to tell my father, who she divorced. 

the problem with telling my father is that he won't comprehend anything. I've been telling my mom my problems over a timeline. starting with anxiety, to depression, to suicidal thoughts, and finally using weed to not make me feel like shit

the fact that she is telling my dad makes me realize I can't tell her anything anymore. I can't trust her anymore. every fucking time I tell her I need help she tells me it's in my head. my brother's told me the same. 

I'm a fifteen year old kid that just cried in the shower for 30 minutes because the past couple years of my life has been trial and error of trying to appease my mother's advice of ""it's all in my head"". and once I had found a way which was weed my mother took it away and now Im left helpless. 

she's going to tell my dad later today and my mind is too blurred at the moment to comprehend what is going to happen. my dad is also mentally ill and he has caused lots of hardships within the family so I don't understand why he needs to know this 

",suicide
254511,"Februrary first mental health struggle - June everything is fine - December suicidal - Made it till 19 at leastHey, 

I am stuck in like an insane reality atm, the only way out seems to be suicide. But suicide was NEVER EVER on my mind before, not even when I experienced severe anxiety and panic attacks earlier this year. So basically I recovered from Depersonalization this year...but as the symptoms slowly vanished, I still battled irrational thoughts from day to day when suddenly my mind switched to: ur life is over. I was overwhelmed, suddenly paranoid of time, feeling like I shouldnt be here anymore. This feeling...it feels like I shouldnt be alive anymore, like I shouldnt have lived past August and should be dead until August. It just feels like it is wrong to be alive, when I go to the hairdresser for example, my mind goes like this: You are dead inside, you died, you dont need to do this, you are trapped in hell, you shouldve killed yourself as I told you! When I look in the mirror: ""Why are u still alive?"" AM I INSANE?:( WHY DOES MY FATE FUCK ME LIKE THIS!!!????? I HAVENT DONE ANYTHING WRONG TO DESERVE THIS. 

When u have Derealization, u are alienated from your surroundings, my mind is still conditioned from it. First thoughts like: Is this really your hometown as you knew it? Or much worse: How do I know I am not dead? Or I didnt die when DP hit me? There is no answer to this, and it freaks me out, maybe I am destined to suicide or so? Then the time thing, I am anxious of the date and like my mind cant cope with the time passing so fast, I really cant explain it. In August, there was a switch in my mind, on the first of August, I was laying in bed and suddenly the thought ""suicide could be my destiny"" popped up and made me unable to sleep. 

But it was much more painful than anxiety as I knew it back then with DP...AND THIS IS WHAT SCARES ME. I THINK THOSE THOUGHTS ARENT ANXIETY RELATED BUT DEPRESSION. I feel like I will never recover from this, it feels like I am trapped and thinking that theres soon a ""2018"" on the calendar triggers like a hopelessness, painful, suicidal feeling!:( I FEEL SO ALONE. I am 19, I dont really want to end this in suicide, but srsly my mind sees no way out.",suicide
254514,"I am a horrible human being and the abusive girlfriendThis may end up being a noncoherent rant but here it goes.


i realized tonight that I am the abusive girlfriend, the one doing the abusing of all the men I have dated.  I emotionally abuse them into thinking they are doing something wrong all the time and when they hangout with their friends I make them think they shouldn't be.  My latest victim felt awful after having 4 drinks with his friends, and I yelled at him.  He thinks the night and the fight was his fault and not really mine.  I only just realized this, but I've done this to every guy I've ever dated and I can't stop myself.  I also find enjoyment out of hitting guys, and for all of this I am an awful human being.  


Because of these recent realizations I have the overwhelming desire to kill myself.  I don't deserve to live because I am just a stain on the existence of anyone I come into contact with.  I have been suicidal before, been to a therapist, been on meds that frankly didn't make me feel better, stopped taking those over a year ago and generally felt fine.  Tonight all I could recite while on the phone with my boyfriend while I got him to talk his way into feeling like an awful person was variations of ""I need to cut."" (former self-harmer of over 500 slices, haven't in over two years).  That recitation was all before I realized how awful I am which has now escalated into me planning my death and ranting in a very non-coherent way to reddit.  


I'd say thank you and I love you all, but I'd frankly make you feel like this was all your fault anyway, so I'm just going to hope someone can help me not feel so awful and like I want to die sooner rather than later.

TL;DR I am emotionally abusing my boyfriend and have to every past boyfriend.  History of suicidal thoughts, self harm, and depression.  I am an awful stain on the earth. 20ypo F


EDIT: I might mention my mother (who I live with) is emotionally abusive to me.  I have an older brother who doesnt have a job and hasn't gone to school.  My dad died a year and a half ago from a degenerative disease called ataxia that i have a 50/50 shot of having.  If I have my dad's disease I would definitely go for it.",suicide
254515,"I'm finding it hard to see the point any more.My partner split up with me yesterday and I went through a C-PTSD spiral.

I was told (and have been told by others and redditors) that I'm selfish, manipulative, childish, foisting blame, and that I'm unhealthy for others in relationships.

Also, I was told that I was acting like my abusive mother who is a ""bad"" BPD (I have lovely friends with BPD who try; she doesn't). That woman almost killed me on a few occasions and lied incessantly. So much so that she turned me against my dad and I've only found the truth out over a decade later.

I don't lie but all the rest could be true.

I don't know.

I was told ""your idea of a ""healthy relationship"" isn't and I suggest you don't do this to future partners"" by a redditor on a sub I thought would understand two people from abusive backgrounds. They told me it isn't ""all about"" me. Even when I explain myself in that I don't expect somebody to tell me something but I'm not sure how to deal with that, people come back to that.

So either I'm wrong or everybody else is.

Now I'm back to assuming everybody is right.

Refusing to eat now--though it's also a compulsion not to. Won't take my meds in the same way and they are heavy duty, you don't just stop them.

It's not simply the break up. Many things in my life aren't going to help. I've been a non-working agoraphobic for years now. I was creative when with my partner but now I don't think I can write. I'm going to go back to being alone in my flat, miserable, and not able to type out my ideas like I was before.

I don't want to risk hurting anybody else. I don't want to ruin people. I agree with that redditor that my idea of relationships must be unhealthy but I have problems with impulse control. I don't know how to stop myself forgetting how bad I am and wrecking another person.

Therapy and my diagnosis process for the possible autistic disorder feels pointless. No matter how hard I try, I'm no better than I was at 14 (25 now). When I think I've made progress, it turns out I haven't.

I've been suicidal before, half-arsed attempted it a couple of times. Now I feel it might be the only action to take for everybody's benefit. Before I wanted to die because *I* hurt. Now I want it because I hurt others, can't stop myself, and that hurts in addition to the break up.

I'm my abusive mother, though I don't physically harm anybody or lie; I'm her either way and there's nothing I can do to get away from that. I won't be happy on my own, I'll waste away doing nothing again. He won't take me back.

I don't know why I'm posting this. I need to tell somebody. Not because I want saved but so it will be out there somewhere if I manage to be brave enough to follow through on any plan I come up with. There are several but it has to work. I don't want to wake up in the hospital with everybody looking down on me.

I don't want advice on how to do it - I know that's not what this reddit is for.

Maybe this is a planned memento mori or something stupid. So I won't mind if a mod deletes this. It would make sense.",suicide
254516,"Random, incoherent babbling.. pouring from a tired, and broken soul..Sorry to post this here, I haven't slept for days, im in pain, and I I just wanted to throw something out there.. in hopes it will quickly get down-voted and lost forever (like me).

This isn't necessarily a threat of suicide, it's more of just random incoherent contents of my restless soul.  I didn't know where else to post this, but I'm in pain, and I just needed to put this out there.. perhaps, in hopes that it would make me feel better or something.

I don't sleep at night because I'm stuck in an unrewarding job, basically owned by a controlling, unappreciative boss, who knows I'm in a position in life that essentially forces me into indenture servitude to him, and his company.. where the only hope of ever changing my shitty situation would be to make a move which equates to taking a serious gamble.. not for things like personal comfort, stability, or seniority.. or even things like risk of depleting savings, or falling on financial hard times... No.. this goes way beyond ""hard times"", serious lifestyle changes or even facing indefinite financial ruin.. my only option, other than maintaining the status quo, sleeping for 2 hours a night because I stay awake, worrying and praying that I'll even get to KEEP the position I currently have.  

Any alternative choice would come at the risk of completely failing my 4 children, who would likely be much better off if I were to fuck-off and try to play ""Smells Like Teen Spirit"" on a 12 Gauge Clarinet at my own ""pre-funeral"" party..  which no-one would show up to by the way. making it a ""solo performance"", of a one-man band..who (coincidentally) is constantly thinking about firing the lead singer because he can't get along with the rest of the band.  And after a unanimous vote, they all declared that he is terrible at what he does.. and that the fruits of his labor are not only rotten, but are also unfit for human consumption.  

So as a last resort, in a moment of desperation he draws a self-portrait, not of his face.. but of a short straw.  ..which, in a sick, ironic twist, was the universe's way of making him come to the sad realization, that the ""self-portrait"" actually IS a PERFECT representation of himself, an ugly characture of shitty luck, highlighting the worst possible choice that anyone could ever be stuck with.  

And Yup, that's me.. ""Short straw"",  pleasure to meet you.  

",suicide
254517,"Can I buy a motorbike at 13 in Seattle? I'd like to think so, but I just want to confirm it so I don't end up spending money on something I can't use for another 2 or 3 years.

Can anyone confirm or deny whether or not I can legally own a motorbike?",non-suicide
254518,today is r/teenagers birthday! it has turned 11 years old,non-suicide
254522,Change my mind Winter is the bst season followed closely by autumn,non-suicide
254523,"Best option? (Serious)I'm sorry for the rambling.
I'm a 30 year old guy and I'm going to to kill myself tonight. Interestingly enough I actually don't want to end my life but I'm really out of options. Some backstory;
I'm a compulsive liar, I honestly don't know where this 
comes from, but I've lied repeatedly to my family and most importantly my amazing s/o about my life and wellbeing. I'm not alright. I've been subduing the panic and pain I feel with alchohol and somehow managed to convince my surroundings that I'm well off (I'm not, massively in debt) and they think that I'm  basically a success in all aspect of life, however this as far from the truth it could be.Long story short, my amazingly perfect, and litterly mean that, thinks that I've been paying rent for our apartmentfpr that 9 months but I've literally not made one payment.tommorow at 10AM were getting evictedamd she does not know.im gonna end my life tonight but I'm conflicted about the best way to do it. I really don't want my suiceide to hurt someone, ie.jumping in front a train and scarring the train driver for live so in looking for options.",suicide
254524,"HelpI'm on the verge and don't know 
Just feel like I should talk 
Can't stop crying",suicide
254525,"Failed attemptI can't decide if my blade wasn't sharp enough, or if a part of me really didn't want to do it. Either way, I barely cut deep down enough to leave a scar. Or 5 scars. I tried quite a few times. ",suicide
254526,"I dont even know :(I'm really not doing okay. I've haven't told anyone but, I've gotten really close to suicide 3 times this month. The last attempt was last week and I got stopped because I heard my cat meow from the other side of the door. I don't think anybody understands just how much pain I am in right now. I've been told, tell my mom, get a therapist, get a counselor. But I can't, I can't put my mom through this stress, she doesn't deserve it. I know that my self-image doesn't help either and that it's all in my head but, I can't fucking stand myself it's gotten so bad. I don't wanna be me. I am a horrible person who doesn't deserve anything else but to suffer and can never do anything right. I am annoying I am ugly I am fat and a waste of everybody's time, I deserve never have any friends or happiness. I have been thinking about suicide a lot recently, I think it's at a point where every day I probably tell myself at one point ""today is the day"" I don't know if I have it in me, I really don't know. I'm just so tired, I'm tired of being alone, I'm tired of being paranoid about what people think about me, I'm tired of being who I am. I don't want to do this anymore. I'm trying to be positive but I really can't. What's the point of pretending to be happy, when I'm constantly fighting back tears? What's the point of asking for help from a therapist if that is never gonna change how I see myself? What's the point of doing all this shit if people are going to continue to take advantage of me and laugh at me and put me in a situation similar to how I feel now? What's the point if even I can't stand myself? I don't see a future where I'm happy, and if there is a future where I'm happy, I don't see a future where I'm happy with myself. There are so many emotional scars that will prevent that. I'm not being stubborn I'm really trying to be happy and accepting, I'm trying to work on my attitude but it's not working I don't know what to do anymore, and on top of all of this, I'm losing all my hair. I'm sorry if I scared you. I needed all of this off my chest.",suicide
254531,"Did you ever hear the tragedy of Darth Plagueis The Wise? I thought not. It’s not a story the Jedi would tell you. It’s a Sith legend. Darth Plagueis was a Dark Lord of the Sith, so powerful and so wise he could use the Force to influence the midichlorians to create life… He had such a knowledge of the dark side that he could even keep the ones he cared about from dying. The dark side of the Force is a pathway to many abilities some consider to be unnatural. He became so powerful… the only thing he was afraid of was losing his power, which eventually, of course, he did. Unfortunately, he taught his apprentice everything he knew, then his apprentice killed him in his sleep. Ironic. He could save others from death, but not himself.",non-suicide
254532,How does one simply eat? Munch munch munch munch Munch munch munch munch munch munch munch munch munch munch munch munch munch munch munch munch munch munch munch munch munch munch munch munch munch munch munch munch slurp slurp munch munch munch munch munch munch munch munch munch munch munch munch munch,non-suicide
254556,"Worth more dead.Well, here I am. Sitting in front of my PC at 0151BST and about to post...what? I don't know. A suicide note? A call for help? I have no idea. 

All I know is that I'm only just holding it together and I'm not even sure if that's the right thing to do.

I guess if you're reading this you deserve the highlight reel of how I came to be here, now.

Here goes, then...don't forget the popcorn.


I was born to a blue collar family- dad was a cop, mum was a full-time mum. They were- still are- good parents.
Their friend, though, was not a good friend and was a much worse babysitter.

From the age of 8 there was a fair amount of heavy duty sexual abuse until I hit puberty and got too old for his liking, I guess.
I kept quiet about it to avoid hurting my parents, though I realise now that I may have condemned other kids to the same. 8 year old me had pretty poor judgement.

As a teen I was kind of a mess, as you might expect, until I realised that, rather than hating everyone and everything for being evil and scary I could try to stop things being evil and scary for other people.
So I set aside my childhood dream of being a palaeontologist, and decided to join the army, via university so I could get a commission.

Anyway, long story short. I join up, do my time, get hurt, come out. I wasn't happy about having to leave and became extremely depressed.

I joined the Coastguard and (for a couple of years) the naval reserve so I could continue with my mission to save everyone in the world from everything.
The CG stick me in an ops room where my job is basically command, control and communication. The job is fun at first but gradually the fact that I don't share any of the danger faced by the casualties or the people I send out to them begins to break me down until a series of unpleasant incidents one summer push me almost to breaking point.
So I hear the part-time crew at the fire station in my home village is short-handed and I join and finally find the job I'm made for.

Then there's a huge clusterfuck at the CG because somebody high up was trying to prove a point and a cargo ship carrying nuclear fuel rods nearly ends up at the bottom of the sea. A cover up ensues, I lose my temper with the higher ups and they suspend me, starting a process that's still going on as we speak, almost two years later.
All through this I'm still with the fire service until I get hurt at a fire last christmas. The injury puts me out of action until last week when I get cleared for duty, pending refresher training.

The end result?

I'm a wreck. My self-esteem is gone. My sense of purpose is gone. Our money is gone. I can't even buy sweets for my kids. 

So, here I am. Maybe things will get better once I'm back on duty but...right here, right now? I think my family need my death-in-service payment and my pension more than they need me.

I really meant to help, you know, but I got it all so horribly wrong at every turn. At least my kids are great kids. Maybe just their existence is enough to make up for mine? 

Anyway, that's the short version. Thanks for listening.


",suicide
254557,My depression is increasing due to extended lockdownsThey increased the lockdowns till May 3 here. I cant describe but I'm literally hurting because of this. It's hard to stay like this... please just kill me.,suicide
254558,"I wish there was a man out there who's going thru the same or 1/2 BS im going thruWe could be Depressed/Miserable together. Hate the whole world together, be intimate but not have any kids cuz we both are not capable of taking care of them with our unstable minds. But someone who feels the SAME EXACT way I do so that I don't feel alone anymore sighsss  :(",suicide
254573,"This article is actually really interesting about political views &amp; college education [https://www.npr.org/2016/04/30/475794063/why-are-highly-educated-americans-getting-more-liberal](https://www.npr.org/2016/04/30/475794063/why-are-highly-educated-americans-getting-more-liberal)

What I find most interesting, is that besides the massive liberal skewing specifically in recent years of people who get college degrees, but rather the consistency of conservatives between college educated levels. The in-the-middle mixed people nowadays become liberal and the liberals become megaliberal, but the people who answered as either conservative or very conservative, between the different levels, it stays roughly the same. And it applies for all of the different times as well, it's consistent.",non-suicide
254574,"That was the best shot of beer I ever had. this is a long read, if you don't have time, it's ok

So there was this girl, she caught my eye first day of school and then we only talked for like 2 or 3 times that year. Yeah, I'm that shy. Reading all the posts here back then, about ""Just being yourself and just go talk to her"" and I thought about as pure bs and just decided to go on with my life.

I play codm, and is kinda good at it, I post my battle royale victories to, you know, kinda show I'm not dead yet. Then lo and behold, she posts a victory of hers at codm. My heart fucking races, ""WTH WHY IS SHE HERE"" and shit like that. Then midnight, I took a shot of beer. Exhaled, ""Fuck it, Imma ask her.""

I asked her. ""Hey, what's your rank?"" I really didn't expect her to just invite me to a game. A few, we didn't really talk, poor coordination, I got knocked down more often bc I was real nervous. Few days later, same thing.

While scrolling through reddit, I saw this meme about manning up from being a virgin, and I took that personally; I decided to just go have a normal chat with her. AND SHIT, we were actually very similar. We got to that point where we'll talk about life up 'till 3 am, and this feeling man. We talked about her insecurities, we talked about my childhood trauma, we talked about our hopes and dreams... It's like a dream. Like it's not real, but it is.

I wanna make her my girlfriend. I guess that's that. Do you have any advice, guys?",non-suicide
254575,Can't go to sleep What're some ways to go to sleep?,non-suicide
254576,"Am I fucking weird or something? There is this girl that like completely ignores me in person. One day I saw her in person and said hi and she fucking ignored me. She is like weird around me, but in text she doesn’t ignore me and we talk a lot. I don’t get it.",non-suicide
254577,"Playing animal crossing at 4AM, watering me plants.  ‍ ‍ ‍ ‍ ‍ ‍ ‍ ‍ ‍ ‍ ‍ ‍ ‍ ‍ ‍ ‍ ‍ ‍ ‍ ‍ ‍ ‍ ‍ ‍ ‍ ‍ ‍ ‍ ‍ ‍ ‍ ‍ ‍ ‍ ‍ ‍ ‍ ‍ ‍ ‍ ‍ ‍ ‍ ‍ ‍ ‍ ‍ ‍ ‍ ‍ ‍ ‍ ‍ ‍ ‍ ‍ ‍ ‍ ‍ ‍ ‍ ‍ ‍ ‍ ‍ ‍ ‍ ‍ ‍ ‍ ‍ ‍ ‍ ‍ ‍ ‍ ‍ ‍ ‍ ‍ ‍ ‍ ‍ ‍ ‍ ‍ ‍ ‍ ‍ ‍ ‍ ‍ ‍ ‍ ‍ ‍ ‍ ‍  ‍ ‍ ‍ ‍ ‍ ‍ ‍ ‍ ‍ ‍ ‍ ‍

‍ ‍ ‍ ‍ ‍ ‍ ‍ ‍ ‍ ‍ ‍ ‍ ‍ ‍ ‍ ‍ ‍ ‍ ‍ ‍ ‍ ‍ ‍ ‍ ‍ ‍ ‍ ‍ ‍ ‍ ‍ ‍ ‍ ‍ ‍ ‍ ‍ ‍ ‍ ‍ ‍ ‍ ‍ ‍ ‍ ‍ ‍ ‍ ‍ ‍ ‍ ‍ ‍ ‍ ‍ ‍ ‍ ‍ ‍ ‍ ‍ ‍ ‍ ‍ ‍ ‍ ‍ ‍ ‍ ‍ ‍ ‍ ‍ ‍ ‍ ‍ ‍ ‍ ‍ ‍ ‍ ‍ ‍ ‍ ‍ ‍ ‍ ‍ ‍ ‍ ‍ ‍ ‍ ‍ ‍ ‍ ‍ ‍ ‍ ‍ ‍ ‍ ‍ ‍ ‍ ‍ ‍ ‍ ‍ ‍ ‍ ‍ ‍ ‍",non-suicide
254583,"random noiseI don't have anyone to share this with, so reddit, you can have it. 
I am having a hard time right now, so I thought I might write this. Get some of these unpleasant and unsettling feelings out of my head. There has been a strong longing for death feeling squatting around my head. 
When I try to analyze this feeling, I always come back to 2 conclusions. 

1. The existential point of humanity does not exist or can't be known
2. I do not gain joy from the act of working on a task. 

I genuinely believe my brain only receives reward chemicals at the successful completion of a task. Here I am, a seemingly highly intelligent person, and I just feel helpless to really deliver on my own potential. Yet this isn't really about having external observers recognize and praise me. I feel to the very core of my existence, that I am a truly gifted and intelligent person. I feel like a retarded genius. Left to my own devices, I am without action, unable to leverage myself against life. So I am only motivated to action by external events. I feel that there was a small slice of time, very soon after I started transition, that this curse was lifted. I raised myself long enough to get myself surrounded by the external force of Education. I have been riding this wave of aliveness for a number of years now. I don't know where I am going with this. I have lost the metaphor. What I am trying to say is that the external force enacted on me at work requires that I push myself. That I take action of my own accord. Doing this makes me want to die. I know now why I have languished my life away. Because participating in life is depressing. We work for nothing. We accomplish nothing. Yet, our potential is un-measurable. I can not unify these two emotions. The bleakness of our empty existence, knowing that there must be a way for humanity to unify and overcome this. We are our only saviors from ourselves. This is why I don't want to be alive anymore. Because I can't even save myself. I am tired of fighting my own bullshit. The whole thing just makes me want to not think, to not feel, to not act, anymore. I don't know how to make this stop. This is not how I want to feel. Alas, I don't know how I want to feel, or perhaps I could get myself there. Right now, I just feel stuck.",suicide
254584,"Just over itI went from such a high, had a car, a girl that liked talking to me and being around me, a job that I liked well enough to no car, a job I hate going to and the girl wants nothing to do with me. Doesn't matter how many times I get up, I just get knocked back down. What's the fucking point of trying anymore? I'm just going to fail again.

I don't want to talk to my friends because they're  tired of me being such a Douchebag Downer. They all have lives of their own. They don't need me bringing them down anymore.",suicide
254586,"I always hated my life, but at 15 was the worst so I set a deadlineI don't want to talk about my life a lot but I must say it wasn't enjoyable I know People have had it worse than me and they endure it but im not really strong I give up easily

Well the point for a few things that happened at 15 I tried to kill myself and my family well my mom was horrible angry at me she slaped me a few times and said I was Ungrateful for the life she gave me and ""what would my friends think of me"" mr brother didn't care and said that if i do it o should do it dar form his room and my dad just told me that I can't do it till im 18 because I he can go to jail since im a minor and the police would think he was abusing me

So I set a dealine that if by 20 I still didn't have a single person I can consider a friend I would do it, the thing is  im 18 the time keeps going and I don't know what to do im not really sad as I was before but I don't feel happy at all I live as if life was dragging me around

The only love I have felt is in the form a Pet can give so I learned to love animals a lot but I still feel empty i don't know what to do im starting college in a few months and I feel like is my last chance to make friends but being the way I am and how I look keeps me form doing anything I don't even feels sad anymore but I don't wanna go feeling like I didn't tried hard enough",suicide
254588,"I honestly believe putting a bullet in my head will kill off evilI’m more than sure everyone left that says they care about me will get over it. It’s everyone says, things will get better as long as you stay positive. What if the positive thing is to kill myself, considering what I’ve done and what has gone through my thoughts. I truly do believe I inherited evil from my fathers bloodline. Having a good understanding how my grandfather treated my grandmother and his kids, how my father and his siblings treat each other and even how he treated my mom, my sister and I. Did I overcome it? No, I continued the cycle of abuse on the woman I love, and when I realized I couldn’t undo it, I made myself look like a pathetic worm. My parents will have my sister, who is a much better child, my friends will find new friends and the woman I love will probably be thrilled I got what I deserved for betraying her. Maybe I’ll finally get to live out my childhood dream of defeating evil. It’s not like I could keep myself from being corrupted and draw power from it. I’ve already crossed the line of betrayal, there’s no coming back from that. I already showed with how much I cried and was terrified of myself that I can’t be strong. So maybe this is strength, showing I’m willing to defeat evil no matter what. My father couldn’t do it, after cutting up his arms like a damn child to manipulate my mom after betraying her trust again. I’ve already done it once, so I don’t know how the hell he lived with himself to do it again. So I’ll be stronger, showing I’m willing to do what he won’t, to eliminate the evil from this world. He gave my sister and I a curse, but she overcame it, I didn’t. The only way to honor what I hold dear to my true beliefs that I thank my mom for is to eliminate that evil, so that it can’t continue. Maybe this time he’ll learn what it means to really do what necessary.",suicide
254594,"I have a scar from a mosquito bite on my calf This makes me really sad guys. I can’t not wear thigh highs without looking sexy and get all boys to fantasize over me... I deserve that. This one time my e-boy crush on the internet made me cry in my closet after I told him through a call that I loved him, and I almost cried for 116 minutes. I dyed my black hair a dark brown color and my republican dad scolded me for being too much of a zoomer. Also, this one time, a mean bully in fourth grade called me a little b*itch when I tripped..",non-suicide
254595,i love u jesus by trisha lowkey slaps that’s all thanks for listening,non-suicide
254600,Whoever is reading I would smash No homo btw,non-suicide
254601,"Okay Tokyo  South America, Australia, France, Germany, UK, Africa",non-suicide
254617,"Mood fluctuation and falling apartI didn't realize how badly I've been slipping into the pattern of fluctuating between extreme highs and extreme lows in the past few months. As of late whenever I get the chance to speak to my friends or family I feel really happy and satisfied with my life, I know everything will be ok, but as soon as I get by myself or have an interaction that comes off as awkward it all falls apart. 

I was prescribed medication today to help prevent these fluctuations but due to insurance not being able to confirm the prescription before end of day I'm not going to be able to get it until tomorrow. Since then I've had my regular shifts as the pattern follows, I had one serious breakdown during the day but was able to be brought out of it by speaking to family, but now since it's the middle of the night and no one is available I have fallen into a pit.

There are 5 hours before I have to wake up for work and I want to end my life.",suicide
254622,"I'm terrified that I might kill myself soon. Any dialogue is extremely welcome.    I'm not entirely sure of where I should start, or even if this post belongs here, but I'm not sure where the hell else it would belong.

    I'm seventeen, eighteen by this November. 

    I've been through a rough childhood. I don't want to specify what went down, but I have diagnosed OCD, PTSD, depression, and a currently noted but not yet properly diagnosed empathy issue which came about around the same time as the PTSD.

    I will say that part of the rough childhood involved my being groped non-consensually multiple times and forced into kissing + threatened with rape by a boy my age who had forced me into dating him. Other stuff was going on at the time as well, but again, I'm not a big fan of specifics. I will say my parents went through an extremely rough divorce at the time, right after we moved away from my childhood home to a place i never really liked, and this resulted in pretty consistent unintentional abandonment and a huge disconnect between myself and my parents as I began to crumble. That was not their faults. It was just how things went, and we all came out of it hurt.

    I was supposed to graduate this year. I say supposed to because I obviously have not; since 6th grade, where my parents really started fighting, I've had horrible depression, and school was an impossibility. I'd go, but I was never really there, not mentally. I was constantly getting yelled at and told I was lazy or not trying hard enough by teachers, and as a kid who had gotten straight A's all my life before the depression, I had no idea how to handle this. I kept trying to tell people it wasn't me, it was something in my head and I was terrified, and that I didn't feel safe anywhere and couldn't do my work because it made me feel unintelligent, unsafe and angry and a whole smoothie of emotions I still can't place. Nobody believed me. Nothing ever got better. Since then I've been the lazy kid with no motivation, the kid who used to make my parents proud.

    Now I listen to them praise my friends as I do makeup homework just to graduate. My teachers all speak about me fondly because I've always been good with socialising; I'm socially confident, at least, and always love to talk to teachers and adults. But when it comes to grades or anything with actual meaning, it's always, ""You're a smart kid, and that's why I'm so disappointed in you."" I get high scores on tests because I truly do love to learn (though nobody believes me), and on every English exam I've scored extremely high; writing and drawing are two things I adore, with a slight emphasis on the former, and I put my heart into learning anything to do with either. But my being good at the test-taking has only convinced everyone that my lack of ability to turn homework in truly is simply a product of laziness. I wonder whether they're correct or not. Maybe they are. I don't blame any of them; I barely tell them about what I'm going through until I burst, and all they must think is that I'm making excuse after excuse. I lie all the time to make people hate me less, especially about whether I've done homework, or done this or that, because I don't want to let them down, so I'm sure everyone assumes I'm lying about the depression, too, to get out of doing things.

    I disappoint everyone. My parents constantly bring it up, even if they don't say it outright all the time. My teachers did. Everyone I thought loved or cared about me always ends up telling me the same thing: I'm a disappointment to them, and it's because I'm lazy and ungrateful. Sometimes I believe them and start to forget how difficult it is for me to do anything these days. 

    I haven't gotten my driver license yet. Most of my other friends haven't, either, but I completed my required thirty hours of study since I was being ungrateful for expecting rides places. I got the certificate I was supposed to take in to the DMV, and then I hid it, and now I can't find it. I suppose I hid it awfully well. I was so stressed about the idea of taking the test because I knew I'd fail and let everyone down like I always manage to do, and then my parents would talk about how my best friend is so much smarter and better than me and can actually do things successfully, and then I'd get scolded for being lazy and not studying hard enough, probably justifiably. 

    All of my friends are going off to college. Either their parents paid or they got amazing grades. I wish I could be happy for them, but instead I feel a burning anger, an agony that is eating me from within. They talk about how anxious they are to move away in a week, to go off to beautiful mountainous universities and learn everything they could possibly dream of, and I can't help but want to scream in their faces about my anxieties, about the anxieties that will grow in the soon to be empty spaces my friends once populated. I want to rake my nails down my face as I tell them how jealous I am that the worries in their minds are ones of how their amazing new lives will be, while I remain here alone, dissolving into nothingness.

    I don't say anything to them. I don't want them to know how much it hurts me. That would just be an extra burden on them. When I give them my goodbyes they smile and say we'll meet again soon. When they give me theirs I can't help but feel the crushing finality of it all. They're moving forward, and I'm unable to follow. Sometimes, when I'm not having night terrors, I dream about meeting them and their parents again, but in these dreams they all hate me, and I'm a pathetic bug to them. Sometimes I feel that way in real life. I always suspect my friends are lying to me about everything, and that, in the end, I am a only a burden to them. They must despise me for how useless and selfish I am.

   I haven't been suicidal, or at least I do not think I have been. I'm not sure, at this point. I love my writing even though it's stilted, I love my art regardless of its quality, and I love so many of the people in my life, even though I doubt they love me back, and I know they lie to me to keep me from getting hurt by the truth. I don't want to kill myself. I want to continue my writing, and my art, and everything I love doing. I don't want all of that to be lost to the vast nothingness of death. The thought terrifies me. Death itself is a horror to me. There are so many things I love and do not want to leave, not yet, not any time soon. The thought of not being able to chase my dreams and pursue my writing and art further hurts me.

    Which is why I'm terrified. Recently, in these last two months, suicidal thoughts have crept back into my mind from wherever they were sleeping after my first bout of true depression when I was young. I've found myself slipping into violent thinking, full of anger and fear, and suicide has been a common thought I wonder over every few hours. It hasn't formed into a want yet; if anything, it's quite the opposite. I'm terrified that I will kill myself. That I'll snap, and take my self-harming too far. I have read so many stories of people just like me, who feel desperately out of control, but who think they will never kill themselves, only to one day lose their grip on reality, lose their strength, and take their own lives just like that. I dread that idea. I hate knowing that even though right now I don't think I will kill myself within the next few days, the more I question it the less sure I feel of that. Do I know for sure I won't kill myself? No, I do not. If anything, I have no trust for myself. I have fallen into manic states of depression, and who is to say I won't do so in the next week and make a sudden decision? It's not beyond me; I've done it before, when I was twelve just after school, only to be stopped by my sobbing mother pounding and begging on the other side of the bathroom door - though I doubt she had assumed I was aiming to bleed myself out that day. I cannot confidently promise myself I won't take my life. Sometimes the thought even sounds good. Other times I'm so incredibly apathetic to everything, so incredibly dead mentally, that I could not care less. These times terrify me.

    Lately I've noticed that I will be sitting in a car, or crossing a road, and my brain, seemingly without my own willing, begins to beg a god I do not believe in to send a car crashing into me. I stare out at train tracks and imagine how easy it would be to end myself in the blink of an eye. I contemplate what it might feel like to overdose on every prescription medicine I own. And I am terrified. I know these thoughts aren't normal. They aren't the usual thoughts which are common in OCD cases. They're my brain beginning to try and ease itself into these ideas. I don't want it to, but I am not sure I have control over this. 

    I don't want to kill myself. So much of me wants to live. I have goals, I have dreams, and it hurts me to imagine leaving behind no legacy, nothing at all. It hurts to imagine never telling the stories I want to tell, never growing up and experiencing all there is to experience. This fear I have makes me want to believe there is no chance of me offing myself. And yet I know something is very, very wrong this time. I hate so much of my life with a passion that I have not had in a long while. My panic attacks are worse now, and my habit of cutting as self-punishment for being emotional has returned. My depression, this time, seems utterly unbeatable, doomed to worsen and worsen until I break. And even though I try desperately to swear to myself I won't go through with anything stupid, because I truly do not want to, I can't swear on it. I feel everything getting worse and worse, and I no longer trust my own brain at all. I feel like it is out to kill me! I'm terrified that, at some point soon, I will snap and kill myself without bothering to think anything through. I hide my knife collection away from myself now because I'm terrified that I might get too angry, too focused on punishing myself for existing, and I might go ahead and try to stab myself to death. 

    I don't know what to do. I've been reading so many accounts here, and so many of you are so concrete in either your willingness to live or your want to die. I almost envy it, and I feel awful to say that. I think that I want to live, but I don't trust myself enough to know I won't suddenly change my mind, and I've been living these past few weeks in fear like I have never felt before. I want to tell myself that fearing is good, that it means I won't do anything, but I know that isn't true. So many people fear they might snap before they do. I don't want it to be me. *God* I don't want it to be me.

    Please help me. I'm not sure how. I just need to hear someone say something that lets me know I won't do something stupid. I need someone to tell me I'm not alone and that death isn't my only option. I'm so worried that no matter what I do, suicide will catch up to me and I'll go through with it. Please, fuck, someone tell me it doesn't have to be the way I fear it is. I'm so alone and terrified and cannot even trust myself anymore, can't even believe myself when I say I want to live without fearing I may be lying. The more I sit alone with these thoughts, the more inevitable suicide seems no matter how much I do not want it.

    If anyone can give me a sign, anything at all, that I don't have to kill myself in the end, I need it so desperately right now. I've never been so afraid in my life. I don't (think I) want to die.",suicide
254623,"the world fucking sucks.hi, i’m robin. i don’t really have any friends, which im kinda okay with. the loneliness bothers me from time to time but i know it’s for the best. i’m extremely outspoken, angry and depressed. i write, read and study cinematography, also psychology is pretty cool. i haven’t seem many therapist for months because i’m afraid that they won’t fucking listen, since i’m just a client and that’s their job. there’s no actual outcome or point to it in my mind. i’ve been in and out of psych wards since i was 11 for my self destructive behaviour, and i’m only worsening. the doctors don’t do shit, and they seem to be unsure of what’s actually wrong with me. i’ve had all sorts of diagnosis’s, from borderline personality disorder to narcissistic personality disorder. i hate leaving the house because everyone’s just so fucking boring and judgemental, i don’t like looking anybody in the eye because i’m afraid of them. i’m rambling here because i really don’t know what to say anymore. i’m tired of this constant fighting for nothing, there’s literally no point in me going to therapy anymore since i can’t get better. writing sometimes helps, i like poetry. oscar wilde and edgar allen poe are my favourites. also film is a passion of mine. i like david lynch a lot, his mind seems to work similar to mine in a way. i’m still waiting to find somebody who understands me, who will listen with no judgement.",suicide
254626,i need someone to hack an account i will pay i made a gmail and i dont remeber the password and i need it to get my fortnite account back becuase it was hacked i will pay,non-suicide
254628,"MY FUCKING BRO GOT TO PLAY FUCKING AMOUNG US WITH IS GODDAMN BIO TEACHER FUCK EVERYONE I NEED THAT FUCKING TEACHER. I’m so angry at all my teachers for not being as cool.
For fucks sake.",non-suicide
254629,It’s not a normal thing to feel disgusted hate that you are a guy? Cause it took me a while to realize people don’t lay in their bed crying at night because feeling like a girl felt *right.* And I’m just making sure this isn’t a normal thing?,non-suicide
254668,"Explicit Instagram Message (OCD)Before reading, an OCD is an obsessive compulsive disorder. I have obessesive thoughts that I repeat several times a day. 


So I have this vague memory were I though I sended someone an explicit sexual message via Instagram dm.( and deleted it afterwards so I Won’t recalI it back. I panicked and thought that I might have actually send it on the 19th of december and afterwards deleted it. I didn’t hear anything about the message in the meantime. (Might have not sended it (ocd) ) So I decided the best way to know if I actually did it, is to send another message to him but this time in full consisentcy of myself doing it. With (screenshots). So I did that an got back a normal reaction. Whe had a short converstation, but nothing about the first message was mentioned. Still to this day I’m panicking that he has kept it secret and I actually did send something. This memory has been repeated in my head over a 500+ times so I don’t have an actual clear vision anymore that devides my memory from reality. How does this sound to you and do you guys think about it? (He later followed me back)  I actaully have become so obsseses and So I have this vague memory were I though I sended someone an explicit message via Instagram dm. I panicked and thought that I might have actually send it on the 19th of december. I didn’t hear anything about the message in the meantime. (Might have not sended it (ocd) ) So i decided the best way to know if I did it, to send another message to him but this time in full consisentcy of doing it. With (screenshots).  So I did that an got back a normal reaction. Whe had a short converstation, but nothing about the message was mentioned. Still to this day I’m panicking that he has kept it secret and I actually did send something. The memory has been repeated in my head over a 500+ times so I don’t have an actual clear vision anymore that devides my memoryh from reality. How does this sound to you and do you guys think about it? 

Note
(He later followed me back) 

help me I’m pretty stressed out! I believe I didn’t send it but the thoughts make it worse.",suicide
254669,"Just some things...I'm not here to threaten strangers with suicide. What would be the point of that? I just want someone to understand my story and what brought me to this point.

When I was in first grade, I had some behavioral issues that I believe were the result of the way my divorced father raised me and my genetics. So anyways, after I attacked my teacher a few times(she was a bitch), I was expelled and had to go to another school. They could have just put me in a different class and given me counseling, but instead they decided to put me in special ed. They put me in special ed despite the fact that I was more advanced than the majority of my peers in every subject.
Up till 4th grade, I had the same classroom with the same 3 teachers and the same (literally) retarded classmates. The schoolwork was a joke. I learned nothing I didn't already know. They actually got angry with me when I completed my math workbook in a couple days and they refused to give me anything more advanced.
In 4th grade, they put me back in regular classes with regular children because I didn't appear to have any problems (even though they never dealt with my anger issues or anything. Fear of my father was the only thing keeping me in check). I tried to get along with the other kids, but by that point, I had already spent too much time riding the short bus and hanging out with a bunch of tards. If you treat someone like a retard, they'll come out retarded. I'm lucky I'm as normal as I am(which isn't very normal at all).
So, I found myself without any friends. Don't get me wrong, there were people I hung out with during recess, but they weren't really my friends. They were people who tolerated my presence because they realized I wasn't going to leave them alone.
Now, I'm 24 years old. I've still never had a friend. I've become more and more ""normal"" on the outside while internally my thoughts have been becoming increasingly more and more violent and psychotic. I hate people so much that sometimes I can't even remember where I should draw the line between fantasy and reality. I still have unresolved anger problems.
I feel like I'm the only one who realizes how arrogant, ignorant, and inconsiderate people are. People are hypocrites! People stomp all over my feelings as if I don't have any, and then they have the audacity to tell me I'm not empathic enough? What the fuck is that shit?! Has nobody heard of reciprocity?
No matter how hard I try to modify my behavior, I never have real friends. I have two choices. I can choose to be myself and have no friends (to be thought of as a special ed kid who is beneath normal people), or I can choose to put on a social disguise and have fake friends (People who think we're friends, but in reality, they don't know anything about me). That's not exactly what I consider a fulfilling relationship.

To other people I'm retarded. But I'm not. I'm just a normal person who is suffering due to some environmental problems that effected my development while I was growing up. I'm not retarded! In fact, I'm actually reasonably intelligent. My hobbies include programming, learning foreign languages, playing turn-based strategy games (chess, stratego, go, dungeon crawl: stone soup), and playing guitar.
Nobody cares enough to give me a chance. Nobody cares enough to even see if there could be a connection. No woman will even have coffee with me. Sheeple hate non-sheeple and everyone else is too cool to hang out with a person like me.

Anyways, I skipped a large part of my life.
I was always depressed, even before I knew what depression was. I always hated and feared my father, even back to my earliest memories (when I was 3yo). Eventually, when I was 16 I managed to get in contact with my mother. This was probably a mistake. My whole life up till that point, all I wanted was to live with my mom (or at least visit her if nothing else). My father wouldn't allow that before, but now my mom was dating someone with money and could afford a lawyer. My dad feared legal action and agreed to let me stay with my mom.
Well, my mom has psychological issues of her own because of the way she was brought up. My half brothers are similarly afflicted (It's a great circle, isn't it?). Things didn't work out there and eventually I ended up homeless. After spending a few months living outside in Washington(which is a fairly cold state) I called my dad and he agreed to let me move back in with him. That was another big mistake. It only took a couple months before we got in a huge fight and I ended up homeless again. Luckily I had a decent-paying, full-time job working in a factory and it didn't take long before I was able to get my own apartment. Eventually I lost my job and the homelessness cycle began repeating. Since then I've been homeless several other times and have lost many other jobs.

I fell into drug addiction and hung out with very sketchy people. My last group of ""friends"" all went to prison for an attempted home invasion robbery of a medical marijuana dispensary provider. One of them even got shot in the heart by the home owner. He lived to tell about it, but he got his leg amputated(he was also shot in the leg and ankle). There was this moment where a swat team jumped out of a truck and pointed guns at me and my ""friends"" screaming at us to get on the ground. I was tempted to charge towards them so that they could put an end to my pain. The only reason I didn't do that is because I didn't want my death to be on anyone else's conscience.

Eventually, I got sick of everything and attempted suicide. Obviously I'm here to write this message so you know I failed. As if it wasn't bad enough that I'm a failure at life, but now I'm a failure at death as well. The people in the hospital and the in-patient treatment program brainwashed me into believing that life is worth living. That suicide is inherently bad. Is it really though? I mean, lets think about the types of people who commit suicide. Mentally unstable, emotionally damaged people. Is it really safe for someone that unstable to be a part of society? Do we really want those genes to be part of the human organism?

Because of my inability to make any real friends, I started involving myself with extremely anti-social behavior. The worst part being my addiction to porn. Now, you're probably thinking that porn isn't a big deal, but that's because you don't know how deep the rabbit hole goes. You see... I used to have normal fantasies. Fantasies about having a woman to love and care for. Someone I could share my feelings with. Someone who just accepts me the way I am. Eventually, I began abandoning these fantasies when I realized how far-fetched they really are. Now I fantasize about downright psychotic things(and being aware of this doesn't help me to change it). I masturbate to videos of women being tortured. Screaming, crying, bleeding... I can't even fathom how much money they must be getting payed for that to be worth it to them. It's sickening and I know it, but nowadays it's the only thing that gets me off. I regularly have fantasies which involve abduction, rape, and murder.

I don't like where my fantasies are taking me and I feel powerless to change it. There is only one 100% guaranteed solution.

I know what you are thinking before you even begin typing your response. ""There's medication and therapy for that!"". No. No amount of medication in the world will fix my problems. No therapist in the world is going to help me. I've been there and done that and it really just makes me more depressed because it's a constant reminder that I'm nothing but defective product.

All I ever wanted was for anyone (male or female) to just accept me for who I am.",suicide
254670,"Im mentally downI'm completely down, I don't know what to do with my life. School gets every week harder. I have to achieve a specific grade for an ongoing school and I don't know if I can reach it.",suicide
254675,"If you thought “edgy young teens” were obnoxious, then you haven’t sorted r/AskReddit by new and read the comments It’s fuckin mind-boggling.

Adding extra text or else the auto mod won’t let me post this

Etc etc etc

Jesus tho it’s fuckin crazy",non-suicide
254677,"I'm trying to do homework but all I can think about is forg I need to be doing my homework because mom will be home in a few minutes but all I can think about is [forg](https://i.redd.it/ol6qbxqbgqo51.jpg) dniwuhdouwgBUFAKJDIEWQNHAKM. ehwdifb hwfuheskaeiqbkabf ewhfi jieofwaksjfmnv

how to focus help forg has taken over my life",non-suicide
254679,I'm sleepy but i dont wanna sleep Help,non-suicide
254689,Did you hear that Michael Jackson got melted down to Lego when he died So kids would play with him,non-suicide
254690,"Oh fuck, oh god no! My dad is an actual karen.


He talks all the time about how the mask is dangerous and he can't breathe in them and the virus is a lie and the vaccine will kill us and I should not get vaccinated ever with anything.

He refuses to wear masks and when we force him to he just talks all the time about blm being a terrorist force and Floyd deserved it.


Other than that he only talks about how a useless piece of shit I'm for not achieving anything in this world, yeah I guess that is called evolution, that the next generation has it easier then the old one.


Oh god, I can't take him any longer, always when he talks about climate change being fake and that everyone human being is evil and wants to kill me, I always think of karen.


Is that common? Does anyone else have a racist karen dad?",non-suicide
254708,I just wanna say I don’t support Super straight... I just don’t... I like all the other LGBTQ+,non-suicide
254710,"im weirdly kinky and hypersexual but also sex repulsed i like the idea of having sex, but seeing it and doing it makes me wanna throw up tbh",non-suicide
254711,"Birthday this Sunday and I'm going to kill myselfSaturday night I have everything planned out already. I don't know why I'm posting here because I'm going to do it anyway maybe I'm just saying goodbye 

Also I'm scared I won't die and wake up from pm pain killers and vodka",suicide
254712,"I don't know what to doMy girlfriend whom I loved deeply for 3 years left me about 6 months ago and I cannot get over it. I tried to distract myself with hobbies such as working out and I picked up circuit work but I feel deeply depressed. Randomly throughout the day I just think of her because I still love her even though she ended our relationship with 3 lies after I confronted her about each one and she still hasn't told me the truth. Near the end she was going behind my back and telling people mean things that hurt my feelings so bad. Each night I go to bed early, distract myself with youtube and will just think of her because I loved her so much and I will just cry for 30 minutes straight. On 2 occasions since the time we broke up I wanted to kill myself badly, but was an inch away from actually doing it. I really do not see a purpose in my life right now. Please help me. I've literally become so desperate I drown myself in calculus. I just need some help. Thank you 

You can ask me anything. Im really sad but I promise it won't tip me off the edge right now",suicide
254713,"Why are myself and my feelings treated as worthless?For 2.5 years, from the ages of 25-28, I was in an abusive relationship with a girl named Amber, who I had known since she and I were both 16. We'd had quite a history previously, but had never dated until that point. I loved everything about her, and I felt completely comfortable around her, as though I could tell her anything. The first 4 months were wonderful, but then she turned emotionally abusive and manipulative, and transformed into a compulsive liar. She left by becoming pregnant with another man's child. To say the least, my emotions were battered and trampled beyond recognition.

I tried dating after her. I met a girl named Kate about a week after Amber left, but the timing was a bit off. She and I had both recently exited bad relationships, and neither of us fully committed to a new one. She moved a few months later, anyways.

For the next year, I tried meeting and asking out other women, only to notice a pattern developing throughout the 7 or 8 attempts. The pattern was that I seemed to continually get the ""I'll hang out with you, claim I feel a connection with you, and even claim I'm fascinated by you and was really attracted to you when we first met, but then I'll give you trite bullshit when you bring up a relationship"" routine.

Last August, I saw Kate again, and after having wondered about our potential relationship for over a year, I spilled my feelings to her. She said she couldn't give me an answer that night, but that she would the next night. She proceeded to ignore me the next night, too. Then, she disappeared until this week. So, I saw her just last night, again. I asked her if she remembered our conversation from August, and she said yes, and that she was sorry for being so rude last August, but that, at this point in time, she's ""not interested in a relationship"" and ""satisfied with personal growth."" I was so crushed, that I didn't have anything else to say. I had waited 6 months to be flatly and almost emotionlessly rejected in a 10-second explanation.

Mostly, I feel crushed and like I'll never mean anything significant to anyone again. I keep getting this complete and utter rejection of my emotions over and over again, to where it feels like no one at all cares about them or their existence...and I'm starting to agree with them.

I cannot be loved, and I really wish I could die.",suicide
254729,"To be saved.I was about to write this to my lover (ex) but I don't think she'd like it but I think I should let it out.
I think when we're thinking about this, we're also wanting to be saved. To be saved by someone who we love but it's really tough for them and we are already feeling idk how many things, I certainly do. 
Honestly they think sometimes it's drama or attention, but it's not honestly, they say get therapy but honestly when you wanna be not alive... I don't think therapy can save us. I don't think anything can save us but honestly we are as selfish as they are. They want us to be alive with this head of ours and we don't want to be because of this head of ours. It's a dilemma, where you end your suffering or you make everyone around you suffer, but I think as much as it's hard to die with that thought, they will move on, won't they? Time heals pains, they say it all the time maybe the pain I will cause this once will be far lesser than I might keep causing till the end of the line.",suicide
254730,"Saying goodbye2 days ago my 23 year old nephew hanged himself, his parents and siblings are devastated. He was a troubled young man but we all loved him and are wondering if we could have done something different. Not sure why I'm even writing this other than to say that even though you may feel all alone in this world there's someone that loves you. Life can be a real struggle at times but we have to fight till the bitter end.",suicide
254731,"I really think I should tell someone I want to kill myself but I have no one to talk toI have two groups of friends, if I told one they would be really awkward and not be able to offer any advice and I can't tell the other because I want them to like me and not just see me as the kid who talks too much about how he wants to kill himself

I don't have a therapist or any sort of counsler I'd want to tell

Both my siblings would just tell my mom

I can't tell my dad cause he's not doing so great health wise right now

And lastly I can't and won't tell my mom for many reasons. Mostly beause she probably wouldn't believe me or just brush it off, but also because if she does take me seriously I would be the biggest asshole in the world. Her life sucks enough right now I don't want to burden her with more problems.

This post would actually be the first time I've told anyone I want to kill myself while sober. I guess I should ask for advice, but I really don't know what options I have left.",suicide
254737,"One year and I’m still the same.One year ago today was my first suicide attempt, I’ll spare you the details but I only survived because I was “lucky” enough that my friend knew basic first aid. Tonight I said goodbye to my friends and the woman that I love, I don’t plan to make it to tomorrow. So this is just another goodbye, to the people of reddit, my second family.

So I guess this is goodbye.",suicide
254739,"My note[https://pastebin.com/6q79QcTn](https://pastebin.com/6q79QcTn)  


My note is probably too big for reddit's standards so I typed it in a pastebin link instead",suicide
254740,"I dont know what to do.Hello Reddit, my name is Chris, i'm a 26 years old male from central europe and my life is a complete mess since years and i dont how to break free from this. I'm socially isolated without any friends or atleast someone that cares about me, there is no one in my life. My life is lonely and empty, without any colour or light. This went on for so long and i dont know how much more i can take. I dont know how to make it through this night, there is nothing in my life that could stop me, nothing but emptyness. I dont know what to do, i dont know where to go from here. 
I was so often at this very point, broken down, crying, at the edge of living and i always tell myself ""it will get better some day"" or"" this is not the right way"" but i dont know who long i can fool myself and for what. Why do i still live?",suicide
254750,"Did stopping your meds make you suicidal?I’ve been on some form of antidepressant for six months. Recently, I stopped Cymbalta cold because it was giving me nightmares and I was losing sleep. I now experience suicidal thoughts almost constantly. My meds were prescribed by my PCP and I stopped because I felt like he threw random ones at me without taking into context my actual situation.  I have a history of being anxious and depressed, which I think stems from a painful childhood. 
I’m bulimic, I’ve self harmed, and I’m currently helping to take care of my mom with dementia. She’s only 53, I’m twenty. Because of this, I’ve had to quit my job and I’m broke, and now I have gone from a 3.7 student to failing my classes across the board. I feel as though I have nothing left to live for.  Part of me feels like it’s situational, but I feel bat shit crazy being off of these meds. Yet, I don’t want to be the person who needs antidepressants to function. 
I just feel like it would be easier to stop waiting for my mom to die and just kill myself instead. ",suicide
254751,"Don't you hate new years?Soon as I started hearing fireworks and I looked outside my window to see them, there was only one thought that came to mind. ""new years really puts a perspective on how much time has past and what little I did"".   

I have to start looking for an apprenticeship as I am not going uni, but i can't. I just can't I dont know what the fuck I can be, Im literally going with what subjects I chose which I dont even know if i can enjoy with my social anxiety. Im looknig at all these apprenticeship wondering ""what will happen then? will I be happy""   

I came into work today, and for some reason, I just couldn't stop thinking about my future. I mainly kept wondering if I was to grow old alone, I dont mind if that was my future, but I think the whole time I would be wondering I would kill myself. If I had a partner, maybe I can be happy for her. Maybe I can make my life meaningful, make it a reason to live.   
but who would want me? I play a lot of games and sometimes record myself, and when I heard myself, I just feel like crawling into a hole and never getting out. why do i sound so weak?  so fucking pathetic?    
Why cant I be a inspiration, why am i me.    

As I kept wondering about this a made a mistake in work which led to everyone looking at me. I know they said stuff behind me, but i dont care, I deserve it.    

I asked this nice girl if she would give me a lift home which she agreed. This only led to me being the last to walk out of the store with everyone gone, including my ride. Guess she was joking, or just didnt want to give me a ride.    

So I walked with songs on my earphones in. I just wanted to run, be stabbed anything. I felt so depressed I wanted to cry, why am i me, why cant i be something instead of nothing?    
Its because I was raised that way, raised to be pathetic and stupid, like everyone has ever said to me since my birth.    

At one point a man was actually walking towards me in a shady way, I had my earphones in I quickly looked up to notice, which he immediately walked in a different direction and passed me.    

I just thought then ""why, Im fucking self loathing here wanting to die, and im so godamn selfish to want to live, what the fuck do I want""   

I dont want to die, I want to start a new life, I want to be free of burden, and be a new me. I want a plan for my future, I want to know what I want for my future, I want to love someone, I want to feel that warmth of knowing that someone really cares for who you are. I want to have kids, I want to see there happy face as I grow up with them and play with them as long as I can. I want to let go of this burden of being me and buy a new me. I want to live a happy life, I want a reason to live. and not a reason like ""It will get better"" but ""Im living for this/them""   

But I can't. I'm me, im damaged, and I just want to be thrown away, I'v tried. Iv tried so much to change, but I cant change. Im me, broken, worthless, no future for happiness, and deserves to die for it.",suicide
254752,"I'm very sad transgender and reddit isnt helpinghttps://www.reddit.com/r/Jokes/comments/5k22kh/genders_are_like_the_twin_towers/dbkxc2l/?utm_content=permalink&amp;utm_medium=user&amp;utm_source=reddit&amp;utm_name=frontpage

I love reddit don't you guys haha o'm gonna get raped and fucked and abandoned if i transition my grandma will hate me my grandpa is a trump supporter he'll disown me i love them so much it's so much easier for me to stop right now and die nobody will have to see my gross transvestite face ever again

Edit bonus https://www.reddit.com/r/Jokes/comments/5k22kh/genders_are_like_the_twin_towers/dbkwyiw/?utm_content=permalink&amp;utm_medium=front&amp;utm_source=reddit&amp;utm_name=Jokes

Edit: i'm better now thanks to some crying and assurance from you guys. I really appreciage it, you guys are the real mvps haha. Happy holidays",suicide
254753,"when ur voting make sure you select 'write-in' and write 'u/-froggystyle' i will single handedly win the 2020 election 

i will be the greatest american president of all time",non-suicide
254754,"What language should I take next year? Options: 

1. Spanish 2

2. German 

3. French 

4. Japanese 

5. Chinese 

6. Italian 

7. Sign language (I picked this one because I’ve had spanish for the past 4 years and I’m tired of it and thought it’d be nice to switch it up, but I lowkey want to take Japanese or Chinese, but I feel like that’ll be too hard to get a good grade on)",non-suicide
254755,Reddit Got Banned On My Schools Servers :( My friend got caught with reddit open and then they blocked it. Hey friend who did this if you’re reading this fuck you.,non-suicide
254756,"comment on this post, then check your email lmao",non-suicide
256365,"does life get better i guess notit does not matter what i try 

coding
it  failed coz have to search google but then if google dont have it you have to try and learn but its a bit hard  then if you make scripts you cant sell them anyway:( 


dont have  a job 
dont have a life with friends and a girlfriend 

my life is so boring",suicide
256366,"I'm pretty sure I want to die but I'm so afraid to do itOk, so, English is not my first language and I'm pretty fucked up so there will probably be some mistakes.

&amp;#x200B;

I have been fighting anxiety since I was 8 and chronic depression since I was 12. I'm 24 now. I lived good times, sure, was even happy (not sure if in the simplified and constant sense people think about happiness, but definitely sort of happy), like, when I lived in a certain country (away from mine) and spent some days with a certain girl. But the thing is: good cycles end, and somehow, I always end up severe depressed again.

I tried everything. Every fucking thing. I do therapy, I took a lot of medication, I embraced religion. I had good and bad jobs. I had good and bad girlfriends. I travelled and isolated myself at home. I got drunk everyday and spent times sober.  I even spent 20 days in a psychiatric hospital last year, when my suicide ideation got really bad.  I called suicide hotlines, wrote letters, talked to parents, friends and doctors. 

I had some traumas (who doesn't?), but most of them don't even haunt me anymore. My therapist is good and stuff, and I'm committed with my treatment. But the point is: even doing everything in my hands, I always end up in the same fucking place. Last night, I had to debate with myself if I should end my life or not. To be honest, most times I feel like my decision is already made. I even have a plan. But the problem is that do the thing takes a lot of courage. I don't think about me, but about my family and friends. Shit, a lot of my friends have mental health disorders, and I'm so afraid that they get worse if they know that I did what I plan to do. 

I'm also afraid that my attempt fails, and the consequences of the failed attempted make life even worse (for me and for others around me) than it is now.

I was doing well until I fell in love with this friend of mine who don't want me (or anybody, to be fair. She doesn't want a relationship at all). It's a pretty mundane situation, I know, but looks like my emotions are more fragile at each time. Looks like everytime I got my heart broken (not just about  romantic stuff, but like, when something goes wrong with friends, family or professional life), it breaks in a harder way. Like it's easier to fall in the depression black hole each time. 

Well... sorry, this is a little longer than I expected. I don't know that to do. I just want the fucking pain to end. Twelve years is a long long long time to live with all this emotional suffering.",suicide
256367,"I took an overdose last Friday night.Needless to say it didn't fucking work because I'm still here. 

I don't even really know why I did it. I just felt like I was a shitty person and that I deserved it. It was so spur of the moment that I didn't even see it coming. I was sorting through some of my old medication at the time and I emptied one of the jars into my hand to see how many tablets were left. I was thinking about how I don't deserve my boyfriend and that he would be better off without me. Then I just took them all. 

The weirdest thing was I didn't feel anything. I wasn't scared or upset. I wasn't even happy. I was just empty. Even when my boyfriend saw what I had done and started shouting at me and forcing me to throw them back up. All I did was laugh. I didn't care. My boyfriend looked up the medication to see if I took enough to die. It's a very obscure medication so there was little to no information about overdosing. He came to the conclusion that I wouldn't die but that he would keep an eye on me all night. 

About two hours later I started to violently throw up. I couldn't even keep a sip of water down. I had a splitting headache and I could barely see straight. I ended up falling asleep in the floor because my bed was too warm. The next day was pretty much the same and my boyfriend took me to A&amp;E. They gave me the steroid injection I'm supposed to take when I'm sick and an injection to stop me throwing up and then sent me on my way. I was surprised they didn't want to keep me in to keep an eye on me but to be fair it was Saturday night so they were going to get busy later. 

I've been feeling like shit ever since then. I'm able to keep a little food down now but my stomach is always in agony and my head is constantly throbbing. My boyfriend made me promise not to do anything like that again.

The worst thing is that even after all the pain I've been in all weekend, I would probably do it again.",suicide
256369,Dont know but im really feelin it bro Thats it. Im just feelin it. Oooooooh boy just quit reading i told you im feelin it,non-suicide
256370,if anyone has a request for a java desktop application i could build for then id be happy to design it As long as its not super complicated I'll at least give it a shot im practicing designing applications anyways,non-suicide
256371,"I'm so dumb It's 2am and I just remembered I have my exes glasses

I woke up for this",non-suicide
256372,Please just someone talk to meI’m 20 I’m weird af I hate myself and I wanna die but I need to talk to someone about my weird attraction or else it’ll tear me apart,suicide
256373,I have no insurance.. and I’m a pussy and won’t do it but I want help.Can I go in and tell them I’m suicidal and want help will the hospital help me? And I have no insurance. I don’t know if they’d actually help me unless I attempt it again.. I’m having such a bad panic attack right now with chest pain. I just want everything to end..,suicide
256374,"This weekendI think I've finally snapped. I still need that little push over the edge to go through with anything, but today I realized how much of a terrible person I truly am. I've wasted everyone's time.",suicide
256379,"i don't feel my age for a long time. anyone else have this problem? whenever i have a birthday, i never feel like my new age until 5-6 months after my birthday actually happened, so for a lot of the time, i feel a year younger than i actually am. anybody else have this happen?",non-suicide
256380,Looking for friend I'm looking friend in USA or UK,non-suicide
256381,"Probably not allowed but I’ll give it a shot     Hello! I’m requesting a couple of games (one of them) on Steam if you have them and you don’t want them anymore.
 
****DO NOT PURCHASE ANY!!!****

****DM ME IF YOU HAVE ONE AND YOU DON’T NEED IT ANYMORE.****

 1. **BeamNG** - I think it’s a pretty fun game and it would be pretty interesting trying out crashing those cars and see those simulations. A couple of years ago, I remember watching videos on YouTube where they would take a variety of cars and crash them in different objects and I believe this was the game. 
 

 2. **My Summer Car** - Like every other game, I’ve also seen this on YouTube and I think is pretty cool how you’re fixing the car and doing all that cool stuff. Seems interesting.


 3. **The Long Drive** - Another quite interesting game similar to My Summer Car but a bit newer I think. I really like the survival concept and that is relaxing :D        


  4. **60 Seconds!** - This little game seemed boring at first but after I watched a couple of videos, it made me quite interested. Another survival game lol
    

  5. **Planet Zoo** - Might not be as fun as the previous ones but I’m in love with wild animals and this game seems a pretty good one.


  6. **Fall Guys** - This game totally blew up last year along Amon Us and I gotta admit that both look pretty fun although I haven’t tried Fall Guys.
   

   7. **Scrap Mechanic** - Just as Minecraft, it’s kinda interesting that you get to build whatever you want.",non-suicide
256382,"Getting ready to leave this worldI have a booklet with my farewells, the reasons why I did it, post-death instructions, personal confessions, and my outlook on the afterlife. 

Just gotta clean up my room and wait a night where my mom and sister are at work. That way they won't hear the sounds of my convulsing body hitting up against anything while I'm on my way to death.",suicide
256383,"Everyday is harder, I just want to leaveI don't want to die, I just don't want to exists anymore. I am not sure those are the same thing. And I feel like it would be so easy to give up, it's stupid and selfish but it's the truth",suicide
256384,I hate myselfI hate saying no to people. I hate making people upset. I'm in a serious relationship with two people who don't know about each other because I didn't want to upset them by saying no. I fucking hate myself.,suicide
256390,"How to be a yes That. The. How.

-Bob",non-suicide
256391,"This world robs us of our conscious awareness by:  making us take things way to seriously, being stuck in the past, being ruled by our emotions and the fear of being criticized.

If you don't already know our conscious awareness is one of our most powerful tool in this life. Being in full control of it opens us up to receive the infinite cosmic energy from the universe.

Did he just say infinite?
Yes, and you can see how this energy truly is by noticing how every second we get a new opportunity to change our state of being, point of view, and mental state.

Did he just say cosmic energy!?
Yes I did, and on the energetic side you can observe this cosmic energy inside of you when you get goosebumps from watching inspiring movies, listening to moving or exciting music, feeling eager, thinking about someone you love and more.

I've found many names for this energy like Spiritual chills, Euphoria, Voluntary goosebumps, Ecstasy, Prana, Chi, Qi, Vayus, Aura, Mana, Life force, Pitī, Rapture, Ruah, Ether, Nephesch, Chills, Goosebumps and many more.

If you want to learn how to really tap into this energy here's a [YouTube video](https://youtu.be/ds9BKmuT_7I) for you.

On a less deeper side, you can open yourself up to it by:
Letting go of all the baggages from your past, 
Not taking everything so seriously,
Stop letting yourself be ruled by your Emotions (mind over matter)
And by not blocking yourself from living life because of the fear of criticism from others.

One or all of these things combined will take away all of your power that you have from the now, your present.",non-suicide
256392,If you could be reincarnated into anyone (any human of any time) for a week who would it be and why? I asked this in r/AskReddit but nobody answered so I'm posting it here. And I'm bored so.,non-suicide
256393,give me compliments my self esteem needs it,non-suicide
256401,"I'm ready for it to be overThe only thing that has kept me alive for this long is all the dumb things I wanted to do, and my best friend and only friend. Depression has destroyed the former; I no longer care enough to do them, nor do I have the energy. I barely have the energy to make this post.

My best friend is also depressed, and it's been pretty bad for him lately. I tried to be there for him, but it got to the point where over two weeks, he rarely talked to me at all, and when he did, it was because he was depressed and needed me. Any other time he just had better things to do. I started getting more depressed from the lonliness, and the feeling of being worthless and unwanted to yet another ""friend"". He got mad at me for being depressed over it, and decided we shouldn't talk for a while and that it would be ""beneficial"" for me. Said that I needed to learn how to be lonely. Apparently there's no better ""fix"" for loneliness than more loneliness. I know what he was really saying was ""Get away from me until you're not depressed because I only like you when you're happy.""

I hate him so much for doing this, and I don't think I could ever trust him again. If he ever does want to talk to me again, I'm not sure I'd even bother with it. But at the same time I care so much about him to the point where he's my only reason for staying alive right now. He told me it would devastate him if I died (which I'm sure he lied about), and I don't want to risk doing that to him. I'd also like to stay alive because talking to him did make me happy, but even if he does come back and I am able to talk to him, that could be any amount of time, weeks, months, years even. I don't want to suffer like this for that long ""just in case"".

My life has been completely meaningless, the only things I did have were ruined by my depression, and now I have nothing, except I'm still trapped here. I so desperately want to die, but I don't want to hurt him, so I just kind of lay in bed all day and suffer. I'm not sure what to do anymore.",suicide
256402,"Let me end it allI'm   


Just  


Tired.",suicide
256404,"Tired of not being normal like everyone else.I genuinely think my life is not worth as much as anyone else’s. I have so much shit that I have in my head that makes it so fucking difficult for me to even function in society. I feel like it’s not even worth it at this point to go through so much fucking trouble for me to just plain live. 
I have issues with my health that probably should be seen by a doctor but nope. My anxiety prevents me from doing this shit. My depression tells me there’s no fucking point either. 
If I was a normal person, I’d be able to see a doctor, a dentist, a fucking HAIRDRESSER with no issue. 
But these are things that are genuinely so hard for me to do that I just say forget it. 
There are so many other things contributing to my general unhappiness with life. So basically, I’m exhausted with living. All 2 people in my life (my parents) would probably be happier without having to treat me like a fucking five year old. 
I wanna be gone so bad.",suicide
256409,"How do I talk to them about thisI'm not sure if i just have moodswings or something but im very suicidal right now, I want to tell my roommates but I'm worried it's kind of a ""boy who cried wolf"" situation because they've seen me like this before and maybe they won't take it seriously? I have no insurance ... barely enough money to survive. It's all my fault. Idk how to take out a loan im already in 80k medical debt anyway. I'm a 19 yr old teenage idiot with no family. My roommates are my only friends, really",suicide
256410,"I can feel it clawing inside my headThe feelings of hopelessness, the depression, the social anxiety, not having any friends. The thought a feeling like this for the rest of my life makes me want to shoot myself. I have been reading /r/SuicideBereavement  and it pushes me deeper and deeper into this pit when I think about putting my family through that.

I have so much I want to write in this post but my thoughts are rushing so much I cant organized them in a post. ",suicide
256411,"Been having a hard time lately and thinking about killing myselfI am 18 year old male, I would say that I am good looking(even tho it srsly does not matter at all) , I love lifting weights and playing videogames. I never thought about suicide until recently. I just feel like lockdown made it much worse. I never went out with my friends, I rarely talk to anybody in the gym(not even able to go to gym now) and I try my best to stay away from people as much as possible. Probably the only thing that keeps me alive is game Witcher 3 since I just love that game and my little brother. I play it so much that I cannot fall asleep at night because I cant stop playing it and thinking about it. I think about suicide every single fcking day but I somehow manage  not to do it, I always imagine my family at my funeral and start crying since it would really make a harsh time for them. I usually think about being in imaginary world, having a beautiful girlfriend and living a charmed life. Perhaps I could kill myself to find out if there is something after this fcking cruel life and world. I also have some private issues which I unfortunately cannot fix and never will be, no one even knows about it except me. This could also be a post where you can share your story or thoughts, we are all in this together.",suicide
256412,"I really start to feel like killing myself, and going out with a bang.I really don’t care about othe rpeople’s life at all to be honest, I mean afterlife doesn’t seem that bad regardless of religion and stuff, so why not judt kill myself and try to do some really messed up shitt just to be remembered, just in case there is no afterlife, so that people can glorify you and inspire others.

Tht’s what’s going through my mind right now, and I’m in desperate need of help, I don’t think I’ll manage to last much longer before giving in to madness, I think I’ll give myself 2 years to a month aprox, tnx for reading. If I delete my account wach out on TV about something in Romania.",suicide
256413,Advice maybeI want to kill myself but can't bring myself over fearing the physical pain invloved despite knowing it'll be only momentary. The methods that hurt the least are not really ones that are easily accessible by the average person. I'd rather prefer getting something like cancer but unfortunately that's not a choice. So is there really a way to get over that fear maybe?,suicide
256414,Please helpI need a reason to go on. Just one. Any reason at all,suicide
256416,I know I know I know I know this is the 3rd time me posting but I just wanted to know how was your day guys!,non-suicide
256419,I saw someone do a hand reveal. Should I do the same thing? Filler filler filler filler filler filler filler filler filler filler filler filler filler filler filler filler filler filler filler filler filler filler filler filler filler filler FiIIer filler filler filler filler filler filler filler filler filler filler filler filler filler filler filler filler filler,non-suicide
256422,"Pranked my BF(best friend) so imma use reddit to say it's a prank The start:
Ok so yesterday my friend messaged me that no one was gonna be at his house till late now one thing about my friend is that he dosent talk to girls much

The prank:
 so for fun I said I will hook him up with a girl so he said thinking it's a joke ""ok tell her to message me"" now my aunt was at my house so I used my aunt's phone to message him .At first he thought it was me who messaged him (which it was ) and messaged some super embarrassing stuff but somehow I convinced him that it was actually a girl and he started going ""sorry I really thought u were my friend and that he wasn't intrested"" .now I thought I will say it to him it was a prank but some work came up and I didn't tell him .skip to next morning

The aftermaths :
Now the next day he messages me that he felt so embarrassed to the point that he had a nightmare now I thought the prank went to deep and thought let's say it's a prank but then he started talking abt some intresting topic related to it and I thought I want to hear all this before I say it to him and now I am so deep into the rabbit hole that I couldn't say it to him directly cause I feel like he will kill me if I say it now lol .so I thought imma say this on reddit cause he is new to reddit and it would be fun .

To my friend:
Dudee look at the camera there .IT WAS A PRANK DUDEEEEE.

Tldr:- pranked my friend to think he was talking to a girl(it was me) he felt embarrassed to the point he got a nightmare and now I am too scared to say it to him directly",non-suicide
256423,"Went on my phone after 90~ minutes of revision/study, but of course my mom had to walk in. I was doing some homework and revision since noon, and I decided to have a break, for 15 minutes, but my mom has to walk in and think I have been on there for the whole day, saying ""you don't do any work"" although I have done 80% of my homework. Giving me a 15 minute lecture on why I should do work, by shouting at me saying I am lying.

Now I don't want to study anymore.",non-suicide
256427,Posting nostalgic music every day until quarantine ends. Number 49. All the way. [https://youtu.be/BJPc49z57bU](https://youtu.be/BJPc49z57bU),non-suicide
256428,"Suicidal urges when life seems too good.note: I have no one to open up to one on one, but need to talk this out. I'm not in danger and have a ton of experience with crisis intervention, I know when and where to turn for urgent help.

I'm feeling suicidal because I feel like I'm at my life's peak. I have this notion that things will only get worse from here, and the thought of ""quitting while you're ahead"" suddenly seems to make so much sense. I feel blissful and almost peaceful with the idea of this being my final scene.

I've had suicidal ideations in the past, but I've never acted on them. I don't think I will act now either, I just wish I had someone who understood. I'm tired of being told to go with the flow or that things will get better...in this moment, things are great. 

I just spent a long weekend with a man I fell in love with. He lives very far away, there's no label on our relationship. I'm so, so happy when I'm with him. Now that he's gone again, all that my future looks like is a mess of anxiety, body image struggles, bills...I've lost my sense of purpose. I'm happy now - I may not be happy again for a very long time - what's the point? At this point in time I feel loved, fulfilled, healthy. My best friends are newly, happily married. My siblings are doing perfectly well on their own. I see that they're happy, and that's enough for me. I don't have a personal will to live, my dreams have lost their appeal. If this is as good as it gets, why not be remembered for who I am now instead of marring a perfectly good life?

I should note that I'm currently quitting Lexapro (SSRI) after being on it to treat chronic depression for ~1 year. I have a ""sponsor"" of sorts to help me through this process, but I feel like if I open up to him with this, he'll panic and take my ideation as a true threat.

Anyways, I just needed to vent. If anyone else can possibly relate, nothing would be better than to know I'm not alone in feeling this way.

",suicide
256429,"Call me?I have read through these posts time and time again. Most of the time it seems like people need to talk but it seems the suicide prevention hotline is too much. Im not trying to break any rules here, but pm me and I will gladly listen to you if you need to call a stranger. I am not a professional at all, but I will gladly hear you out if you need to vent.",suicide
256434,I’m tired of being suicidal.It’s fucking my relationships and like everything is more fucked because I’m suicidal but I’m suicidal because it was already fucked. I hate my self and I can’t even die. I just want to not feel like killing my self all the time. Please just to be like ok with being alive not even my life just not being dead. I,suicide
256435,"I'm homeless, jobless, and have lost everything I spent the past decade of my life building.If this isn’t rock bottom, I don’t know what is.

A year ago I was on the cusp of finishing an Associates Degree in Computer Programming, engaged, and living in a very nice apartment with my fiance and our dog.  I was taking 100mg Sertraline (Zoloft) daily until this past December when I stopped because getting my prescription transferred to the city where we had moved proved to be more of a hassle than I was willing to deal with.  The suicidal ideation returned in full-force.  I feel a near-constant voice in my head telling me to kill myself.  Sometimes I find myself saying it out loud, and I can’t stop.  

I was working as a pizza delivery driver and due to a combination of slowed business, bad tips, and my unwillingness to look for supplemental work, I found myself unable to pay all of the bills I had.  I focused on paying rent, my car insurance, my cell phone bill, and Christmas presents for my fiance, while my credit cards and student loans went unpaid, then continued to go unpaid for the following months as it became impossible to recover from the increasing fees.  My anxiety was through the roof at this point, and hasn’t improved.

Around this time, I got involved with a coworker, who was also in a relationship, and we had an affair for several months before she cut me off out of the blue this past April, and refused to speak with me about any of it.  My depression kicked into overdrive and I made plans to prepare an exit bag and kill myself shortly after my 33rd birthday, in May.  I had a tank of helium reserved at a balloon shop in a nearby town.  On the day I had planned to go through with it, I woke up crying, which had been normal for me for several weeks at this point.  The problem being that this time, I couldn’t stop.  My fiance, concerned, called into work and stayed home with me to make sure I was okay.  I confessed to her about the affair I had been having behind her back, and my accumulated debts from unpaid credit card bills and my student loans.  She was devastated by my cheating, but still cared about me and didn’t kick me out.  I spent a month and a half giving her the opportunity to vent her frustrations, ask me questions, and hopefully get whatever closure was possible.  We hadn’t decided whether or not it was possible for us to work things out, but I believe she would have.  I know that she can do better than me, and that I am an emotional and financial burden she doesn’t need, so I made the decision to remove myself.  I would stay until the end of our lease in August and hopefully save up any money that I could to hopefully move into my own apartment.

In early June, after some unpleasant conversations regarding the returns of personal property with the coworker whom I had an affair with, I got into a confrontation with her boyfriend via text/phone calls after he had destroyed somewhere around $120 worth of my property.  I could have avoided it, but I was angry and it was clear he also wanted the confrontation.  The coworker who I’d had the affair with went to our manager and told him that I had threatened her (which I did not).  After meeting with the store manager and a representative from corporate, my hours were cut back to 10 a week.  Her hours were cut back as well, as they had decided to no longer schedule us on the same day, but that really isn’t the point.  I was financially crippled, and felt I had no choice but to move out early.  I quit my job at the end of June, and my ex fiance agreed to pay the full rent for the remaining lease as I would no longer be living there with her.  Last week, I drove out to Fargo, ND, to stay with a friend and try to get back on my feet.

I’ve been here for a week, and while I have applied around for work, I have yet to secure a job.  I am 33 years old, I have $79 in my bank account, which will be overdrawn sometime next week once my car insurance and cell phone bills come out through automatic payments.  I started seeing a therapist last week, and this week she diagnosed me with Borderline Personality Disorder, Post Traumatic Stress Disorder, Dysthymic Disorder, and Generalized Anxiety Disorder.  My ex-fiance, who is also a therapist, believes that I also have an unspecified Dissociative Disorder, however I have repeatedly refused to allow her to use her professional skills to help me.  

I promised my ex that I wouldn’t kill myself, but I don’t know what else to do at this point.  Nothing makes me happy, or feel anything at all for that matter.  I have no motivation outside of the shame of being a burden on yet another person in my life.  I’m tired of trying to hide my depression and crying and pain from everyone.  I don’t want to live anymore and I don’t believe there is any fixing me.",suicide
256436,"HelloI hate to be a burden but I found this subreddit and really needed to post. I have friends who are on reddit so I worry about them finding this. This thread will be a confession thread as well.

* I've been or thought about suicide since a very young age. At least age 8 or younger. 

*Every day I think of ways to kill myself either the most painful (like torture) or quick and painless. Some of the worst one's involve stabbing myself over and over again throughout my whole body then saving the crucial area's for last. The painless would have to be either overdosing or starvation. 

* Everyday I ""see"" myself die. I guess it's either my imagination or some sort of mental issue I have. I literally see pictures or ""video's"" of my own death. Whether it's being ran over by a bus or car, a plane crashing into where I live, falling down the steps and breaking my neck or worse, Burned alive, buildings collapsing, bus's turning over and glass going through my neck. all of these happen.

* I have at least 2 known mental disabilities or disorders as well as one major physical one that makes me unable to work.

* I cannot find love

* I hate that I cant work

* I hate that I am short, big nosed, small D****, horrible hair, ugly feet, not- straight back, everything I hate about myself.

* I had a horrendous childhood. I don't want to post it on this thread because my friends would know it was me. Most of them know my story and my history.

I really don't know what I expect to get from posting here but I guess it might help me to get it out a little.",suicide
256437,"“I never wanted to kill myself, just end a part of me. I never got a chance to heal myself, so it’s a part of me. It’s me if you’re wondering who I’m at war with, old version of me sitting by a doormat it bleeds. All over me.” -King IsoAs someone who has somewhat come through the other side of depression and suicide this song ‘edicius’ by king iso really speaks to me. I say somewhat come through because that old version of me still comes around on occasion. I was at war with him last night as a matter of fact. Stay strong friends.",suicide
256438,Depression has turned to angerEvery time I fail a suicide attempt I go ballistic. Yesterday I tried to hang myself and ended up breaking my tv and almost cracking my phone. I’m so scared I’m gonna go full on crazy one day and I just want to die before that happens. Every time I remember how pathetic and cowardly I am I go from sadness to a fit of anger. I think it’s because for years I never talked to anyone about anything because I’m a guy and it’s seemed as shameful or weak for men to talk about their depression. Especially when you’re quiet like me the second you express your feelings everyone goes crazy. I remember I got mad once in highschool for the first time and yelled at a teacher and all my classmates started making fun of the way I screamed. That’s when I really learned if you’re known as the quiet kid everyone wants you to just stay quiet. And the moment you express yourself you’re constantly roasted. But bottling all this shit up is making me go crazy. I need some way out.,suicide
256456,"I bought a big bottle of vodkaI have a handle (1.75 L). Eventually, I might down a shitload of it all at once, and hopefully kill myself via alcohol poisoning. Not yet though.",suicide
256457,"the real big reason im still alive is because of my friendI know that if I die, they will die soon after. I don’t want to do that to them. They rely on me a lot. But it’s not like I’m a good friend anyway.

The other reason is because I’m a coward that is too afraid of the tiniest bit of pain and ironically death haha I can’t take this anymore it gets worse every day I’m so fucking tired",suicide
256458,"Story Of My Life (or maybe just the past four years) I have no idea where to start with all of this, but here goes. 
I am 20 years old, just shy of 21. About 4 years ago, my best friend and I, whom I had known since 5th grade or so got pretty far into a cocaine habit with some lady friends that we knew. I was and still am a drug abuser... but I love drugs, this isn't the root of the problem. 

 I could tell many excellent/hilarious stories from those days, but the one that is most important is my ex-girlfriend.  After quite a few coke parties, we ended up hooking up one night, and after that for almost two years we were inseparable, and I'd have to say probably the best two years of my life so far. After we hooked up, my life changed. We both stopped doing drugs, and more importantly, I completely shut off contact with my best friend. I really don't know why this happened, maybe i didn't want anything to come between me and my GF or something else but it happened, and I feel terrible about the whole thing. (we've talked all this over now, and its behind us but i still feel this fissure between us)  Anyways, like most of my relationships with anyone, things started to go downhill... we spent a hell of a lot more time arguing, fighting... whatever. So she decides to ""break up"" with me. I'm fine with that... but the thing is, she's still around me all the time. I don't mean we're just friends around me all the time, I mean we sleep in the same bed and do the same shit we did every day before this ""break up"" happened, even though she had moved out of my home. Admittedly, I was quite confused by all of this. (i'm pretty sure anyone in this position would have been) Fast forward a month or so, she stops by my house asking to do laundry... whatever, go for it... One of my other friends and I decide to go swimming at our local swimming hole while she's doing that, and well... we come back about an hour later and...

**MY HOUSE IS ON FIRE WTFOMG**

 So it turns out that the dryer vent was clogged and burned it down. so I'm feeling pretty down by this point, after having lost my girlfriend and my home of 18 years and all my shit. Not a week later she decides to just end our entire relationship there, she takes our dog that i had been taking care of while she has sex with one of my other friends and never speaks to me again... until about three or four months after this had happened. i had gotten over her by that point, then she just shows up one day and starts this whole ""I'm sorry, I love you"" story thing, and for some reason we ended up back together for a few months. We ended up breaking up again over some stupid bullshit that i really couldn't remember for the life of me. I go back to my old standard of smoking pot and generally not giving a fuck, life is good.

 Jump to tonight, I see this chick at a show and we get to talking, and its all just a conversation about how she just wants to see me happy or whatever, and I find out she's leaving. Almost immediately after I talk to her, I ended up leaving and not seeing the band that i went to see. I felt like shit the whole ride home, so i get home and crack open a beer, then another one, and so on and so forth until im so piss drunk that I write this post.

 I honestly have no idea where i'm going with this, i left out soooo many details that are probably important, but I just wanted someone to hear my story. I don't really why I'm posting this in the SuicideWatch subreddit other than the fact that I've given thought to the idea many times during this whole ordeal. Comments/Questions?",suicide
256460,"I can't do it anymoreI've lost everything and everyone that ever mattered to me. The last person who made me remind myself life is worth living left me out of the blue with not so much as a goodbye or explanation. And they waited to do it during quarintine so I can't even leave the house to see anyone or get help. 

And now a family member has coronavirus and I'm probably going to lose them too. I can't eat, I can't take my mind off of anything, I can't sleep due to constant nightmares, I can't even cry anymore.

It sounds so cringey but my mental health really is beyond damaged. I can't do another day like this, I've already tried everything I can, nothing brings me relief. I can't turn my mind off, I can't turn the anxiety off and the overthinking. I genuinely feel insane, sometimes it doesn't even feel like life is real and that it's all a game and nothing I do matters, I have such terrifying thoughts and I can't hide from them or get rid of them.

I'm so sorry for everything I've done to anyone ever. I'm worthless, I'm not cut out for life, I was never supposed to live. I see that more than ever, I'm just something people want to get away from. I feel so pathetic even writing this but I just want my thoughts to stay alive somewhere, maybe my family will be able to see it.

I am truely a waste of life, I'm nothing but a detriment and a burden to anyone around me. I can't do it anymore. I'm so sorry. Words could never explain. Thank you to this subreddit for offering a place to just write without consequence. I'm sorry if this is against rules. I look forward to being free of my thoughts and my mind. Goodbye.",suicide
256461,"I am going to get fat as the last remaining motivation to kill myselfI pretty much have everything of being a total loser in the books. Jobless, addict to video games/porn, living with parents, no skills, no friends, it goes on. The only thing I am missing is obesity. Maybe once I am there I will have that last push to push me off the edge of the high mountain I have been wanting to jump.",suicide
256630,can’t open my crackers rn 💔 i’m hungry n i wanna eat my crackers but i can’t get this bitch open.. why do i still bother living?,non-suicide
256631,"*Title describing an among us impostor action* *Text describing among us impostor gameplay such as killing, venting and sabotaging to kill crewmates.*

*Reveal that I wasnt talking about Among us and that they actually did everything in the above text, resulting in an unexpected comedic twist.*",non-suicide
256632,I made a short animation. And for the first time i have added audio effects and motion blur. Do check the video and tell me if there is any room for improvement. Its still a test render so give everything that needs to be changed. [**Link to the video**](https://youtu.be/B71aygtpypw),non-suicide
256633,So I felt like the biggest ass hole When in killed your rock and roll,non-suicide
256634,"I (17F) just started talking to this girl (15F). Is the age difference weird or is it okay? I just found out she's 15, i thought she was a year or two older. My head and my heart are telling me it's okay because we really click but I know that liking someone can make my brain go nuts. Is the age difference something that should make me stop talking to her or is it okay?",non-suicide
256635,👏 I 👏 want 👏 cheese 👏 Anyone have any?,non-suicide
256636,"Why does everything suck Ok here goes nothing,
(Wall of text warning)
Ok so I 16M have had a crush on a girl 16F for a while (3 years) and we always hung out and we’re pretty flirty but I was always waaaaaay too pussy to ask her out. Well anyway we were texting a while back about trying to go without sleeping for 72 hours (for hallucinations). Anyway she mentions that it’s a dumb idea and it’s not even possible because she tried to go 24 hours without sleeping with her boyfriend and she couldn’t. Cue me having 18 existential crisises before eventually calming down and responding something dumb like ok. I eventually calmed down because she mentioned that it was a while ago she and her boyfriend had tried this. Now anyway she had never before mentioned to me that she had a boyfriend and we saw each other like once a month the longest apart. So I assumed that maybe they had broken up because never did she tell me like hey stop being weird/flirting I have a boyfriend. So now I don’t know if it would be weird for me to ask her out because I don’t know if that was a subtle way of her saying like hey I have a boyfriend not that interested or did she just get a boyfriend not tell me break up with him not tell me and then act like nothing has changed. Maybe i just way over read into her being flirty with me and maybe she just doesn’t like me. I don’t know what to do we kinda stopped texting soon after that and we haven’t seen each other cause of covid except for a few bump ins here or there. When I did bump into her she didn’t act weird and she just said hi and normal stuff and acted normal. 
I need advice should I just straight up ask her what’s up potentially making our friendship weird?
Should I do nothing and have everything continue on?
Should I ask her out and potentially get rejected because she has a boyfriend also ruining our friendship. 
I don’t know what to do because not only do I like her I also like her as a friend and we have other mutual friends that we hang out with too and it could make that group weird if something weird happens between us. Please help me.

Side note the reason I’m posting now is because I read some story about some girl dying and how this dude was into her and he spent a night snuggling on the beach with her and how easy it is to lose people. It made me think what if something happens to her I would be so distraught that I never told her how I felt so I thought about asking her out and then spiraled into the realisation that I don’t know what to do.",non-suicide
256637,"I'm just not sure anymoreFirst and foremost: I'm from Brazil, so don't judge me. 
Second of all: I never went to a doctor to see if I really have some form of depression (I think I do, but... Whatever) so I'm not sure but... I just don't care anymore, you know? I have this thing that somedays, the only thing that makes me avoid suicide is fear for whats coming next (Thank you anxiety, very cool) and that scares me. Recently I started some ""studies"" (I just started reading random shit) on Nihilism and I definily agree with the argument that life has no meaning. I feel like that since I was 10. I'm 17 now and sometimes is so fucking hard just to cope with people around me. I have to constantly hide what I really feel, sometimes using the ""dark thoughs"" in my mind to make jokes, since people just don't believe me. I think that they will believe when I die.
It's 3 AM here and I can't sleep.
This will be the worst year in my life and I honestly don't know if I'll make it.
P.S: Don't talk about my family, I hate them and they do not care. I'm just the guy they are taking care of, so they can put all of the unfinished dreams they have on me and use me as a trophy. I hate both of my parentes almost as I hate myself.",suicide
256639,"I can't live with myselfI don't think of myself as depressed. Sure, I'm not happy persay but I'm not necessarily depressed either. My problem is I can't stand myself. I hate myself. I have friends and family who love me, I have a good job, I have incredible dogs, I am healthy and in shape, I am objectively attractive but I hate myself.

I wish I could just fall asleep and never wake up. I just want to dissappear. To stop struggling with myself. To stop fighting myself. To not have to constantly deal with my issues with trust and with people.

Last night I poked 4 holes into the artery of my left wrist. I wanted to see how easy it was to actually hit the blood flow. To see if cutting is a viable suicide option if I ever decide that living for my mother is something I cannot do anymore.

It is times like this when I am convinced that no one could ever love me again after seeing this side of me. I have to keep the mask on. The real me. The me that I hate, is completely unlovable.",suicide
256640,"If I can't trust anyone then why live?Simply put my life has been rendered into a pile of complete chaos and bullshit. The following story is just too subjective for any one of my, ""friends"" to understand as they've reached a consensus in deeming my problems irrational and my plight unrelatible. 
This is due to the way in which I present myself, I come of as a narcissistic introverted asshole with a monotone voice. This is merely a front which I deviced during my adolescence as I could never quite reconcile the love I had for even the most transient person in my life and their response towards me. Apparently I think that if I am rude in all my remarks that then it won't matter if I'am disappointed or even insulted by the other party's response because I will have, in my mind, deserved it. 

So now, about my life: I'am currently an 18 year old male attending university in the United States. Throughout high school I encountered many people, some of which manifested into my very best friends up until my junior year. This would mark an extremely negative year and turning point in my life as it was the first time I consumed LSD with my friend who I will call Chris. He was my role model throughout my adolescent years and more than I had hoped any friend could be. I loved him like a brother. Our acid trip was as normal as can be expected of two people trying psychedelics for the first time. That was until we got back to his place. Upon arriving Chris entered the shower with his girlfriend at the time for what seemed like an eternity. Then after that moment passed he suddenly appeared between myself and the television I happened to be watching at the time, restrained me to the chair, and repeated over and over again, ""life is a simulation"", ""life is a simulation"", ""life is a simulation."" Perhaps this may seem innocent enough to the average reader but any person who's done any kind've mind altering drugs knows just how despicable this truly was. Shortly there after I experience what can only be described as a psychotic episode. I faded in and out of conciousness for the rest of the night. All that I really recal is that I ended up back at my house with Chris and the rest of my so called friends hating me. Everyone that is except for a girl that I will Charlotte. She had been my friend for even longer than Chris and now that he was no longer in my life I naturally gravitated towards her to make sense of it all. At first for purely plutonic objectives which later blossomed into a romance. We dated for 3 months, she took my virginity, and broke up with me after I confessed that I had always secretly loved her throughout out long friendship. I now have no real friends. They invite me to party's but are always walking on eggshells hoping not to ignite the ever impending bad trip that they believe resides In my head, all except charlotte of course who knows what really took place that night but refuses to clarify on my behalf for fear of being ostrichized herself. Instead she distracts herself with the various ""shitty guys"" (her words not mine) that she frequently sleeps with then proceeds to complain to me about. I see her frequently at these gatherings on the weekends between all of my old friends, only to return to university alone. At these party's I frequently feign inhebriation only to pretend to fall asleep. Then I subsequently spend the night either sneaking out the back to smoke or crying into my air up mattress, envious of her new dipshit confidant. Long story short chris' brain is baked from acid and is no longer capable of fending for himself I am desperately still in love with charlotte even though she betrayed me almost two years ago and I'am incapable of showing myself to the outside world who hates me. Death is imminent all because I can't stop thinking of how much I loveChris and Charlotte, my two best friends who I ruined.",suicide
256643,"When you are the source of your problemsMost often people want to kill themselves because of problems coming to them, like abuse, bullying, illnesses etc. But how do you cope when your problems are caused by you and only you? 

I do cringeworthy shameful things and spill spaghetti out of my pocket way too often. Shame, embarrassment, regret and low-self worth run through my body everyday at a great intensity. I don't feel any sort of direct sadness, lonelines or grief, so that probably makes my problems a little different from most others here. I often invalidate myself because of this. I feel like since every problem is caused by me, I'm not allowed to treat it like a problem. But I am still allowed to validate my feelings. This is a rational thought in my head, so I guess that's a good start, but I can't bring myself to feel it. I still feel ashamed, embarrassed, regretful and of low self-worth all the time.

Does anybody have any tips on how to overcome these feelings?",suicide
256645,Living to dieCan anyone please reach out to me.  I've never wanted to die so bad in my life,suicide
256647,"I'm done livingI'm having the worst panic attack of my life, I don't wanna live anymore, I just want someone to talk to....",suicide
256649,"In about 6 hours do my final exams startAnd I lay here sleepless, thinking about what happened the past time and how I am going to kill myself. Abut all the things that are dragging me down.

And I don't know if there is any use in going to the exam today, without sleep. And since I just had to put an end to everything that was good in my life and broke my own heart finally. I think it's the best to leave tonight. In under 4 hours.

It qad anyways only cruel to be here",suicide
256650,"Everyone hates me, I’m tired of livingI can’t talk, I can’t communicate. I have social anxiety and depression. And I’m one of those people who have a social anxiety so bad. I can’t talk loudly, every people that I talked to in public, they have to ask me to repeat what I said. Some people try to talk to me but I couldn’t communicate well so I can’t make friends. Everyone’s laughing at me. I can’t take this anymore, I’m just tired of living. I literally can’ stop crying right now. 

I’m in this driving school camp and the teachers are on verge of losing their temper. I’m getting on their way. I hear everyone around me talking about how awkward I am. I really can’t take it anymore. I just want to end it all. I’m so depressed because of my social anxiety. And I also have a DP;DR. I just don’t feel myself, and I can’t believe that the things I did today are actually the things I did just now. I just don’t know anymore. This is probsbly the worst feeling I’ve ever got. I’ve never experienced not being able to stop crying 

Please help",suicide
256658,"choccy milk &amp;#x200B;

https://preview.redd.it/9k0crtvij7n61.jpg?width=460&amp;format=pjpg&amp;auto=webp&amp;s=75fd43a85e0e2713d8c3a586f0ca90a369015abc",non-suicide
256659,"What percent is your phone rn And if you are using pc, leave",non-suicide
256661,"I low key feel like I could get her Though I’m way outta her league, I feel like we have that kind of connection. Not now tho. I’ll still wait.",non-suicide
256689,"Any of y'all going trick or treating or something this Halloween? I don't normally do anything for Halloween, thinking I might go trick or treating with the neighbors kids though. Any of y'all doing anything?",non-suicide
256690,"Might go into an antifa rally and throw a Molotov into the air Antifa is so dumb, I'm not even republican but I'd fire unto those assholes.",non-suicide
256691,just had my first panic attack after almost a year of improvement Lmao I knew quitting therapy was a mistake,non-suicide
256696,"I'm 32. And I logically think it'd be better if I ceased to exist. I'm not feel really emotional or anything right now, I'm quite calm actually. 

I'm not sure where to start. But for as long as I can remember, I've been depressed. I always felt like I had to fake positive feelings. Happiness has never truly lasted for me, it's come and gone. 

When I was 20, I met a girl on the internet (mIRC). We fell in love and I flew to Australia. I was born in the Netherlands and I'm currently still living in Aus.. Anyway. After 6 years she broke up with me because my mental issues were too stressful. And my heavy depression took her down to that level too. 
After we broke up and she lied to me for a year I developed serious anxiety disorder. It took me a while to get that under control. 
But ever since then I've just been incredibly depressed. Sometimes I'd get the energy back and I'd jump into the world again.. all excited and what not, only for things to blow up in my face. Mainly because of my own errors. 
Anyway, that girl I was with.. I decided to stay quite close to her because I still cared about her. She made a great friend. 
2 years ago she moved to London. I was happy for her. Aaand I did miss her quite a bit since we had such a strong bond. 

A week ago she came over for her brother's wedding. She saw me a few times but only with her fiance present, I could never really speak to her alone or anything. 
2 days ago we were originally supposed to meet up the day before she'd fly back. 
She changed her mind and said she'd rather do something other than hang out with me. I asked her why, and she said.. that I'm just too depressing to be around. 

This hit me pretty hard. 
And I realised I'm just not a great guy to be around at all. I'm negative. 
I've just given up on life. 
Don't have a job. Haven't had one in a while since they all just go bad. I can't handle them emotionally, the anxiety gets ridiculous. 
I have to real prospects. 

Now that she's stopped caring about me.. and she's the only person I thought really did... then well... 
I don't see the point anymore. 

Like I said. I'm not sad or emotional at the moment. I'm just currently thinking of ceasing to exist. In the most painless way possible. 
I'm quite at peace with the entire idea. ",suicide
256698,"Tonight I Held a Gun To My HeadI have one of those jobs where nothing can be traced back to me, and one where talking to someone would just as easily end it. I was abused as a child, I drink to suppress the pain of being abused as a child. I smile and hold friendly conversations with my peers, but really at the end of the day, I think day in and day put about ending my life. Tonight I held a loaded gun to my head to see how it felt, with the cold steel against my head. 

I'm honestly not even sure why I'm here, I want to seek help but I can't without it impacting what I do. I don't want to end what little fragile life I have, but I don't know how much longer I can deal with the pain and suffering. 

(Before anyone tries, this came through TOR, on public wifi from live CD boot image)",suicide
256699,"18F wanna chat But if you’re gonna be creepy or horny please don’t bother, I just need a friend rn. DM’s are open",non-suicide
256701,"(A lol of) The people at my high school sucked (I graduated a year ago) 
oh my god.

Idk what made these kids egos so small to the point they felt compelled to make fun of kids with learning disabilities like autism because they couldn’t defend themselves??

Purposely making fun of them and purposely annoying these kids and overall picking on them??? Wtf

Someone taught an autistic kid the n word so he would repeat it, and they’d purposely confuse the kids with Aspergers 

This isn’t as bad as making fun of kids with disabilities but they’d just be overall passive aggressive towards the “weird kids” 

Obviously teachers did nothing!1!1 the assistants that were with the special needs kids would just get mad at the student for being mad and upset.",non-suicide
256704,"My ""friends"" may think I'm a furry What have I done to receive such allegations? 😩  😩",non-suicide
256705,"Failing at lifeI say that the main of the reason I don't kill myself is because of my kids. But then I spent all afternoon on the couch, too depressed  and flat out no-energy to do anything. My kid was begging with me to play a game with her and. I couldn't even get off the couch. I am pathetic. They deserve so much better than me. ",suicide
256706,"I don't even want help anymoreI don't know what to do. I want to die but every way I have access to seems horrific. I see the rule is not to be explicit, so I hope this doesn't count, but if I had access to a nice method then I'm sure I'd have done it already. The thought of getting better seems like so much work and a burden on everyone else. Even here I'm not sure if I should be posting or leaving the space open for people who could really benefit from it. Suicide seems so much easier but I don't have the nerve for my options. I don't know what I'm doing. I don't think I want help but I don't know what else to do, and that certainly doesn't make it easy for others. I feel like I'm just setting them up to be hurt even more when I finally do it. I don't know where I'm going with this, or what kind of response I'm expecting, or even why I'm here, but I guess that's just a reflection of my life. I guess I should include a little about myself. I'm 18, male, community college sophomore, living in the U.S. I want to die all the time. I've always had to cancel professional help because it makes my family hate me. I'm afraid to take drugs because of how they're thought to damage brain development for young adults.",suicide
256707,"Do you ever get ""stuck""? It creeps up on youI've been going about my life just like normal, and everything's been fine for a while. But I'm getting stuck and it's creeped up on me. 

I looked at myself today and I hadn't done homework in a week, I've watched 16 hours of Netflix in the past three days, all of my meals lately have been delivered, I've been wearing sweatpants, the dishes are piled up, my room is a mess, I haven't done my laundry, and I haven't spoken to my friends or seen my boyfriend in days. 

It's crazy how much of a mental switch it is going from ""fine"" to ""not fine"", I thought about cutting for the first time in MONTHS today. So that's good because it used to be every day but it's bad because it's today. 

I have a project due tomorrow at 8am that I'm going to fail with a professor whose opinion I really care about. What's weird is all of this was triggered by a really positive impact on my life, I wound up getting the internship I've been working towards for the past year. But in doing that I sort of lost interest in living my actual life, and now I'm Stuck. 

Does anyone have tips for getting unstuck? Or just a hug I'll take a hug",suicide
256720,"3 months of me working out dieting and this is the result &amp;#x200B;

[what do you think?](https://preview.redd.it/dq6z597ja8f61.png?width=1615&amp;format=png&amp;auto=webp&amp;s=c573e77cf513ab51edc1e0a16377aa8ae82a9ef6)",non-suicide
256722,Why do my parents have such loud sex My dad is currently fucking a friend and is letting the whole neighborhood know,non-suicide
256723,"tbh?? idk why ppl don't like this certain album this is about madlo

like. i get ppl not liking it on the first listen, since it was pretty different, and i didn't like at first either --- but its been like,, 5??? months since it came out n its grown on me So Much. and i've also seen it grow on lots of other ppl lmao 

imo some songs sound like they could be from htlt or something, bc they both have that kind of electronic-ish vibe?? idk i just really like it

but at the end of the day, art is subjective and some people are gonna love it, and some people are gonna hate it.",non-suicide
256724,"Disturb me with words My friend said today that words are the scariest of the weapons, I want you to field test this weapon on me, cut as deep as it's possible, would you kindly?",non-suicide
256739,"I feel like giving up.I'm a 20 1/2 year old male who lives in Cleveland, Ohio. (Please spare the jokes) I have a full time job 3-11. I'm a introverted jackass, I spent my whole school life being placed in special needs classes that alienated me from other students. This left me with a lot prejudices from everybody just because I'm in a different classroom.  

I started suffering from depression and a mental breakdown in high school. I've suffered from the horrors of being a ""nice guy"" (lol)  which left me in a really REALLY miserable spot. I am a optimist, open-minded, I have very innovative ideas. I travelled to Chi-town, L.A., NYC and next Philadelphia. I try to live for the finer things in life.

 I still think about death, I recently found out that that have a lot of problems that makes me feel trapped. I always try to live and look for the positive but, I'm just making myself feel depressed. I can't  find a way out. I  barely eat much food at my house I stay at, the home is infested with rodents and insects. I go to sleep paranoid. My personal life is shit, work life is long and exhaustive since I put in more than 60+ hours. Yet, I'm barely make ends meet. Why is working hard leaves me (in fact most Americans) with so little? I used to be on welfare, and now I'm working for a paycheck that's less than social check? Fuck my life.",suicide
256740,I am heartbreaks homeI really want to just not wake up tomorrow I don’t want to be alive at all and don’t know what to do I just want someone I can talk to it doesn’t even have to be about my depression or suicidal thoughts just to talk to someone about music or their life or something ,suicide
256742,"I'm sick of this stubborn ass boi (online friend) I've been there to listen to him for a year now on how his life sucks since he graduated. I listen and I suggested why doesn't he get a job or go to uni, and this boi is just like ""nah""


Like dude, you are 20 and still taking your parents money and living with them rent free, at least get a job.


Like what the hell, I know depression is hard but at the Same time you are just wallowing in your own sadness and refuse to get any help so how do you expect me to try help you?",non-suicide
256743,"Ah yo, Guess who got a doctor's appointment on 4/20?! Me, it's me. (Do I have to put something detailed here so I don't get attacked by the bot? I hope this is enough.)",non-suicide
256747,"I really shouldn't fucking post this it's honest emotion but Idk guess I am Fuck my life

ruin it

it's already bad enough

&amp;#x200B;

give me more reasons to end it 

&amp;#x200B;

please

&amp;#x200B;

I need to go

but I need more motivation to leave them

I needed them

&amp;#x200B;

now I need to go

now I can't be here anymore

&amp;#x200B;

just abandon me

so I don't need to be here anymore

so instead I can be free

fucking end me yourself

or let me go

&amp;#x200B;

just don't make me stay here

just to make you happy

&amp;#x200B;

don't be as selfish as me

the only one allowed double standards

is me

&amp;#x200B;

so fucking let mego

don't be as selfish as me

don't become a piece of shit like me

&amp;#x200B;

let me go

just let me fucking go

so I don't have to hurt you

&amp;#x200B;

this doesn't need to be here so I don't know why it is

but anyway",non-suicide
256768,"Drinking alone in my closetDrinking alone in my closet on what I’m pretty sure will be one of my last days. I’m still a little afraid of what’s on the other side if I’m honest, but I don’t feel there’s much for me here anymore. 

Sometimes I think about changing my name and moving without telling anyone, but I bring myself with me wherever I go.",suicide
256769,"i lost the genetic lotteryit’s not my fault. a lot of things are my fault, but not any of this. it’s not my fault i’m so ugly. it’s not my fault i’m so annoying and awkward. it’s not my fault i’m gay.

it’s sort of my fault i’m so fat, but when i’m being told i need to go on a diet by someone who eats three chinese takeaways a week and does zero exercise by their own admission yet is perfect and skinny as a twig, when i do hours of exercise every day and i’m still disgustingly overweight, i can’t help but sense some unfairness.

because of all of these things i have no friends, not a one in the world. i used to, i had a very good friend who i loved, and still love, very much. but he’s gone, he just ignores my messages and he’ll never want to be my friend again. ever since he’s stopped replying i’ve just felt lost and empty, he meant everything to me. i’m 16 and he’s 20, but i’m pretty sure that’s not why because we’ve been friends for over two years, he just doesn’t like me which is understandable. obviously i’ve never had a relationship, but the idea that i could is just preposterous and i’ve already given up on that front.

it almost feels surreal. this is my life. despite being born into this world where most other people look like supermodels, as long as i live, never will i experience what it’s like to not be ugly, fat and insufferable. i suppose that’s why i want to end my life as soon as possible. i’ve been told that suicide is a permanent solution to a temporary problem, but i have so many permanent problems that suicide is the only thing i can do.

sorry for my rant, it’s probably quite hard to read because i just wanted to get all this off my chest as fast as possible. thanks for reading i suppose.",suicide
256770,"Please talk to me.I've gotten in a huge argument with my roomate tonight and I've said very hurtful things. It was so stupid and ridiculous. I've really fucked up. He went to bed mad at me, just had to walk away because he has to get sleep for work tomorrow in the middle of it. I kind of snapped out of it but no amount of sorrys help when they're walking into their bedroom. 




I already called the national suicide hotline but it didn't really help me. I talked for about 40 minutes but kept talking in circles and didn't really get anywhere, eventually she had to leave me to take other calls. I took some sleeping pills (the right dose, not an attempt) because I can't fall asleep. I hope they kick in soon but I'm terrified of tomorrow. I don't know what terms we'll be on. Will he act like I'm not there, will he start being rude to me, will he act like nothing happened? I want to make it up to him. 




He said hurtful things too, but they're just hurtful because I don't like thinking about them. What he said about me is 100% true. What I said to him was an immature, exaggerated retaliation because I got defensive. And wow. I have fucked up. I've fucked up so bad. I can't wake him up and go into in depth apology about how much I appreciate him. I've done those before - what I say is true and heartfelt - but it doesn't mean anything to him. And frankly, it isn't sustainable for me to live up to. He's the kind of person who takes an apology over the course of peaceful days. 




I don't want to lose him as a friend. Tonight he doesn't want to live with me anymore, but is basically not kicking me out because he doesn't want me to be homeless because he knows I need him right now (pity). I havehad a huge, annoying crush on him (somewhat part of the argument), but I know those feelings are pretty stupid and logically I can see we don't get along or have the same outlook/goals in life.",suicide
256785,"acceptancesomeone told me that I just have to accept that I have depression and that I cant really do anything about it, and accept that someday things will change for the better. They told me that if I say things like ""i know im gonna kms sooner or later"" or ""I give myself til next month til I kms"" or something along those lines that I already admitted defeat. They said they'd rather live to see things change than die sad.",suicide
256787,"Is it any hormones or am I just always going to be this way?I’m 31 years old. I have to children I love so much. A kind hardworking husband. Some good family members. I have PTSD from past childhood trauma that recently crept up on me. I’ve had anxiety and anger issues for many years but it’s at a whole other level now where I can’t even live with myself at the end of the day. I have tired anti depressants, and EMDR therapy. I can’t go on like this anymore. I am filled with rage and I feel like my children deserve better. I can only be the mom and wife I want to be some of the time. I try working out, eating healthy,  taking vitamins and supplements, blah blah blah. I stopped faking birth control couple months ago in hopes it would help balance my hormones, but it hasn’t helped. I’ve had my hormones tested and nothing really abnormal came about. I’m at a loss. I don’t know who to talk to anymore, or if there even is any one who can help me. I just want to be happy. I want to be free. I don’t know why I feel so anxious, full of fear, isolated, alone, and angry. I hate myself and I feel so worthless. I am bawling hysterically while trying to write this because I can’t believe the words I am typing right now. I just want to take all the pills I can find and fall asleep forever. But I’m so scared to traumatize my children. I don’t want to put them through that pain but I also feel like if I continue to be their mom it will be worse than recovering from losing their mom to suicide.",suicide
256790,"Approaching the endI can't hold out much longer I really wish there is a reset button and I could just redo my life. I'm sorry for being a waste of space.
Ha who am I kidding I'll just almost do it or not do it well enough and post on here again in a couple weeks I'm such a piece of crap I'm not even able to kill myself. how pathetic can someone be? I just want to be happy that's it I don't need money, friends, power, sex, love,etc I just want to be happy how can I not be happy it's the one thing in the world I want and it's the one thing I cant seem to have.
I would continue but I don't want to hit the readers with too many words. That last for reading.",suicide
256791,"They reported me as a missing person!I thought you had to be missing for an x amount of time haven’t even been gone for 24 hours and people already up my ass. I left the note saying what needed to be said but still geez. Anyway talked to one of their peoples and she told me she’s taken me off the list since I look like I’m stable and not in any type of danger or hurt. Now got the family bombarding me with calls and messages but honestly don’t want to talk to anyone right now I’m just laying in bed in the hotel room. Haven’t slept so going to try that after I finish writing this. 

Lots of mixed emotions going through my head right now. It’s like I’m sure I want to go through with it but at the same time I’m not. It’s so annoying plus can’t rent the car yet anyway since I completely forgot they only take credit card if you’re out of state. So had to pay my card off last night now waiting for it to post so I can use it. So not really feeling like going out into the city so just going to lay here in bed. Fuck it not much different than what I was doing back home. Might go out for food though but good thing is I can last a while without food or liquid. But yeah that’s my update on my little adventure of wanting to die. Stay tuned folks for more updates!! 😂",suicide
256792,The end is near for meDon't help me. I'm done for. Fuck life. Fuck  everything.,suicide
256793,"I seem to have it all but still don’t want to liveI have been depressed and socially anxious since I was 13. I used to keep myself going by thinking things will get better when I reach the next stage of my life or when I accomplish this and that. Now I’m 23 and I realize I’ll always be depressed. 

I work in the most prestigious company in my field and I’m not happy at all. My coworkers are the nicest people in the world but I’m feeling anxious all the time. People tell me I’m pretty but they leave me after they find out I have the personality of a dry rock. I have friends but no ones seem to care enough. I have loving parents and they are the only reason keeping me from offing myself but still it’s getting harder and harder everyday.

I cry myself to sleep everyday. I just can’t take the rollercoaster anymore. Nothing brings me joy but even the slightest impatience in someone’s tone would put me on the downward spiral.

Today is the first time I searched for “easiest way to die” in a long time. I wish all the pain will end soon.",suicide
256795,"How does one actually write a final letter?I've so many things on my mind, yet I want to leave a last letter(message), for the person I love, yet I don't know how start. I am not certain if it's me being at a really low point right now, but I feel like today might be the day, though I'm trying my best not to, I want to make sure I leave something behind me in case it comes to this.",suicide
256796,"Unable to find a sense of purpose or worthI've been in a downward spiral over the last couple months. I'm currently in graduate school. In undergrad, I studied mechanical engineering, but was pretty bored with most of the topic areas until I took some courses in heat transfer, which is what I study today. I'm getting tired of that, too, unfortunately. I'm in an MS/PhD program and I feel like I've really screwed up my path in life. I wish I could go back to day 1 of undergrad and say, ""Well, that wasn't the best option, let's try computer science instead"" and have a second cut at this. While I realize it's not worth ending things over this and that I always have the option to get a degree in something else, I always wonder, what if I don't like that area, either, and just wasted even *more* time and money? So then I settle on sticking with what I'm currently studying, planning to drop out after the master's (there's no way I can measure up to my peers or advisor's expectations for a PhD) and get a job somewhere. But there's nothing I'm really passionate about anymore. It just feels like a cycle of make money -&gt; spend money on food/shelter/health care -&gt; repeat for rest of life. Entertainment (music, video games, bicycling) at this point just feels like a distraction from the drudgery of the rest of the world, no better than a drug. 

I just feel like I'm not worth the air that I breathe, that anything I have to contribute is hardly noteworthy. I can't picture myself enjoying any line of work to the point where I would be intrinsically motivated. 

I don't really think I'd ever end my life, despite how often I fantasize about it; however, getting through the day is becoming tougher and tougher.

Anyway, I appreciate that this space exists. Anyone who read through this, thank you for taking the time. Therapy hasn't really been helpful for me and I think my friends are likely getting irritated with putting up with me, so it's nice to be able to vent about this and maybe hear from others who have been in similar situations. Take care, everyone.",suicide
256797,"fuck this shitI'm scared of life. I think about the countless number of days ahead of me and I feel trapped. Trapped living. Trapped in my mind. I feel insane. I'm dying to get out. Dying to be free. I wish it it was all over. I wish I had the choice to end it all. Why don't I have the choice? It's my life. I'm the one who has to live it. I don't want to live just because everyone else thinks that I'm sick. YEAH I am sick. But I've been sick and it's not getting better. Why the fuck can't I just die. This isn't just a phase I've been like this for years. I could probably get better, but I know that I'm going to fall back down and end up in the same place or worse. I could have a good life, but I don't want it. I don't want to try. I'm tired. I'm tired of trying to be happy. I just can't achieve it. Depression has changed me. It's changed the way I think. The way I feel. The way I look. I'm jealous of the dead. I'm jealous of happy people. I feel pathetic because I have no one and nothing to blame. I only have MYSELF to blame. I blame my mind, my brain, or the chemicals in my brain. I'm so frustrated. I'm so done. I don't want to do this anymore. I just don't think I can take it. But obviously I have to, because  I HAVE NO CHOICE. I HAVE NO CONTROL. I DON'T HAVE ANYTHING. I just want one thing. One thing that I'm passionate for. One thing that makes me happy. One that that I can hold on to. One thing to live for. Just one thing. I just hate life. I hate who I've become. I hate these feelings. I hate feeling hopeless. I hate feeling scared. I wish it all could just end. ",suicide
256798,"Am I depressed enough to return to this hellsite yet??? Hmmmmmm

This do be a conundrum

________________________________________________________________________________________________________________________________________________________________________________________________________________________________",non-suicide
256800,"Yo I have one last hugz award to give away before the award gets die anyone want it Anybody want my last hugs award before reddit deletes it, I need to go to bed In like 15 minutes so first come first serve I guess.",non-suicide
256802,"[Serious] [advice] Why the fuck am I depressed, I have absolutely nothing to be sad about and yet here I am curled into a ball, crying super hard, and trying to ignore how nice and clean my wrist looks",non-suicide
256803,"I have nothingI have nothing that makes my life worth living. Over the years I have turned into a cold heartless fucker. I hate it, but there's nothing I can do. I can't feel anything other crippling depression. And the inability to do anything that would help society. I'm a social outcast. I'm actually typing this at work, because I get ignored by everyone. No one gives a shit about me. Not even my parent. I hate my life and I don't want to kill myself, but sometimes I feel like I should just do my family the favor and end it.",suicide
256804,"Thinking about ""trying"" to kill myselfSeriously I don't even know exact reason why I'm having these thoughts but I just want to hurt myself. Ever since I started having suicidal thoughts I've been thinking about attempting suicide but without the intent of dying.  
  
I have considered:  
OD'ing on pills or cutting my wrists open and then calling ambulance.  
Trying to hang myself but stop before I pass out.  
Calling cops on me and then stabbing myself (no guns available for me).  
  
I also have constant urges wanting to cut myself deep enough to need a visit to ER. And some other things to hurt myself mentally.  
It's pathetic, I know that. All of this sounds like I'm just a attention seeking loser.  
  
Right now I'm not ready to die but I feel suicide is still something that's going to happen one day. I don't see a future for myself and I think I won't live much past 30.",suicide
256805,"Totally lost and giving upI hope this is the right place to post this. I just don't know where to turn to anymore and all I want to do is end it all.

The anxiety and depression I've been suffering from has all been too much along with recent life events which have pushed me to the edge. It all started with falling behind with my coursework a few months ago then I found out that my husband cheated on me. He said he didn't actually go through with it but I can't believe him. He's also suffering from anxiety and depression so that's been difficult. The next thing that happened was that I came back from holiday to find that the police had raided my house with no explanation.

It all got very bad last night when I was staying at my husband's parents house. A stupid disagreement between my husband and I escalated to a full blown argument with them involved. I felt so alone and was made to feel like nothing by them. I tried to walk down stairs after my husband and they kept grabbing me so I've got a sore neck and arm today. Eventually an ambulance was phoned as I was having a complete panic attack but I'm pretty sure his parents made up some other things on the phone. His dad was just walking around repeatedly saying she's nuts. Not exactly the best thing to be saying to someone who has said to everyone numerous times that all the stress is getting too much. I am sorry for how I behaved last night but it's purely because of how unwell I am, there was no malicious intent in it. I just wanted my husband to talk to me because the whole argument was over something really insignificant as I was trying to get everyone to see.

I messaged my husband today and he said he's banned from talking to me and if we get back together they will disown him. I've tried apologising and offered to do anything to sort things. I'm just sad that my mental health issues, which I'm trying to get help for, have resulted in this. I really need my husband's support right now but it's not going to happen.

I don't even know where I'm going with this post and I just don't know what to do any more. I truly believe the only way I'm ever going to find peace is by ending it all.",suicide
256806,"My heart is so broken inside.. whats the point?The only girl in my life that I cared for, is gone.. she doesnt want to have a relationship.. and i want her to be happy, but what if it isnt fair for me? what if i wanted to be happy too.. i care for her happiness, but i want that need as well.. i've been cooped up in my room for the past 3 days, with an asthma attack and I don't know what to do. She was the only one who could keep me up and keep me going.. with her i can't do any fucking thing. I've tried. She was the only thing in my life that drove me forward. i dont know what to do anymore. ending my life seems like the best option.",suicide
256808,"Carfentanil 40mg overdosewhat do you think my chances are of survival? Im 5'6 weigh 135 Female. Im either gunna do it in my car or in a hotel. I wanted it to look like an accident so my whole fam wont think i wanted to abandon them. Please dont try and convince me not to.. you will be wasting your time.

my preferred method is to park my car somewhere where street cleaning will happen about 5 days after and lay down.. do the c. I keep fearing waking up after a few days or something.",suicide
256809,I want to kill myselfI fucking hate my life everything about it I’m tired of being miserable every single day I just want it to stop I want to kill myself so bad right now but I think about my babies and I know my boyfriend would have to find me they won’t remember me and they’ll be fine without me I’m a piece of shit anyways,suicide
256813,"Aha I was trying to stop cutting Failed yay

Whatever ig I’ll just try again idc",non-suicide
256814,"I hate to sound racist, but... Cranky Kong should be a Smash Bros fighter and I will die on this hill if I have to",non-suicide
256817,Question for the girls Are tampons technically butt plugs?,non-suicide
256818,"Everyone be like these people cute and those people also be cute... But like no ones cute you all are ugly

Like  0/10 looks, bad 

/s 

Jk you're actually ugly",non-suicide
256820,"Posting Gnarly Space Facts Until I Run Out of Knowledge: Day 21 Welp, yesterday didn't have a fact, but it wasn't my fault! My internet was being stupid, so the fact didn't post, I promise! Anyways, I'll post yesterday's fact now, and today's this evening. See ya!

Fact: For about 20 years, Pluto is actually closer to the Sun than Neptune! This is because Pluto's orbit actually crosses inside of Neptune's for about 20 years out of the 248 years it takes for Neptune to complete one orbit. This actually happened back in 1979! So from 1979 to 1999, Pluto was technically the 8th planet from the Sun, since it was still considered a planet back then!

Now I know what you may be thinking: Does this mean Pluto could eventually collide with Neptune? Well, I have some good news! Because Pluto orbits above the Sun's orbital plane (the plane that Neptune is on), it is never actually in the exact same spot as Neptune. In simpler terms:

When Pluto and Neptune are in the same spot, Pluto is way above Neptune, so their orbits never actually intersect. As a result, everyone's favorite dwarf planet never gets any closer to Neptune than about 1,487,000,000 miles!",non-suicide
256831,"Hi, living in constant pain. I’m dad! Filler Filler Filler Filler Filler Filler Fillet (O’Fish)",non-suicide
256834,I love hot sweaty men 🤤ㅤ ㅤ ㅤ ㅤ ㅤ ㅤ ㅤ ㅤ ㅤ ㅤ ㅤ ㅤ ㅤ ㅤ ㅤ ㅤ ㅤ ㅤ ㅤ ㅤ ㅤ ㅤ ㅤ ㅤ ㅤ ㅤ ㅤ ㅤ ㅤ  ㅤ ㅤ ㅤ ㅤ ㅤ ㅤ ㅤ ㅤ ㅤ ㅤ ㅤ ㅤ ㅤ ㅤ ㅤ ㅤ ㅤ ㅤ ㅤ ㅤ ㅤ,non-suicide
256836,"Want a free follower donchu?  On desktop go to your profile. On mobile, open browser (chrome preferably), enable desktop tab and open your reddit account.

Enable old reddit by:

1. either replacing the ""www"" in url by ""old""
2. or click the arrow right next to your name and click ""Visit Old Reddit"".

On the right side, below your karma count, click on "" View/edit my snoovatar"".

Now scroll down, on the right side, below your ""Trophy case"", there is an option to follow yourself below your usename!

Follow yourself! One free follower to brag about.",non-suicide
256839,"Poggers I beat the fiverr algorithm I have made $68 from fiverr

I'm Gud

Nice

I get alot of nsfw requests though lmao",non-suicide
256842,Its late and im bored first time here and i got nothing to do so why not see if i can chat here,non-suicide
256845,My brain runs worse than internet explorer on a Windows 95 pc with dial up and 256mb ram My memory is basically the opposite of what elephants are portrayed to have I need to sleep rn it's 11:00pm someone remind me to pay my bus pass tomorrow please okay that's all sorry for wasting your time.,non-suicide
256847,I am anti-vax(joke) I just wanna die,non-suicide
256848,My brain gets really excited when people mention me It basically takes that normal dopamine hit that we all get from doing this but a bit more I don't know why but I find it interesting,non-suicide
256849,Is depression an instrument? Filler Filler Filler Filler Filler Filler Filler Filler Filler Filler Filler Filler Filler Filler Filler Filler Filler Filler Filler Filler Filler Filler Filler Filler Filler Filler Filler Filler Filler Filler Filler,non-suicide
256865,"I have this feeling everyday.I'm 19 years old. It seems like all my peers who I went to school with are all graduated and going to college I can't afford it. I had a girlfriend it lasted 4 years she recently just broke up with me. I've always struggled with the thought of suicide. Last Christmas Day I went to the hospital because I took 18 Gabapentin and started overdosing and got my stomach pumped. I don't have anyone. My father has never been there. My mother passed away when I was 7. I'm 19 trying to make ends meet on my own. I struggle to get a good job that can pay enough to actually survive. My girlfriend left me because I'm insecure. I kept thinking she was talking to other guys even though she was but not in the way I was thinking I guess, we will never know. But anyways to sum it all up. It feels like there's no way out. Life is too hard life is too short. I don't have anyone I don't have anything I can barely feed myself. I really don't wanna be here anymore. Everyday in the front of my mind is the thought of suicide. I think about it everyday. As soon as I wake. All throughout the day. And I've always had these thoughts. But now it's just I'm down so bad there's no way out. I don't wanna be here anymore. My name is Anthony. I appreciate you if you read this. Thank you but I think my time is up. I'm worthless.❤️",suicide
256867,I'm so sick of everything.Can someone just give me a point to this shitty existence. I keep looking and looking and there's isn't any reason to stay here. It's all complete shit.,suicide
256870,"I can't take it anymore Everyone around me is in a better situation than me. Socially, I mean.
 Practically everyone has someone to talk to / text (I feel like I'm missing out; everyone's out there interacting with their social groups while I'm here super lonely...). I haven't got a single friend! I have minimal social contact, something that for me is crucial (for my welfare)...
 I wish I had someone to **direct my efforts to**, that would change my a life a lot in many ways (positively). It would give it meaning..
 I can't seem to socialize properly even though I desire intimate relationships; It would seem that people have a bad reputation for me, and beacuse I have no energy to change it (depression) I can't make myself look likeable...
 I just wish I had someone.. Someone to share my life with, someone to grow up with, someone to funnel my efforts (mentally financially, emotionally, etc...) into!!
 I can't take it anymore, it ends up being a vicious cycle, I can't talk to people beacuse I'm not experienced and beacuse I don't have friends or anyone else really I can't get experience and boom. Cycle repeats... ugh
 I. Just. Can't. Take. It. Any. Longer.
 I'm thinking about jumping in front of a subway train, but I don't want to end up in a vegetative state...",suicide
256875,"I’m leavingI have decided to go through with my plan. I’ve thought about it and really there’s no reason for me to be here anymore. I can’t make my boyfriend happy, I’m useless in every situation, and I’m the biggest disappointment. So I’m ending it all then everyone would be happier and so would I. Recently my S/O has been going through something and I haven’t been able to help him. I have been being selfish by telling him not to end it all when in reality I wanted to do it myself. So I’m going to. I guess this is my goodbye to the world. ",suicide
256877,"Need help for someone else...I was going to make a longer post but I'm not really sure how to write something like, will offer more info if you need, and I am sorry if this is not this best place for this. I [M19] have been close online friends with someone [F23] who has been struggling with untreated major/clinical depression for quite some time. We live far from each other, I am in the US and she is in the EU. We've had a good relationship that had started to go downhill and I got irrationally frustrated at that. We haven't talked for a relatively short amount of time but today she had called me after getting drunk at a party (with her other best friends, I consider that to be her primary support network) to tell me that she had came very close to an attempt earlier in the day. She had also isolated herself from communities we were in. It was a pretty fast call so I didn't have time to assess if they harmed themselves and in what way. She was in a pretty broken state when we started talking but by the end of the call she seemed more calm and collected.  


I am asking for a bit of advice on this situation, it had crossed my mind before but now its really apparent to me: she has been dealing with suicidal ideation for awhile now and I have very poor social skills and my attempts at helping her and listening to her struggles had gone very poorly, I was not good at it at all. I just don't know what to do now, I suggested professional help and therapy but I don't really know. We're so far away from each other I don't even know what to do in case something really does happen. I really need help. Thank you to whoever reads this, I sincerely wish the best on your struggles as well.",suicide
256878,"Should i hold onAssualted 3 months ago
17, male
History of addiction and depression
All symptoms very strong of post concussion syndrome from attack. 
Emotional numbness after months of teying out fluoxetine then sertraline.
Dont know where to go next

Is it worth staying around for the next few years in a state like this? If so please say why because im out of options.",suicide
256880,"April 7thIve started getting headaches thruout thr day, and its been pretty hard to deal with. No serious triggers, more of a relaxed day, but my head hurt so much. It feels like someones stabbing it with a knife",suicide
256888,"I'm so tiredThe last time I attempted was 10 years ago. I thought I was getting better. I had a boyfriend who I love more than anything, I had finally made some real friends, and my relationship with my father was doing much better. There were still a lot of things wrong - I still suffer from PTSD and a personality disorder, my mother still abused me and I still struggled, but it was... better. I still struggled a lot with thoughts of wanting to die, but I don't know. I had a reason to keep going - my boyfriend.

Now everything is falling apart again and I'm not sure where to go from here. I might have ruined my relationship of 8 years, I lost my best friend to suicide last year and I'm still not over it, and I have nowhere to move to, no family that can take me in if my boyfriend decides to leave me. I'm broke as shit since I had to leave my job due to the pandemic, so I can't pay the rent by myself and my father is in a retirement home now so I can't stay with him, and I really am realizing how little I have still. I started thinking about suicide again last year, but I'm really at my breaking point now. I don't want to be stuck in a hospital again. Nothing in there helps. I just... want everything to stop and I don't know what to do. 

I just want this to be over. Even my close friends say that the amount I've shit I've been through almost sounds fake because it's so much. I just can't keep dealing with this. The only thing stopping me is how devastated my father and probably ex-boyfriend would be, but I don't even know if that's enough anymore. I'm just so, so tired. I just want this all to be over finally. I've wanted this to all be over for so long. I just want to sleep and never have to wake up again. Trying to fight my way out of this again just seems like too much. I've been fighting since I was a kid. I want to stop now.",suicide
256889,Monday...I think Monday should be the day. I'll have seen both of my parents and my grandparents and gotten the chance to say goodbye. I don't have any reason to stay after this. The only problem I have to figure out is where to do it. I don't want anyone to have to clean up behind me. ,suicide
256892,"Go awayI have no reason to be depressed and suicidal so I need these thoughts to F off. 14 weeks until my wedding to an amazing man, 3 wonderful children and all I can think about is I don’t want to be alive and how easy it would be to go jump off the bridge onto the a1. Currently in the process of being diagnosed for ibd, plus have vestibular issues that limit me and ruined my career, now gp has put me on 200mg sertraline to help with these anxiety and suicidal feelings but I’m tired of feeling tired and ill. Looking at my kids is what stops me doing it, but the black hole is getting bigger and I’m struggling to keep the pretence of happy mum, happy fiancé, bubbly glass half full personality. I want these feelings to go away whatever it takes but I love my kids too much to hurt them. I’d die for them so I need to stay alive for them too but it’s so damn hard when your mind is screaming.",suicide
256893,I'm thinking. I might do it tonight. Just need to decide what method.Probably some pills or try to hang myself -- again. I got pushed over the edge. I'm fucking awful. And tired.,suicide
256896,"I suffocate 24/7 and wake up constantly throughout the night - Empty Nose Syndrome!? 

I had an open cosmetic rhinoplasty 4 months ago and since then I've been experiencing symptoms that have been fairly debilitating for me. A few weeks post-op I noticed that my air flow was different in each nostril and there was a slight pain in my left but I chalked it up to swelling.  

Now, 4 months later there is no more pain but I feel like there is a blockage in my left nostril and I can't sense airflow at all in either nostril which is keeping me up at night.  

I'm on sleeping pills which is barely helping me get a few hours throughout the night. I'm really scared and did not expect to go through this scary journey - all I wanted was a refinement. How would I know if I have empty nose syndrome or if I should wait longer to see if my issues are resolved naturally? 

Please help anyone who has gone through something similar or knows someone who has gotten better as I've become a shell of myself.. going from perfect breathing to feeling like I'm walking around with a bag over my head all day is devastating and the real kicker is I'm not even happy with the cosmetic result but at this point I just want to breathe again,,,",suicide
256910,I'm sorry..I've spent a majority of my life fucking up and being incredibly reckless. My life is slowly getting worse and worse.. I cut myself yesterday hoping that would calm things. But it didn't and here I am awake at 3 in the morning. I think I'm just done. I've been here long enough and drained many people. I just can't keep this up. I'm tired and want out.,suicide
256911,"I want to go to sleep and never wake up.I am just tired, I have caused all my problems in life, and the worst part is I'm just too lazy to do anything about them. I lie in bed literally all day doing fuck all with my life. School is coming up, I am probably going to go in for a week and never go in for the rest of the year. My parents are emotionally maniptulive people who make zero attempts to help me. 

I just feel like ending it all will be like going to sleep.",suicide
256914,"I don't want to suffer in school anymoreHello,I am a regular dude from Russia,or so I thought before I enrolled into the 9th grade.  
I have been somewhat adequate at school,doing homework and having an average grade of ""B+"" or ""B""'s.  
But this year has been probably the shittiest in my life,not only have I lost my great grandmother and grandfather,I started to fail the tests in Russian language and Maths,which are essential and are required to be atleast a strong ""B"" or ""A"" - but my mediocore grade in it is probably ""C-"".  
I really didn't think about it,you know,shrugging it off. But lately the Russian teacher AND my math teacher has been calling me a ""Failure"",because I couldn't get atleast a mediocore grade on their subject.  
It all would've been ok if not for a fact that as I sad before,Those subjects are ESSENTIAL in the final tests,and I cannot choose to not study it.  
The thing is,that if I will fail the final exam of the 9th grade,I am going to be expelled,essentially denied my  *General secondary education,* and you know,I would not be able to leave the country,because this country fucking sucks.  
There is no equality here,some learn 300$ working 16/5 a week,while the people in the government earn about 30k$ in a month for just sitting in a fucking building.  
If I will fail that goddamned test,I wouldn't be needed anywhere, I would not be able to employ myself at a decent job in Europe or atleast here,would not be able to start a buisness properly,and probably will just die out of starvation.  
I just want to end this all,I don't want to live another five or six months to just get denied my pass for a normal life,why not end it now?  
Tl;dr - If I will fail the final test,I will fail in ""the game of life"" as a whole",suicide
256915,"I'm not even sure how but I'm gonna do it tonightMaybe jump off a bridge or some shit. Life sucks. Can't find a goddamn job, lost almost all my friends. I admit I have 1 or 2 who have been there for me but no one else in this world is. I'm thankful af for them and I think they care about me but my life is so hopeless. Not in college, have BPD, no skills (for real), and too fucking depressed and anxious to get out of it. It's not worth living anymore for me it isn't. ",suicide
256916,"If anyone is around to talk i would appreciate itI cant get ahold of the few friends ive got and my ex wont say a word to me even though she knows im suicidal. What is the point of continuing on, i cant do anything right ill never meet another girl like her i think i should just shoot myself it feels like the best option right now. I cant think to do my college work i cant eat i cant sleep i cant meet people because its online :'( all i can do is be down and hope someone calls me or reaches out but no one will i feel like a bullet is seriously the best option. Ive thought about jumping, drowning, poisoning, death by train, hanging , but blowing my brains out seems like the best option.",suicide
256917,"Sometimes I realize Im so lonelyI don't have anyone important in my life, no one cares about me",suicide
256920,"Ladies and Gentlemen seeing this post How is your middle of the night this fine day? just thought I'd see how everyone's doing.

Filler, Filler, Filler, Filler,Filler, Filler, Filler, Filler,Filler, Filler, Filler, Filler,Filler, Filler, Filler, Filler,Filler, Filler, Filler, Filler,Filler, Filler, Filler, Filler,Filler, Filler, Filler, Filler,Filler, Filler, Filler, Filler",non-suicide
256921,"posting everyday until i get a girlfriend day 1 :( had to restart cos my account was hacked for a few days and someone posted porn on it lol, it’s fine tho",non-suicide
256922,"Today just went from bad to worse Okayyyyy soo, I had the dentist today so that was immediately bad and after that I went to my girlfriend's and ya know things got hot and frisky and the Fugajdgdbing door opened AAAAAAAAAAAAAAA and I couldn't get under the covers in time and the door immediately closed and I couldn't see a head but oh I'm dead to her Dad probably. But FML",non-suicide
256923,"There just isn't anywhere left to runThe few positives are so crowded out by the obsessions, the trauma is now such a huge part of my life and my brain that it's taken control. I've tried therapists and moving to new countries etc. but nothing helps, because I'm simply not likeable or valuable or good at anything. I am simply not a person who can function normally, but I'm so close that I constantly fail at everything I aspire to, I can fake it up until I just start to feel secure, then I fuck everything up. I have driven away all my close friends with my mental illness and just being sort of crap, I still have some who don't know me well, but that's the worst part; the more people get to know me the more they realize what I truly am, and they need to get away for the sake of themselves. But I want so much to be good at something, to be normal, to be liked and loved for who I really am. I just don't think it's possible to break out of this prison I've built around myself when I'm not good enough to really function anyway.",suicide
256924,"What the fuck have I done this year...I had a mental breakdown a year ago. I used to smoke way too much weed (5 spliffs per day) and cigarettes (15 per day) and I ate extremely unhealthy too for 9 years. On top of that I had just lived life without thinking clearly and just lived in the moment. I became suicidal because I was so shocked at why my past self didn't just fucking live healthy like I've been doing for the last 2 years. My mind was set on killing myself.

Then I contact my ex who I dumped about missing her, telling her breaking up was one my many mistakes and so on, but she blocked me. In some random, dumb, depressed, idiotic, life-ruining impulse I made a new account and wrote extremely suicidal texts to her. She said she had improved a lot and I said. 'Fuck improving. I'm done with life. Pointless bullshit anyway. You still want my cat?'...

After that she got angry. I start to explain it. She engages, but then blocks me. This happens like 8 times. After a while she says 'you didn't change a bit and only went backwards'. Then I reply that I did change because I hit the gym 6 times per week, eat extremely healthy, quit smoking, graduated and starting my career. That's her cue to explode. She writes an extremely mean message filled with hate, disdain and degrading stuff. 'You'll never learn how to live your life' 'Loser' 'Whiner' 'Tragic' 'Forecasting that you're going to die? I don't fucking care!' 'This is the same irrational behavior as at that concert when you were arguing with random ppl'... 'Don't have to feel any guilt because of how you dumped me'... She also told me she would never reply again.

Then it becomes chaos in my head. It was already chaos, but after that it just went overboard. I hate those insults so much. They repeat in my head all the time. I can't cope with it. I'm too emotionally weak already. I struggled to recover from my suicidal thoughts and this on top of it was too much. Like I just started screaming out of agony after I read those words for the first time... 'You'll never learn how to live your life'... Constantly repeating in my head. Flashbacks to arguing at that concert. Feeling even worse about myself.

Initially fucking HATED her! She was 8 years older and came into my life and I never asked for it and then she can't even bring herself to end it without a bunch of insults that are so toxic for my mental health at that time! So I was fucking angry and wrote insulting messages back in the beginning. Like really nasty ones too. That she was fucking ugly and I couldn't stand looking at her disgusting mug. Not proud of that, but I had such intense rage that she knew how much this would hurt me and did it anyway.

After that I changed though. I started to realize that I was in the wrong. I changed my tone and began explaining all the time. Begging to talk it out. I did this for like 4 to 5 months because I couldn't think of anything else. In the end I wrote an extremely personal e-mail to her workmail that got forwarded to her co-workers in which I called myself a piece of shit and more dramatic stuff like saying 'begging the universe I'm still on time'... 😓 I fully took the blame in that one. I still had one weak moment and wrote another message like a month later to her LinkedIn. Last week I wrote another one to her instagram telling her I still feel so much pain, but she blocked me again. The messages were extremely self-critical. Completely kissing her feet. Telling her she's better than me in every aspect... Lost all my self-esteem because of this shit. 

I just hate myself. I can't believe that this has happened. I hate that this is part of my life story. I feel like I should kill myself sometimes because I can't stand myself. I'm so ashamed of myself because I'm such a cringelord. I'm not a good person... I'm so scared for the future and afraid of getting cancer. I'm terrified she will tell it to my family after I die. Or that she will expose me in the future. I feel sooooooo bad about this.",suicide
256925,"LostI’m a current student study in the college for first semester. But the fact is, i did not study, I pretend I am a good student but now I’m a lot bit tired of doing that. I haven’t been to the class for like a week. I don’t know what am I doing in the class and I don’t have a good grade in any classes. I loosed my motivation to do anything. 
I did not care that much about the friends in the new college, they are all rich and they are all like a freaking successors unlike me, I looked like I am a good student but no, I’m not, I seriously can’t force myself to come to the school. 
During the days off of the school I slept for 10h in each days, I’m not tired but my body told me to sleep.
I don’t know if this is the right time to quit the school, I do not, I want to end my life but I’m trying for a week to cut my wrist. 
I did not success. 
I should go to school for the in class essay unless I really decide to out of track. 
That’s all of my mumbling words, I might write more words in some days.",suicide
256926,"Please help meI don't know what to do, I have had suicidal feelings for a few years now, it's really strong at the moment and I think I want to go through with it, the only thing holding me back is my fiancee, I love her dearly and really don't want to hurt her, what is the best thing I can leave behind?",suicide
256927,"Too tired to do anythingI've been so tired lately. It got to the point that I'm too tired to take a shower. I haven't washed my hair for a week now. Any advice of how to cope with it, or at least how to mask it, so my friends don't see? (I don't want them to think of me less or worry) 

(Sorry for any errors, I'm not a native speaker.)",suicide
256939,"hiI made a host here a little over a year ago. I've managed to survive somehow. I guess because of my dog. There is no one I trust to care about her as much as I do, though people keep telling me I'm not good enough at that. 

&amp;#x200B;

To be honest, I'm not even sure why I'm making this post, maybe it's all just a cesspool of toxicity in my mind and there's just no one left that I feel like I can open up to anymore so I just pretend everything is okay. My friends would only get angry with me. Tell me that the only reason I feel like this is because I'm not getting any attention from them and that they want to distance themselves because of that. From my perspective it's the other way around, they disappear when things are really bad, and come back when things improve. Almost every day is a bad day for me and that's my normality so as far as my friends are concerned, those are my good days now and everything is okay. But then I have a really bad moment where it becomes impossible to hide. I feel like I only really exist to most people when they need something from me, and beyond that don't really care. 

&amp;#x200B;

I'm pretty alone in life now and it's the hardest thing, but people think I've coped with the change I've been forced through and I'm doing fine, but I don't feel like I am coping. I get burdened with more all the time because people think I can cope but it's all too much for me to handle. I end up having meltdowns and panic attacks regularly, but no one ever knows or sees this. I can't fix being on my own, I don't know how to without relying on others to just feel okay. Someone suggested to spend more time with my friends, which is nice, but it ultimately ends and I'm back to being at home alone and this always leads to some kind of breakdown. 

&amp;#x200B;

I'm a huge Pokemon fan so the last couple of days have been so euphoric, but that's subsided now and I feel empty. I wish I had someone to share my excitement. I wish I could feel like that all the time. After my grandma died so much of the things in my life stopped bringing me joy. Pokémon has been the only real exception besides spending time with the people I care about. 

&amp;#x200B;

I'm not really sure what the point of this post was. At what point is it okay to just quit and end it so I can finally just feel peace? I've been dealing with too much for too long and it just doesn't feel worth it anymore. No one really cares anyway. All this because I don't have the heart to leave a dog. 

&amp;#x200B;

TL;DR: Don't waste your time reading this or replying to it ill probably never log back in anyway.",suicide
256940,"I Cant Do Anything...LiterallyI hate myself, Why did I have to have that panic attack? I cant go to summer camp because I might have a panic attack I'm on punishment because of my panic attack I'm now off I think I nearly cried today because i can't even go to summer 1. Because I take 4 medications... and I have 4 mental illnesses... Why am I even alive I disgusted of myself why I wish I wasn't born hell I was an accident anyway my cousin described the summer camp it had a creek and everything my sister can go but I can't I dont wanna live anymore I cant even go swimming I'm lazy I stay on the couch all the time I'm bout to cry I'm sorry.... Kill me Please idc I'll give you my address just kill me and burn my body I wont even scream",suicide
256941,"Spouse in crisis. Any support/advice is appreciatedMy wife is currently in inpatient psychiatric care. She has a history of PTSD, Anxiety &amp; Depression and attempted suicide a few years before we met. She has been committed twice. Since we've been together she stopped taking her meds and managed fairly well without any therapy or medication. We have a 2-year old and she is the best mom ever to her.  


Over the past couple years, her depression/anxiety has started to come back. She has been apprehensive about seeking care due to the emotional stress it takes to recall all of her sexual assault instances and food issues imposed on her from her narcissist mother. So she has been ""squashing it down"" in order to carry on. Unfortunately a few recent events have fallen hard on her and she has become unable to function. She feels like a burden and that our family would be better off without her. Recently she has been crying in the morning because she's upset that she woke up. She says she doesn't have ""a plan"" however she told me that she went looking for my old bottle of Percocets just to see if they were there. I convinced her to go in for evaluation and they opted for inpatient.  


She's only seen one doctor so far in this facility but he shamed her for not reporting her sexual assault and suggested that her use of cannabis could be causing her depression/anxiety which is quite honestly bullshit. They may want to keep her longer than 7 days. I requested she not see that doctor again but I'm just worried that we made the wrong choice in going to this facility. I don't know what to do now. I love her so much and keep telling her how much we need her in our lives. I feel like these doctors are making it worse.",suicide
256942,"Don't know what to do.Ironically I used to be a counselor.

I'm still recovering from an incredibly emotional break up, she called herself a 'Claire Underwood' type. I thought she was joking at first but no, she filed a restraining order against me just because I asked how she was doing some 6 months after we split. Right before we broke up I had a nasty fall; broke a lot of bones and racked up a heavy debt.

After that I was temporarily crippled, then she left me, then I lost my job because I had to work from home more than they wanted. I was seeing a counselor for depression and as soon as I told her I no longer had insurance she dropped me with a dubious explanation.

My savings ran out sooner than I thought. I might not make rent next month. I need help and don't know who to turn to. I have a lot of great friends and don't want to disappoint them. Yet lying awake at night the only solution in my mind is to jump of a cliff.





",suicide
256944,"I want to kill myself but I don’t know how to get the materials I need because I am 14.I have read about easy and effective ways to kill yourself, but for the most part, they all involve materials that I won’t be able to get. I have thought about using fentanyl and possibly a gun because they seem to be the least painful way to die but I’m still scared. I have also thought about sleeping pills but have heard it’s unluckily that you actually die off of them, and would most likely wake up with lasting consequences. Thoughts?",suicide
256946,I feel like a huge loserI feel like a huge loser. I feel really pathetic and I just wanna be done with life. Nobody cares for pathetic people like me. I'm just a huge loser who's angry at the world. Just a 25 year old loser. People will never love me because of the way I am.,suicide
256947,"I've dealt with this feeling for so long I feel that its time to finally give up.I've been depressed for as long as I can remember, there has only been a few periods in my life where I could say I was actually truly happy. Recently I have been feeling worse then I have ever felt before, every second the thought of suicide goes through my mind. I have created a suicide plan and I have formed goodbye letters to everyone that actually meant something to me. Now I am struggling with the action of finally doing it. I don't understand why I feel like this. I hate myself and I probably always will. I have no reason to hate myself, I am friendly, outgoing, etc. But I just do.. I don't have any real friends and the real friends I did have are either moving away to live their lives or they are too busy with work to even talk. I've been having the worst luck for the past 2 weeks and it hasn't stopped. I always try and think positive but I can't do it anymore. I want to be nothing. I want to feel nothing anymore. I'm sick of being hurt by people. All they want to do is get in my fucking pants or something stupid like that. They aren't real friends, they are fucking idiots. I don't even want to leave my house anymore, yet the funny thing is I hate my house, I hate being home. I am trapped here. I had my chance to get away and I couldn't do it. I hate myself. I really do. I just want to feel nothing.",suicide
256954,How come I can’t post photos? I see other people posting in this sub and I am unable to post em sorry if I’m dumb,non-suicide
256955,"Pronouns and Sexuality. I was born a cis female, but recently I've started to address myself as they/them. I've been trying to tell people I know about my new pronouns, such as my friends and relatives. Some of them respect my pronouns, while others, such as my asian parents, have fucking YELLED at me. For being a they/them. My mother also said something along the lines of-

""God created you as a female, if you neglect that you're betraying God, that's a sin so you will go to Hell.""

So my parents are STILL referring to me as she/her. I don't want to betray God, because I'm Christian, but I just want people to respect me and refer to me as what I want to be referred as to.

I've also recently came out of the closet as a bisexual with a huge female lean. I didn't want to tell my parents, because I knew they were homophobic Christians. They found out anyway, though, because I said ""I love you"" to my girlfriend over the phone. I'm now not allowed to make calls or texts. I really don't know what to do, I just want my parents to accept me.",non-suicide
256964,"I saw people making subs so i joined in r/anothersub

Join or perish",non-suicide
256966,Hi guys! Do any of you watch F1/any other motorsport or are just general car guys? I just want to know if any one of yall share the same interest. Thanks,non-suicide
256967,I’m thinking of getting drunk talk me out of it right now I’m trying my hardest to not just say fuck it and get drunk 6 hours before school,non-suicide
256968,"Might delete later. I just wanted to say somethingSome weeks ago (it can be months... Time is going on so fucking fast lately its scary) I said that the only reason to keep living was sex. That immediate satisfaction you get, and nothing else is real or really worth it. And when sex doesn't fill you up any more, then it's time to go, because there is nothing left.    
I did not think the time would come so fast. I thought it might be years and years of trying to get a normal life until I'm totally drained of sexual desire, and by that time I would have kids and I don't want to kill myself if I have kids. But no, it only took some weeks. Whatever I still do is just me trying to get back to better times, but there is always something missing... It's obvious that what's old doesn't work anymore, but I can't think of anything new. I might have reached the epitome of ""creativity"" at 17/18. Awesome.   
And I'm lost. I couldn't be more lost and it's scary. I see everyone finding their place in the world and their passion and where they belong and I have nothing of that. I'm just walking alone and the people that should support me the most make me feel bad for it. And I don't know how much more Ill be able to stand it.    
And now I look at the two people I still take three buses and pretend that I don't hate my life for, and I want to hug them and tell them that they will be everything they want to be and more. Because they have something to live for. Because they're good and their smiles are so sincere and heart warming. Because they belong somewhere. Because they don't cry at 6 am writing suicidal things in reddit (I hope they don't really mean it if they do).  
So if I decide to really do it... because I feel like there is nothing else to live for, because the pressure is too high here and I can hardly breathe and death would be such a relief... I just want them to know how much they're appreciated and how I thought about them in my last times. Them and a couple of artists I listen to everyday and love. Thanks for coming into my life and I don't care if you fight, you make my days better and you give me a reason to do one of the few things I enjoy that is singing.",suicide
256969,"Scared of the future and suicideIf I do choose to fight on and live, I’d have to endure pain everyday. I would have to keep living with my demons for the rest of my life and watch everyone around me prosper while I feel stuck in place. 

It’s either that, or I kill myself. The plan I had is pretty much guaranteed fatality, but scary to execute. It scares me and comforts me at the same time thinking about it. 

Both options make me anxious. I feel trapped",suicide
256970,Should I check myself in a hospital/psych ward for having suicidal ideation?I already went to a psychiatrist. Prescribed new meds but I can't feel its effects yet. I still can't concentrate on anything I'm doing. Im already itching to attempt suicide.,suicide
256971,"one but two but fourokay thanks i hate it. when one but two but four why three three? why one four but four three? why one four but two two? why two four but at the same time three two? okay so you know perfect but and best but four, why? perfect, best but two thus four but why four when best perfect? bad, average three but four. okay not okay but at the same time okay. but why? oh i know why. well... i dont know. maybe...................................................... ......   ..... .    ................    .        ..        ..                 .....   .        .  ..  .      .. .          .     .         .      ... .....    ..   .       .     .                  .. . .. ...   ...       ...       .....  .........  ..    . .. ..  .......................................... evreyone knows best but still yes four okay not okay but at the same time okay so is not ok instead is fucked.................  ...............    .         ....     tree three tree oh yes tree!!!!!!!!!",suicide
256972,Discern between genuine suicidal tendencies and attention seeking behaviorI generally have suicidal ideation pretty much every day throughout the day. I do have a plan but the chances of me acting on it are slim. I get annoyed by my family like everyone does. I've romanticize suicide. I'll leave a note telling my family to change their errors in hopes they'll finally listen. That's not good. My family has the right to act however they choose regardless. Suicide won't solve a thing.,suicide
256976,"sonic is good asf literally everything about them is godly 

especially their milkshakes and cheddar bites 

i’m boutta bust 🤩",non-suicide
256977,"unpopular opinion The process of extracting and articulating the moral of a story destroys its meaning when the moral is clear. 

For example, think back on a story that you learned as a child—One that really stuck with you and helped you learn a complex ethical rule. Mine would be The Boy who Cried Wolf.  

Now try to imagine that story without the cheap imperatives built upon it. Doesn’t it feel so much more powerful? 

I remember listening to the story and, soon after hearing, the teacher say, “So, as we can see, the moral of the story is: Don’t complain when there is nothing to complain about otherwise people will eventually not believe you.” 

I just remember having my reflection broken and sitting there thinking: “why did you ruin the story??”  Her handing us the implication of the story as a scolding imperative destroyed its ability to weigh on our conscience. Rather than experiencing a profound moral revelation, we learned another fact. 


And it’s not just stories about morality. 

Consider this quote

*For all it brightens, love casts long shadows*






Now let me ruin it for you... “This phrase is telling us that love has the potential for just as many good things as bad things.” 




...Isn’t that just disappointing??


Here’s another sad one: “For sale: baby shoes, never worn.....” 



“Well here we can clearly see that whoever is selling those baby shoes has recently lost an expected child.” 




Hopefully you can see my point. 

Some things are better left unsaid, and stories should be left to the wild side of our brain.",non-suicide
256978,"I’m voting for Donald Trump. He’s probably an Imposter.







&gt;! Filler Filler Filler Filler Filler. Lollollollloollllolllolollllololllooll. According to all known laws of aviation, there is no way a bee should be able to fly. Its tiny wings are just too small to get its fat little body off of the ground. The bee flies anyway, because bees do not care what humans think is impossible. dodododoododododododoododododododododoodod automod sucks dododoodododoodododoododoododoodoodood meems dododoodododoodoododoodod !&lt;",non-suicide
256979,"Broke up with my GF Fuck that bitch but im still sad im eating a big bag of M&amp;MS rn.

Fillerrrrrrrrrrrrrrrrrrtrrttttrtrttrtrtrrrrrrrrrrrrrrrrrrrrrrrrrrrrrrrrrrrrrrrrrrrrrrrrrrrrrrrrrrrrrrrrrrrrrrrrrrrrrrrrrrrrrrrrrrrrrrrrrrrrrrrrrrrrrrrrrrrrrrrrrrrrrrrrrrrrrrrrrrrtrrrrrrrrrrrrrrrrrrrrrrrrrrrrrrrrrrrrrrrrrrrr",non-suicide
256984,"Livestream rant Livestream

I was supposed to join this online field trip (government owned) and I am hyping up the chat because they found a crawfish right, they ban me, so I hop back in to n an alt account and they ban me again, so I do it again and say please don’t ban me then THOSE COMMIE BASTARDS BAN ME AGAIN AND MY TEACHER EMAILS ME AND TELLS ME TO GET OFF LIKE WTF THAT IS A BUSINESS AND A GOVERNMENT OWNED ACCOUNT IT IS LITERALLY ILLEGAL AND SUABLE FOR YOU TO BAN SOMEONE ON A CORPORATE OR GOVERNMENT ACCOUNT WHICH IT IS BOTH!!!",non-suicide
256987,"Anyone wanna talk? 

I’m rlly bored and wanna talk to someone. I’m happy to talk to anyone about anything or play number game dm me if u want :)",non-suicide
256990,I’m fucked The first school quarter is gonna end and my procrastination kicked in by the third week of school so now I have work from 6 weeks ago that I have to do in 6 days so basically 1 week Per each day 🙃 I don’t know how I got to this point.,non-suicide
256992,"Can we post memes later in this sub? I just found out posting memes is disabled, is it coming back ever or is this a permanent thing?",non-suicide
256993,FUCK YOU YOU SON A BITCH PEANUT BETTER IS %1000x BETTER THAN TURKEY YOU FUCKING WEIRD FIRST OF ALL IT IS MORE MORALLY CORRECT AND IT TASTE BETTER AND IS BETTER FOR YOU SO FUCK YOU.,non-suicide
256994,Why do men in hentai pant and move so much when masturbating? Like for me its just 5 min wank no moving just sitting there to get dopamine. When men in hentai do it they have a fucking seizure and don't stop moving it's so dumb,non-suicide
257003,"Ask me stuff because me is bored (15M) Have a great day :)

Have a great day :)

Have a great day :)",non-suicide
257004,"okay okay but like listen catgirls? yes. 

bunnygirls? h e l l  y e s.",non-suicide
257005,"I just realized something I'm trans, so after my transition, I could burn people by saying ""my dick is bigger than yours yet I'm still hotter than your wife""

Tbh it's worth it purely for this if not anything else ngl",non-suicide
257009,"Deleting social mediaWant to just delete it all

See if anyone cares I’m gone

They won’t, but idk maybe I’ll feel like I did something then?",suicide
257010,"Do we get reborn after death?I don’t want to live anymore, every time I look in the mirror i see a face that makes me reach for my pocketknife and slit my wrists until I lose consciousness and die, and I want to know if i’ll have another chance at living before i hang myself",suicide
257011,"Not sure what to say here, I'm just going to ventI've been suicidal for 17 years (yeah!). But my recent realization has made me recognize that it would be better for others more than myself for the first time. I work a lot, like before the sun comes up and lucky if I get home for dinner. It's a family business so I can't blame ""the man"", I just have to do my job. When I get home I often continue to work (I am actually working now at 1:15 am). I am also a drunk, I get drunk, like drunk drunk, at least twice a week, and drink like four times a week. This is partially because I have a serious medical problem that alcohol seems to cure. Maybe I use it as an excuse, but if I don't drink I am in major physical pain with every movement. My doctors have put me through every test and have come up with like 10 possible things.

So... I'm a drunk. A dad who works too much... no money to show for it... depressed at every moment, and in pain at every moment.. I know my kids are supposed to be who I live for but I am in so much pain physically and mentally that I just feel I need out. 

How can anyone expect someone to live like this? ever striving to bring a good life to their kids by working, yet that obviously takes time from them and even when you can you are in crippling pain... my wife is strong, holds me together but yet we haven't had sex in 6 months. 

I think I should just go...",suicide
257022,Why can’t Corona just kill me?The only thing that brings me peace is knowing that everyday is a day closer to death. I wish I could give someone my healthy body and trade with them. I am extremely lonely in life and less than 90 days out of the psych ward and nothing is better. I just really want to escape. I tried and failed and there isnt much more. I never thought at 24 that I could not only understand depression but watch it ruin every aspect of my life. I genuinely hate the person I am and the situations I am and I hate how I had to be born a faggot and exiled into loneliness for life. I just need to find a way to leave quietly and someone to take care of my dog without it being obvious what my plans are.,suicide
257023,anhedonialike every sensation is faded and blurred,suicide
257025,"Stuck in life.Hello guys,

So over 1 month ago I've said that I wanna try suicide. I tried but it's not that easy and it hurts and my rope wasn't that good. My life is really fucked up. I have really bad grades at school and I'm 3 weeks home because of my depression. I made a letter for my teacher and I've said that I've a feeling of being stuck in life because I can't commite suicide. I haven't seen my father in 3 years and he left me and he went to the other side of my land. He's a junk and he lies about everything. He's now a wanderer and 2 days ago he messaged me on Instagram that he loves me and he want to meet me again. I was really mad at him because he left me and flees and made a lot of debs with his house and other stuff and my mom has to pay that. My mom said that the debt was over 110 596.32 U.S. dollars. He has a really bad personality and I don't have a reason to live anymore. I've 2 years depression and I'm always feeling tired. My father has bullied me and I've been bullied at my playground back in the days. Somebody has give me a broken nose and bullied me. If you want to know more, message me.",suicide
257027,"Last time posting, just trying to reach more people, make someone’s day. Free gold. You can visit my other two posts to see how you can win.

If you’re feeling generous get this on hot to make this worth my time and money, and to give more people a chance :)

[#1](https://www.reddit.com/r/teenagers/comments/jcja9u/ill_give_gold_to_the_least_upv%C3%B2ted_comment/?utm_source=share&amp;utm_medium=ios_app&amp;utm_name=iossmf)

[#2](https://www.reddit.com/r/teenagers/comments/jcj29q/ill_give_gold_to_the_comment_with_the_least/?utm_source=share&amp;utm_medium=ios_app&amp;utm_name=iossmf)",non-suicide
257029,u/Worstedtgrammar u/Worstedtgrammar u/Worstedtgrammar I get an all powerful award now right,non-suicide
257031,"they say it dont be like it is, but it do 😞",non-suicide
257039,do people seriously dont know what tourettes syndrome is? i thought that its like common knowledge,non-suicide
257040,"I messed up Awhile back before covid-19, I had a girl in my theatre class . Turns out she was from Ukraine and had to go back after the year ended, man did I mess up. 

Let me give a little bit of backstory. So I'm in this theatre class for freshman year, just so I can get the credit and get it over with. I actually enjoyed the class and I want to be more involved with it possibly in the future, but who knows. in my class were a bunch nice people. sociable and not so sociable. I sat at a table in the front and that I dont what came over me. 

I seen this extremely beautiful girl walk into my class and I instantly thought my self. ""wow."". later on in the year after getting to know everyone in the class this said person decided to join our table with  the other 2 guys, along with me. She was really funny  and nice to be around and overall my type of person. one day we had an assignment to go see a play for around 300 points. and we ended up sitting next to each other. she and I were making fun of the play the entire time and I again thought to myself ""man you do something this is it dood.""

here is my predicament. I didn't do anything and a few weeks later my grandfather passed so I missed class for a few days and she was gone. sent back to Ukraine. I wish I could've done and or said more. but now i'm stuck regretting my actions. 

we do talk from time to time and I eventually told her how I felt and she replied with ""aww I wish I was still there."" so I suppose that gave me a little hope. but who really knows. Now that I look back did I really mess up. I dunno why I'm even typing this I just wanted to get stuff off my head I suppose. if your reading this, thanks for reading I guess.",non-suicide
257041,"Teleportation has already been created The government is most likely hiding it from us.
Think about this how does the mailman get from my door to his car in 2.5 milliseconds?",non-suicide
257046,"what counts as a suspicious lookin’ fella to u guys because on my walk i walked past a middle aged guy nearly bald with shades on, by himself in a field without a dog or kid or SO, with that black leather jacket thing pedos wear. i’m like 70% sure they were a pedophile",non-suicide
257048,I got thigh highs and bunny ears Not for Halloween tho. Just because,non-suicide
257049,almost had sex but.... i’ve been going steady with this chick for a long time and I finally had the guts to ask the question if she wanted to do the deed. She appeared enthusiastic and excited at first. However once i took out my member she started laughing and pointing. Ever since i’ve been browsing r/smalldickproblems.,non-suicide
257050,"I CAME OUT TO MY DAD AS STRAIGHT!!! Well he wasn't surprised that I'm into girls, and then we sat down and he said: ""Son, it works that way and that’s why I'm never gonna give you up""",non-suicide
257051,"Someone just asked if I ever tried a cig and I said no then they say “you should try” What benefits could even come from that??? Like none??? 

I’d rather not have an addiction, or even ruin my lung/throat health but thanks for asking ig??",non-suicide
257055,Day 31 Of Posting Until I Get A Girlfriend I have 8 followers now lmao,non-suicide
257056,some1 talk to me on the phone for da whole night!!! I need to stay up omg omg omg omg pls talk to meeeeeeeeeeee,non-suicide
257057,david bowie is so fucking good thats it. Listening to hunky dory really got me thinking,non-suicide
257058,"Giving out random facts daily coz i am bored. Day#27 You only have two body parts that never stop growing

Human noses and ears keep getting bigger, even when the rest of the body’s growth has come to a halt.",non-suicide
257061,"Who wants to join my hentai discord server? Dm me for the invite link, I’m bored and I want to share hentai lmao, filler filler filler filler filler.",non-suicide
257064,"How do I just be happy?I've been suicidal for the better part of a decade now, and have survived 4 attempts now. This last week is the first time I've been kinda happy in a long time due to a really nice relaxing trip, finally meeting someone I like in person, and starting a new medication. However I can't shake the feeling of dread that it's all about to come crashing down around me. I'm worried I'm going to stress about this so much that I'll derail myself and that the sudden drop will kill me. How do I get through that feeling, and if I don't how do I stop myself from falling to hard?",suicide
257066,Life is to dangerous to live anymoreJust look how fucked up this society is.,suicide
257067,"Confession: I got excited hearing that my state has confirmed coronavirus cases..I hope nobody but myself catches and dies from this. 

Please.. don’t make me have to pull the trigger on myself. Let this take me out.",suicide
257068,I can’t wait any longerI give it one week at most,suicide
257073,"I once tried out Marijuanna – it's made me feel apathetic, lost and...suicadal.Something really weird with my brain once I tried it out. 
First, I got a paranoid hour of ""high"", then from the next morning up to this day I almost constantly feel apathetic and lost.",suicide
257074,"Worried about my self being.Pretty sure I'm kinda messed up. I've read the in and outs of the depression reddit and some of this reddit. But, I don't want to die. I love my life, but suicide always creeps up into my mind. I can't get it out of my mind, and it's tearing me up inside. 

Any tips or similar happenings to you guys? :)",suicide
257075,HeyIf anyone wants to chat. I am here.,suicide
257079,If this post gets 100 orange houses If this post gets a hundred Orange houses I will legitimately delete my account,non-suicide
257080,People really think notch created minecraft? It was obviously Ph1LzA Minecraft,non-suicide
257089,"Only thing that keeps me from killing myself is I suck at commimentForgive the drunken banter.

25 year old loser. No 'real' friends, no that anyone could be with me anyway. Never been on a date, not for a lack of trying, just i....can't get close to people. I mean I am not good looking, but I just got 85 lbs, thinking it might help or something, but now I am just ugly, not fat an ugly. I work in IT and don't care. I try to force myself to learn more by buying books or courses but Ijust put them off. I am in debt and live at home, looser x 100 there. I even dress better adn take good care of myself. Clean, neat, well kempt. but I hate myself even more. 

I don't even know why I bother. Typing thing, not stepping off infront of the next train. I have no joy. I go the gym and work out and come back home, run errands, clean, whatever. It doesn't make a fucking difference. I try and it makes no change. 

I guess this is my every now adn then rant. Everyone I used t do this to grew out of giving a fuck. TI doesn;t even matter what you say becuase what difference will it make? 

YOu know, you look at facebook pictures of people that haven't unfriended you yet. People living theri lives, having fun, doing stuff. And you just feel so hollow, and you realize that you have nothing to add to anyhong else's life. You aren;t in anyones pictures becuase you would add nothing.

Ramble rambel. THiking about killing yourself is hard. Not becuase it is mind you, but the train thing...that would piss to many people off, real dick move. Heights? Maybe, but you gogtta get there and too much though.I just don't think at the end of the day I could walk off a brige, too weak for that. ",suicide
257090,"God, I'm so done.I feel like everyone I looked up to has let me down.
I'm so disgusted with myself. I've done awful things and I've let awful things be done to me. I'm a wretch of a being and I wish I had the courage to finally end this suffering.",suicide
257091,"i wish someone would help mei want to die all day every day. no matter what i do or how hard i try it gets worse, not better. i’m pretty sure of my decision but it’s so hard to actually end it. i hate having to do the research, sneaking around to try and get the stuff i need, figuring out how to do it making sure it’ll work and i won’t fail, how to write my suicide note just everything. it’s so hard to kill yourself and it’s the last thing i will ever do i wish my best friend would just help me. i tell her everything. but i have to keep this a secret from her or she’ll stop me and tell someone. i don’t want to plan anymore i want it to be over.",suicide
257092,"[update to] I know how I’m going to do itI’d link my original post, but I don’t know how to. 


Anyway, I thought my research was well thought through – it wasn’t.


I’m adding 2 things to the mix.


First – anti-emetics (dopamine blockers), to make sure I don’t puke all that fucking shit (I’ve also made an inventory of everything (potentially lethal) that I’ve got.


And second – I’m not going to do it on that overhanging railing. There are just too many eyes, even at 3-4 am. That’s what sucks about living in the city. 


I’ve written my suicide notes – they’re not *just* password-protected, in case law enforcement wants to have a look at it – I’ve got a trusted friend who’d be able to unlock it with and only with their fingerprint.


I might not do this tonight, but I’m probably going to do so very soon.



The only reason I’m doing this is so that maybe whoever lives on after I do knows that I’m serious about this, and that it wasn’t an impulsive decision. 


My suicide note will explain more to the people who were in my life. 


Thank you, if you’re reading this.",suicide
257096,"Hey there, I need to share something with u guys I feel like I'm in a middle of an existential crisis I guess, may be vulnerable to depression bcoz my entrance exam is approaching &amp; I feel quite afraid to do this time, I mean I can't stop procrastinating about my past failures, &amp; it seems like my parents don't really acknowledge my small successes. Some of my teachers have been really mean to me &amp; predict that I might just fail in it. Things have been a bit tough for me for the past 2 years not able to perform according to my parent's expectations but I think talking to a community of similar age group might lighten up my heavy heart &amp; give me a head start towards my destination.

Anyways,

This community has encouraged me to get up from a downfall.

Thank u guyz.",non-suicide
257099,"Every once in a while, this subreddit gets one user who comments a lot They become easily identifiable mostly by those who sort in new. Current ply we have someone with the username u/megathiccc . I wonder who the next one will be",non-suicide
257100,"I was reading 1984 and no exaggeration, the main character talked about sex for 40 pages I’ve never been flexed on harder in my life, nevertheless by a fictional character.

Edit: to the dude who keeps giving me silvers, bruh.

Edit 2: Why tf am I getting wholesome award now? People you’re killing me

Edit 3: ... I’m just gonna shut up now wtf

Edit 4: ok this is bullshit I got a train award. I’m fucking dying

Edit 5: guys, stop it with the trains, seriously wtf why?",non-suicide
257106,Anyone wants to be friends with me lol. Im 18 Or we can have a short chat and just rant to me about whats going on in your life. We can talk about anything really. Im bored af so yeah hmu :),non-suicide
257107,"Music Vibes Day 2 I will tell you all like 10 songs I've been vibing to. If you want more, ask. If you want me to check something out, please say :3

Bigger Life - Cherry Poppin Daddies

Bad Reputation - Joan Jett

Run - Joji

Jimmy Neutron - Bbno$

Wish you Were Gay - Billie Eilish

Faint - Linkin Park

Fergalicious - Fergie

Monster - 21 Savage

Blues Clues - Shotgun Willy

Remedy for a Broken Heart - XXXTentacion

(BONUS SONG)

My Type - Saint Motel",non-suicide
257109,Mmmmm armpits And many other things that I'm too lazy to write​​​​​​ ​​​​​​​​ ​​​​​​​​​​​​​​​​​​​​ ​​​ ​​​​​ ​​​​​​​ ​​​,non-suicide
257113,Let's yeet me into the 🌞Adios my dudes I'm going to break down mentally and physically in about 7 minutes,suicide
257115,"I'll begin to blog on here before I end it on Christmas Eve.There was one person who got me through the worst of times. They stuck it through with me and I stuck it through with them. Our bond and connection never faltered because of how close we have been up until now. The achievements I made and happiness I thrived was a product of our bond, a true fruit of our labor. But now it's as if the work to cultivate that fruit is forgotten. In the matter of a few days, a relationship of 2 years was destroyed not by wrongdoing but by her simple choice. This holiday and this next decade is one of opportunity and growth. Without her I have none, so I have decided to end it on Christmas Eve with 10000mg of Benadryl and alcohol. A near painless death in sleep. My decision has been made and as I experience the raw pain every day until the 24th. I will express to the world my story.",suicide
257117,"Only redeemable quality.I'm trying so hard to not be so negative towards myself and I suppose it's working to some regard. Nothing really has changed in terms of my feelings and plans though. I still mess with the gun from time to time. I don't know - one step at a time I guess?

Anyway, one thing that I feel is essential to me still being here is getting stronger. I feel like that is my only redeemable quality - it's the only way I can *really* change how I look. Everything else about me if garbage - I've come to accept that. This is my only chance I have. If I can just get stronger then maybe my confidence and self-esteem can finally rise. Maybe I'll be good enough to talk to. Maybe I'll stop being so alone. It'll take hard work but I'm dedicated. I'm hoping if I sink enough effort into this and get on a routine going everyday after work I can change how I feel about myself. I don't know why I bothered to share this - I suppose to offer some support in that clinging to one thing can save you?",suicide
257120,"Yo....Don't really know if this sub will help or not....


Just feeling pretty shit. Diagnosed with BPD when I was 12.
Recently lost my mum, was in charge of her funeral. Been kicked out of my dads, living with my younger sister.
Had an argument with her a couple of hours ago, been feeling super shit and it's just getting worse. All ready SH'd. Pretty much wanna kms.

Don't really know what the point of this is, just guess I wanted to say, to leave a reason if I do.",suicide
257121,"Great... Just greatI was Soo close to doing something and my boyfriend came to drive me around... So I would calm down? What makes him think that when I get home things will be ""okay""? God this day could'nt possible be more frustrating...",suicide
257122,"It is time to goI am writing this here because I had to tell someone. I have everything I need and I will kill myself within the next few weeks.

I really tried to get help but there is no. I even checked myself in and was diagnosed for having heavy depressions and being suicidal. All they make me do there was weaving baskets, painting my feelings etc. There was some talking but they would only ask suggestive questions. 
The most degrading thing was when they showed my group pictures from a children's book and asking us suggestive questions about it. 

After 3 weeks I asked to leave because I couldn't stand being treated like a retard anymore. 

But now I understand and it was foolish of me to question the professionals. This was the only way to treat someone like me. Due to my condition I am a subhuman and have no value for society anymore. I have to accept this truth. 

Also I am a college dropout so even if I become healthy one day (but well I don't see how basked weaving will ever change my condition) there is no future for me. I am destined to be a burden for everyone.",suicide
257135,"My brother just made me cry I (14F) have my older brother (16M) who decided to be really fucking stupid. 

""Girls and women don't know anything"" and ""You need to ask men, not women"" 

So, I started crying. Like a lot. 

When he asked me why, I looked at him dead in the eyes and went ""I'm sorry, i'm sorry, you're just so fucking stupid.""

Needless to say he was pissed. And I literally cried because he was too stupid.",non-suicide
257136,comment for award what the title says filler filler filler,non-suicide
257139,I secretly wish I was in the GoT universe I’d love to have a pet dragon and name it Barbecue.,non-suicide
257140,"If i die, i want laura's theme from Silent Hill 2 to play at my funeral. Two days ago i've passed Silent hill 2: restless dreams on the original xbox. I am and i will catch the dog ending of the game. When i passed the game two days i started to become happy and cry, being a big silent hill fan, i want that song to play at my funeral. Peace out🤟🖖",non-suicide
257154,"How do I know I’m okay?I’ll start off by saying. I’ve had a shit year and half. I had my best friend get murdered, my cousin passed away from drowning, and my brother died from a heart attack. Since then I’ve been working so much to keep myself busy. During hunting season I went deer hunting with my cousins, when I walked through the wood I sat on a log. Looked out in the open and an image of me putting the rifle in my mouth and pulling the trigger popped in my head. It scared me immensely. I unloaded the gun and headed back to my side by side and laid down at the cabin and went to sleep. Since then I’ve told my family, girlfriend, and close friends what popped in my head. I worried that I was growing suicidal and it made me depressed. I went to a therapist and was told that many things like this happen to people everyday. Since I had those therapy lessons I felt better. 
That was 2 months ago. I haven’t had the thoughts since then. However, fast forward this week, they’ve came back but I’m not as scared of them as I was before. And they’re not as graphic. But regardless they put me on edge and make me irritated. Am I okay? Like I feel weird like I’m worried but not worried at the same time?",suicide
257155,"Everything any everybody is boring. But what I can’t comprehend, is not boring. That’s why I’ll most likely commit suicide soon
What is stopping me from committing suicide? I actually don’t have any reason not to commit suicide. I should. It’s not that I’m scarred, or don’t want to, it’s just that I haven’t.

I don’t want to die. I want to never have existed. There is no more reason for me to continue. People are fun sometimes but, after some time, they are boring. I’m boring. Life is boring. I want to know if heaven or hell exist, because those don’t sound boring. I want to know how much fun I can have.

There really is noting stopping me. I have nobody. They all died. I’m not even joking. So why? I’m looking for the answer. How to kill myself, without actually killing yourself? 

The world would be identical if I never existed, everybody who died would have died, everybody who lives would live. I am nothing, I have no purpose to anybody, and I’m not the reason for literally anything. You’ll read this, and scroll away, and forget in about 3 minutes. Or you’ll read this, message, then scroll away and forget in 5 minutes.

What I’m saying is, can anybody find me a reason to live? Because life, is boring. And nothing is fun. People get boring, I am boring, I’m bored. What can cure my boredom besides suicide?",suicide
257157,How easy would it be to end it all right now with codeine pillsI have roughly 450 mg of codeine in pills. I’m wondering if that’s enough to overdose. I really just want to end it all and be in peace.,suicide
257158,"Haha boomer Grandmother: don’t believe everything you see on the internet

Also grandmother: 5g causes coronavirus",non-suicide
257160,Dude I love my friends So we're on online learning. I was busy doing something personal that held priority to me. I was around 8 minutes late for my geometry class and I thought that I was screwed because hes a strict teacher. Of all periods right? When I show up to class I notice that I was marked present. Turns out my good friend tells the teacher that my power went out because of the weather were having where we live. Man just saved my ass and I didn't even ask him. True bro moment.,non-suicide
257161,Anyone else got realy bad anger issue i punch 7 hole in the dry wall. Who else can relate,non-suicide
257162,hey yall i need hlep y'all know any painless easy suicide methods that could be easily done,non-suicide
257187,"One of the many who fell throughFirst thing I do when I open my eyes to a new day is ask myself. ""Why the fuck am I still here?"" It used to be a small and grateful prayer. Now, I can't tell what is real anymore but then again I've never been real and no one seems to understand that. The scars on my arm only take me so far to forget and focus on the pain so that I can feel something. The pain is only temporary and I'm quickly immersed back into the pool of regret and sadness. This shit is not temporary if you've been dealing with this all of your life. These scars are not temporary. They're permanent. I'm one of the many who slipped through the cracks. Deep down, I know that no one cares. But who am I to expect anything more? (Psychiatrist, family, nonexistent friends, close circle? All are laughable. The voice in my head has been quiet so I guess it's better now than later... before it wake up and tries to talk me out of it.  To keep it simple: this life is overwhelming and I'm ready for the next one.",suicide
257189,"it’s all going to endmy mortality is crushing me. it’s like this existential anguish that is constantly building and crippling me. as soon as i have any emotional awareness all i feel is the panic of the knowledge that i’m going to die. it doesn’t matter what good things happen because i won’t get to keep any of them. i won’t remember any of them. my whole life and everything will cease to exist the second i die, so why should i go on living? there is no solution to this problem, only ignorance of it — when i die at least i will no longer worry about death. i want so badly to be offered some solution but i know that there isn’t one. i wish there was an afterlife or some promise of something after death but i know that there isn’t one. there’s nothing anyone can do and i don’t understand how other people can function with this knowledge. i can’t just put it off or not think about it because i know that when it happens, it will be in the present. at least if it’s suicide i will be in control until those final moments. i hate reality.",suicide
257190,"Effective tonight, I withdraw my consent to my continued existence.Effective tonight, I withdraw my consent to my continued existence.

&amp;#x200B;

I have called two different crisis lines explaining this, and was told that I was ""not ready to get help"".",suicide
257192,"I want to die, but I'm too much of a coward to do it myself.I've set up a great life for myself. I've won a lot of bullshit scholarships and gotten good internships, so I could probably go to a great grad school. But I fucking hate it. I've wanted to blow my brains out every single fucking day for the past year. 

I don't know what I'd do if I didn't go to grad school. I'd be destroying the life I've built up so far. I've won out the competition so many times when it turns out I didn't deserve any of it in the first place.

I want to die, but I'm too scared to actually do it. I just hope that a bus will hit me when I'm not looking or I'd just have an aneurysm while I'm asleep.

I've peaked, my life can't get objectively that much better, but I hate it. It's all downhill from here and can only get worse.",suicide
257207,It smells like onions in my car right now I don't like it,non-suicide
257208,"I finally asked my parents to let me go to therapy bros, gals, and pals, it's very good news :)",non-suicide
257211,"I want to do it, why can’t i?!?I want to kill myself. I have no reason to live. I am so fucking tired. I am just scared. Not of dying, that’s what I want. Of fucking it up, like i’ve fucked everything up in my life. I just want to go, I’m ready, I’m so tired. I wonder if enough alcohol would make me brave enough??",suicide
257212,"Even my own girlfriend doesn’t want meAfter being ghosted for months she agreeded to meet up then backed out twice, I guess no one really cares after all ",suicide
257213,"Will attempt suicide tomorrow(again)Well, i'm on a very shitty day again. Will attempt suicide by jumping in front of a train tomorrow. Since it's a 1 way shot, i would say i have 20% chance of actually overcoming my survival instinct and jumping just in time to be shred to pieces.

&amp;#x200B;

Sig, i hope this world burns some day and everyone that isn't suicidal or depressed manage to get fine in the end.",suicide
257214,"friend has been posting here, is killing himself right nowhi, i dont really use reddit so i hope this works, my friend has been posting here talking about killing himself, and I've been monitoring it. he just posted a while ago about jumping off of a building while on vacation and i have no idea what to do, seems like some of you might have experience with this stuff. he drugged himself up yesterday and wants to jump but he definitely won't get to the building. i think he might have a weapon. i dont want to call anyone and make this worse than it already is. what do i do??",suicide
257218,"this song is just too good bruh [https://www.youtube.com/watch?v=vdvXEhwrTaw](https://www.youtube.com/watch?v=vdvXEhwrTaw&amp;list=RDGMEM6ijAnFTG9nX1G-kbWBUCJAVM4rpUunWJ5_c&amp;index=3)

listen to it and shed a tear",non-suicide
257219,Yes I'm running for president For more info go to r/David_2020,non-suicide
257233,"respecting women is sexy i should know because i am, in fact, actually the definition of sexy.",non-suicide
257235,My teacher keeps using me as an example and I don't like it pls make her stop cuz idfk how to,non-suicide
257236,Whats with the white people(american) and fire thing? In all of reddit ive been seeing this. No im not from america thats why i wanna know.,non-suicide
257237,tw- self harm is there any way to self harm but not self harm? i don’t cut but i’m thinking about starting to and i need other options because i have a low pain tolerance,non-suicide
257239,"U make me wanna call in middle of Night .... U make me wanna hold you whole night

I know this isn't the feeling I just can fight...

You make me wanna surrender my soul.


I miss you...and you're gone .....for indefinitely long🥺😔",non-suicide
257249,"My O My MMD animation [https://www.reddit.com/user/DoorAMii/comments/jqi7xd/mmd\_video\_what\_do\_you\_think/](https://www.reddit.com/user/DoorAMii/comments/jqi7xd/mmd_video_what_do_you_think/)

do you guys like it?",non-suicide
257253,"(second) Quarantine Day 28: As I was having a mental breakdown while singing ""the final countdown"" in the hallway and wrapping myself in a blanket, I heard my mother talking loudly in a videocall in the next room to the people in her theater group about instruments made from dead bodies",non-suicide
257254,"After 17 years, I finally got a real girlfriend today. She’s literally so perfect I can’t even describe her. 

She’s the most loving person I’ve ever met and she just wants to do everything to make me happy. I don’t deserve her wtf. 

Someone punch the feelings out of me :,)",non-suicide
257256,I need someone to talk toI’ve been feeling suicidal for as long as I can remember and I just need a friend to talk to. ,suicide
257258,"You knowI just read the community guidelines (sorry mods it came late and I didn't receive the notification) god damn it listen people I genuinely care for everyone ok? I might not know you, but I care ok? I might sound idiotic but really I just want to help",suicide
257261,"I don't beleive in ""It Gets Better"" meme anymoresocial anxiety depression ocd and many other things and problems in life( i have 0 friends online,0 in real life) because i have very bad anxiety i can't replay to messages online, i don't get out from my room since when i was kid... 7 years of social anxiety and depression i don't enjoy anything any more nothing can make me happy,, doctors or meds or anything didn't help me

sometimes i wish i killed myself earlier than living like this it just keeps getting worse

 now i can't even kill myself anymore because i tried to fix some ""cheap chinese phone"" for someone from my family and now he have alot of porn ads and videos from Chinese viruses I didn't know that after i fixed his phone, he didn't have this problem before....

if i kill myself they will probably think I'm creep weirdo who was watching porn 24/24h now

FUCK why i always have this bad luck in life ",suicide
257262,"Dear r/teenagers, I need your advice again (gone serious) While my crush is still online, I have enough time to write confess to her all my feelings. On the other hand, I have the exactly amount of time to see some funky monkey videos on YouTube. So, at what thing I should spend my time?",non-suicide
257265,HELP ME PLEASE okay so i got many cam but i have no clue where to find funny snippets to play on the screen. someone please tell me where i can find them?,non-suicide
257266,"On a scale of 1-10 How old is your girlfriend 

For legal reasons and purposes this is a joke",non-suicide
257267,"so i just need to talk to someone about this so i had been dating this girl on and off for about six months and i just found out that she was making out with a guy that she told me not to worry about and was going to have sex with him. ik it shouldn’t hurt me or make me this upset seeing as we’re broken up but it just hurts so much and im so upset i feel like im about to throw up. this is the second time that a girl told me not to worry about a guy and then started dating them and stuff and i honestly feel like there’s something wrong with me. ik this is going to seem like bs or for karma but i honestly dont care i j dont have anyone to talk to about it and writing it out makes me feel a bit better about the situation. :((

thank you for listening&lt;3",non-suicide
257268,"Guess my aesthetic by my 3 favorite items in my room - 6ft unicorn plush 

- thigh high black socks 

- elephant pacifier",non-suicide
257269,about to try to get into twitter so oof i have a account so might as well use it lmao,non-suicide
257276,"I found Juan I live in Romania (we are latins, not slavic) , and I was looking at some news and it said: ""there is a picture of a horse from Cluj of a horse in the balcony of a flat. And every one loves that horse for no reason""",non-suicide
257277,REAL TALK POST WOOOO Share stories that are REAL TALK,non-suicide
257282,"I really think I should kill myself&gt;eczema on the fucking face

&gt;losing hair at 20

It was okay until my genetic inferiority was hidden. Now I have to display it on my face. Screw that. Nature wants me dead. I'm gay anyway so my genes mean nothing. I'm worthless and useless.

My plans are meaningless. Anything I do is inconsequential. Only beautiful people move the world.",suicide
257287,"I'll never be good enoughWhat the hell is so offputting about me that I have no one in my life who actually cares about me/loves me.. i have people who i love and care about but they don't give a shit about me and I'm tired of putting so much effort into people I know Don't appreciate or give a shit about it.. also feel like I ruined it with the guy I like, even though we still talk I just feel like he's the same as all the rest and doesn't really care about me either, and honestly if I were these people I would just stop talking to me all together because what's the point? I have nothing to offer. Not attractive, socially awkward, etc. Why should I live this cruel life just to die a cruel death anyway. I think imma just get it the hell over with and do a favor for everyone that I know.",suicide
257288,"Hopelessness is consuming and destroying me. NSFW.This is a long post. I apologize for that. I have depression, panic disorder (I have panic attacks very rarely), GAD (general anxiety disorder), obsessive compulsive disorder, and premenstrual dysphoric disorder (I think that I was officially diagnosed with it a little over a year ago). I’m on day twenty-six of my cycle. I’ve been thinking about my purpose in life. I think that it’s to help others, but I’m not sure anymore. I feel hopeless and worthless. My vagina is narrow, short, and tight. Most of the time, even when I’m aroused and lubricated, I can’t insert two of my fingers. When I slide one finger in most of the way, my vagina becomes extremely tight and it feels like my finger is going past something. It’s hard to explain, but it hurts. I feel angry and hopeless. In one way, I’m glad that my vagina is tight because it would please a partner. In another way, I’m enraged by the fact that someone would profit off of my pain and agony. I hate when people say that having a tight vagina is a good thing. I’ve had users flat out tell me that tighter is always better and that a tense vagina feels better. I’ve never been abused. Part of me is just disgusted by men because they want a “tight vagina” and they just want to profit off of their partner’s pain and suffering. It’s like what feels good for the man hurts the woman. I'm horrified that it won't go in, or if it does, it won't go in all of the way, and when it gets into the extremely tight part of my vagina, I'll have to stop him. I don't want to take the man's pleasure away and ruin the experience for him. I feel hopeless in all areas of my life. I wish that I could just go to sleep and never wake up. I have no plan to harm myself. I also have a question about this sub. If people feel borderline suicidal, they aren’t reported or punished, right? Thank you for reading my long post. I appreciate it. ",suicide
257289,"Thinking about ending it.This is going to be a long story, so if you don't feel like reading a lot then you are free to leave this thread. 

My whole life till i was 16 wasn't a shitty life. But because of my parents, my life was very restricted compared to other families. My parents are very religious and dont talk much with me about anything but about the eternal life after death, God, and my grades in School. I dont know if anybody can relate, but when all your parents do is ask you about your grades, (when they aren't talking about god) you feel like you don't mean much to them. Of course i know they love me, and i have a restricted life because of them being overprotective. But when they only talk about me having good grades, and scolding me when i get an average grade, then to me it feels like they aren't there to support me in times when i am down. Before i was 16 this was my life. Whenever i felt sad i had nobody to talk to about it. My parents never were the family to talk about these emotional problems and therefore it feels weird to talk about such things all of a sudden when it has been like this my whole life. I have a brother, but we aren't close, we rarely say anything but hi to each other. all of this made all of my dark days even darker than they should have been. I had nobody to talk to about the ''deep'' stuff and thats why i went into gaming. I played alot of games, i did this to escape the problems i had in real life. Outside the virtual world it was shit, and that's why i kept playing. When i was about 16 i met this girl. I had just switched schools, and had gotten into this new class. She was like Godsend, it wasn't love at first sight. We just connected on so many levels, as our personalities were similar. Long shory short, we got together, in a relationship. We had something going for a year, i was afraid of commitment so i didn't want to make it official, but i loved her so much so i confessed and we got together. It was the kind of love where your partner is your best friend AND also your lover. We made many great memories together, and she changed my world. We had then been together for 2 years, i am grateful for our time together, but we had many problems in our relationship. We were both jealous and it destroyed our time together. We had gone on-off on our relationship, breaking up and getting together again because we loved each other so much. But it didn't work, and in the end we broke up. The reason i am telling all of this is so you can tell how much i love her and how much she means to me. She was my whole world and whenever i had some problems with my parents or just whenever i felt sad about something, i would talk about it with her. She was my best friend and my lover. In our relationship something happened which destroyed me, she cheated on me. She didn't have sex or kiss him, but she had been physical with him and had betrayed my trust, which was as heartbreaking as kissing him would be. I saw that she was really sad about it, and had many regrets about it and said she would do anything to get me back. It made me take her back, and we repaired our relationship despite my future trust issues about her going to parties. I told her to delete that boy everywhere, be it instagram or facebook or whatever. I wanted to terminate any connection between them, as i obviously was mad, sad and felt betrayed. But she was my whole world, and i saw that she was really devastated about it, so i took her back. ALL went well! We had a great time and made many loveable memories together. A few months after the cheating incident we broke up, a normal and mature reason, we realised it won't work out as we have tried for along time but our jealousy could never stop, so we ended it. We agreed upon that we would respect each other and not do anything with the opposite sex for the next couple of weeks because it would destroy us both as we had been together for 2 years and we still loved each other. Oh well, 1 day after she added him on facebook AND texted him. I dont know what they wrote together as i dont want to invade her privacy and because it probably would rip me apart. I asked her why she had added him on social media everywhere RIGHT after we had broken up, and she just told me ''its just a facebook friend''. But i knew something was going on, my instincts told me something just wasn't right. But as we weren't together anymore, i couldn't make any demands, so i left it be. 2 weeks after i see her with him, at a party, holding him and kissing him and whatever, everything that i had done as her lover only 2 weeks ago! i couldn't take it, i talked to her about our agreement. You know the one about not doing anything with the opposite sex for the next couple of weeks as it would rip both me and her apart. I know our agreement might not have been a mature one, but it was something we had agreed upon and something we both wanted. I talked to her about the agreement and she told me she was devastated after losing me and needed someone to ''replace'' me, and she chose him because she knew he was interested in her.... It devastated me, that she couldn't respect how it would make me feel, that she broke our agreement, and that she chose HIM. The guy she had once cheated on me with!! it obviously ripped me apart and i cried everyday. And i told her, why it felt me sad. And she was understandable! So we made another agreement, i begged her to stop seeing him just for some time so i could cope with our breakup and all of this. So i could move on better. 2 weeks later, it was new years eve, i had a hunch something was going on, so i called her, i asked her if she was with him. And she lied at first,telling me she wasn't, but then she said '' yeh i am, and i broke our agreement because i shouldn't think about you any longer''. She had then kissed him at that new years eve party and probably had sex orwhatever with him. Obviously we weren't together anymore, and as i said i couldn't make any demands. I could only tell her how sad it made me. That was 15 days ago, i had a shitty new years, i read some subreddits about time healing everything but i dont feel slightly better at all. I feel as shitty as the day we broke up, which as about a 6 weeks ago. I have nobody to talk about, i have been harming myself in many ways, drugs, pills, cutting. But i am too much of a pussy to leave this life behind as i am only 18 years old. I have nobody to talk to about it, as my male friends arent the type to talk deep shit about. And my family never has been an option to talk about that stuff. I had been suicidal before her, but it wasn't bad, as i always would resort to playing videogames and escaping my problems. But now i can't even do that. I have NEVER felt like this before. I feel both physically and emotionally destroyed. I am on the verge of crying every second every day, but i don't as i put on a facade to mask my problems and not make my family and friends worry about me. I dont enjoy anything anymore, i have no energy left, i can't even play games to escape it anymore as i cant even enjoy it. I feel empty, hopeless, without purpose, as my life-purpose for 2 years had been making her happy and feel like the most special human being on earth. I dont know what to do with myself, i am restless, i cant even go for a walk without crying. I cant sleep, eat properly, i constantly have the thought of her naked being fucked by this dude she is constantly with right now. I am emotionally fucked, and while i have been told that time will heal all things, it really isn't helping me at all right now. The worse time of the day are the nights and mornings. I can't sleep at night as i am alone in bed with my thoughts, and that is why i cry every night and always think about how i have been replaced. How ugly i am compared to him. What i could have done better to have kept her. How much i hate myself. How disgusting it is to see her kiss him, and imagining them having sex together. I would have been much better off if she had chosen someone else, but she chose HIM. I feel like i have an empty hole in my heart, every fucking second. It isnt getting worse, but it isnt getting better either. Emptiness, self-loathing, self-hatred, i feel so fucking ugly, betrayed and the loneliness is killing me every day. I don't think i'll ever get the balls to physically kill myself, but i do THINK about it everyday. I have just resorted to thinking ''hey thats part of life, and many people have it worse than me'' to motivate myself, but it isnt helping much. I know why i feel this way, it is because i have lost the most important person in my life, my best friend AND my love, and i have lost her in a matter of days to the guy whom she cheated on me with. But what i need is advice to move on or deal with it somehow, as i cant go on living like this. I feel like im living in deep black pit, i cant climb out of, and the walls are moving further inside, suffocating me. I feel drowned in negative emotions and it is affecting my friends and schoolwork and of course my health as i cant even enjoy the simplest of things. To cheer me up i watch comedy movies but this is only a temporary method as it lasts about 1 hour before i feel like shit again because there is a kissing scene in the movie. For christ sake i can't even get horny and masturbate without thinking about HER. Feel free to comment whatever you like and im sorry for the long text. My first language isn't english either so please dont hate on my grammar.",suicide
257290,"I want to kill myself every single day. I'm in middle school. Please help.I've been thinking extreme suicidal thoughts since I was in fifth grade. Even back in first grade I was thinking of ways to kill myself, even having to hold myself back from jumping off the bridge into the creek, even if I didn't know why at the time. It feels like the end of the world when someone so much as gets slightly angry at me. I have no reason to live and no redeeming qualities. Somebody please help. I don't know how much lomger I can go on. I'm only still here because I'm a coward and I don't want to inconvenience my theater group by killing one of their lead actors. I don't know what to do.",suicide
257293,might have gotten a job after 3 months of applying i’m scared bc it’s virtual but i have to meet them in person at starbucks and i am scared bc i am a girl and don’t want to be found in a dumpster.,non-suicide
257294,Bois its happening So my girlfriend want to step up and u know do it I dont know what to do lol,non-suicide
257318,"Does anyone want to talk?I'm not in such a hot mood tonight. I relapsed today and self harmed for the first time in 2016, when I couldn't handle all my anxiety and depressed thoughts anymore. It definitely didn't make me feel any better.

Honestly I don't really feel the need to vent about all my glorious problems, because I know in the end it will probably only make me feel worse. There's nothing I can do. I can't even end it because I don't have the means to.

I'd really like a distraction from everything I'm feeling right now. Does anyone want to chat? About anything.

I'm really into music, I'm passionate about singing and always have been. My tastes are a little all over the place. Lately I've been listening to mostly softer alternative stuff that fits the Fall vibe. I also play piano and the ukulele, both self taught.

Like anyone else these days, I love video games. Some of my fave are tlou, bioshock, twd, fable and fallout. The only game I play absolutely every day is acnl though. 

I'm also a big nerd. I love Harry Potter more than life, reading the series over and over again has really gotten me through some tough times. I like to write, but I haven't been inspired at all lately. 

I'd love to hear about anyone's day, week, even months - good things that have happened, funny stories. Opinions on music, books and games. I don't know. I just feel really lonely tonight and I don't want to keep overthinking everything. Thanks for reading.",suicide
257322,"Nothing I do is ever good enoughI don't plan on harming/killing myself or anyone, in fact I don't like physical pain. If there was a way I can switch my soul with someone who died unwillingly, to let them live their life to their fullest in my body, then I'd do so in a heartbeat. But unfortunately life's not like that.

&amp;#x200B;

Anyways, I'm 26, Filipina, and for the most part I'm a NEET. I graduated from art college 4-5 years ago with no thorough career goals and ambitions still, although my program was aimed to work in the film, animation, and/or game industry. I was diagnosed with Pervasive Developmental Disorder as a little kid (I'm on the autism spectrum), and it wasn't until 2017 that I was assessed at a hospital for anxiety and depression. The anxiety didn't surprise me, but I didn't even know that I had depression until that year.

&amp;#x200B;

Sorry if this gets too long, I'll try to make it short as possible, but it feels like nothing I do is ever good enough. I do take responsibility in the fact that my eating habits, sleeping habits, lack of physical activity, overuse of computer/phone time, procrastination, PMO, bad time management, etc. has contributed a lot to my current situation. I don't blame anyone at all with why I am the way I am. I try to be optimistic and tell myself that it's realistically going to take some time after developing these bad habits for like 10+ years, but even then... it feels like nothing I do or think is good enough.

&amp;#x200B;

I went to CBT group therapy in 2017. I had some part time and volunteer jobs like an art instructor, retail (cashier, seasonal Christmas work), receptionist/office admin. I'm currently volunteering at my church's tech team. I'm part of a small group, go talk to and hang out with friends occassionally, and am currently seeing a counselor at my church on a weekly basis. I tried taking antidepressants (Zoloft) at the beginning of this month for 2 days, out of the guilt that I wasn't doing enough to get better (back in 2017 I rejected getting on meds), but Zoloft, even on 50mg, was personally too much for me that I had to stop on the 2nd day. Never in my life have I experienced restlessness, insomnia, loss of apetite, shaking/tremors that was starting to get difficult to control at times (as in, just lying in bed but your teeth start chattering when you relax, or your arms moving at its own will when you relax them), and cooler body temperature change (hypothermia?). It was like experiencing the physical symptoms of anxiety when I never really had that before taking the meds. Reading upon the prolonged use of Zoloft terrified me so bad that I wanted to go to the ER. And it wasn't until recently that I started to become more open about my problems to my parents and a few friends and the people in another women's small group church event that I'm part of, but even then, I feel like a burden and am wasting so much of everyone's time. I cried all day today and my parents say that I'm not a burden and prayed for me, even though I told them I hate myself and think that my existence is a waste.

&amp;#x200B;

I try to be positive and optimistic about my future, but I just feel like it's all a mask and I'm just trying to think of these things when really, I think I'm lying to myself. I feel like a burden when I used to work at the mall because I couldn't calculate cash fast enough in my mind and felt incapable compared to my other coworkers. I know for sure I can't have a job that's reliant on the phone 'cause I have a difficult time retaining information verbally/am forgetful and had a hard time manging multiple phone calls. I'm a bit physically slow and my motor skills aren't the greatest (I'm slower at washing the dishes, so imagine me being so slow when the sink is full at home). I even feel guilty about even claiming I have autism despite the diagnosis 'cause I don't look or act like it in real life, but then I would look dumb trying to complete the same physical task in comparison to someone not on the spectrum. I'm even so tempted to delete this entire post right now because I'm probably being dramatic, seeking attention, can't suck it up and move on.

&amp;#x200B;

I'm trying to figure out my career direction, but I'm so fixated on the problem no matter how much I research and try out a bunch of different things. I feel like I'm always on someone's watch and have to fill people's expectations in a certain timeframe. To live on my own by now, to drive and have my own car by now, to have a career with full benefits by now. People say that it's good to go out, but I dread having family, friends, and even my hairstylist ask the ""are you working?"" question. That in order to not disappoint others, I tell them I'm planning to do this or do that, when really, I'm depressed behind the scenes, knowing not everyone is going to take the mental illness answer seriously. And at this point, I don't want to take up a random job just for the sake of a job. I did that already, most of them weren't great fits for me, in fact the teaching one is why I wanted to go to anxiety therapy in the first place since I feared going back there each week and sparked my anxiety up so high. If I'm unemployed and tried taking the meds and am seeing a church counselor, I'm still not doing enough. If I'm volunteering or doing a part time/contract job, I'm still not good enough 'cause it's not a full time job. What the hell am I supposed to do?! Am I complaining too much?! Am I making too many excuses?! Am I self pitying, even though people tell you not to keep it all in?!?! I overthink so much that I seriously cannot tell anymore.

&amp;#x200B;

I haven't even really created art in more than a year, but even back in elementary school, I cried about how imperfect my art was. It's easier when I'm in school, but usually I don't know what it's like to simply create art without the negative thoughts. It's like it's something I can do, but am never happy with. I'm just so behind in life compared to others... I don't have much to show for in the past 4-5 years and it's humiliating and degrading. I hate being thin skinned and wish I was less affected emotionally by the people and environment around me. Most of the time, it feels like I don't live in my body. I don't usually know what it's like to live in the present 'cause I'm so stuck inside my head. 

&amp;#x200B;

I don't want to die, but sometimes I wonder if someone like me will be able to live independently and get married and be better. I'm absolutely terrified that one of these days, it'll get so bad that even when I say I won't and don't plan to, I'll actually end up hurting myself.",suicide
257323,"Can't deal with the abuse anymoreI live with an abusive mother who has been emotionally abusing me for nearly 30 years. She has her golden child, my sister, who could never do any wrong, even if she was angering me to the point of retaliation.

I just escaped an abusive marriage, and was forced to move back home, even though I knew it meant going back to my abusive mother. I hoped she'd changed. She hasn't. I was here for a week before the abuse started all over again. And now, she's actually trained as a bodyguard, and can use the threat of real violence to abuse me.

I don't have anywhere else to go, so there's no escaping it. The two people who were the reasons I haven't yet tried to kill myself are becoming less of an incentive not to. They haven't changed - I have, and I can't tell them how I feel - I don't want to burden them with that knowledge. They have their own problems, and one is emotionally fragile too right now. I know if I tell the other one, he will tell my mother. My mother didn't believe me in my teenage years when I was diagnosed with depression. She'll say I'm just being melodramatic and trying to manipulate her - the world is all about her, and damn everyone else who ever disagrees with her.

I can't go to a psychiatrist - because if they do talk me out of suicide this time, it's going to impact my transition from female assigned at birth to male later.

I don't know what to do.",suicide
257328,"where'd my bff go? bro I miss my bff commenting on everything I post, it sucks when they inactive",non-suicide
257329,"What's a good alternative to instagram to post art online? I posted art on instagram for a year or so, then I had to take a break for my mental health. The thing is that I really want to post again because I miss it, but instagram's new algorithm is really bad and people have been losing followers everytime they post. Lots of artists are taking breaks, or even leaving the platform. Reddit is a nice place, but I won't really get a following there. Any idea where I could post?",non-suicide
257331,"Men's day is fucking bullshit and people who think it's ""true equality"" completely misunderstand the point of women's Day (I'm a guy) Wanted to post here because this is a very reddity example of Reddit (not an insult), and Reddit got very mad when their little misogyny party wasn't aknowleged by Google, so let's have some nice friendly discussion shall we

Can't wait for the downvote storm I'm gonna get for this",non-suicide
257334,"Anyone want to join the Kool Kids klub  join the Kool Kids klub. 

come on the K.K.K",non-suicide
257337,"I’m within single day driving distance of basically everything west of New Mexico Also southern British Columbia and a good portion of northern Mexico 

Driving distance basically means under 16 hours of continuous driving 

Yet somehow the furthest east and south I’ve been is Los Angeles, and the farthest north I’ve been is Vancouver Washington",non-suicide
257338,"Beware of catfish My mates been speaking to this girl on Instagram for weeks now , and never shuts up about her .

Recently she apparently convinced him too send her a lewd pic , and she’s now screenshotted and is threatening to send it to everyone that follows him ( including me , I don’t really wanna see my best mates pics lol ) unless he pays money 

He’s worried sick that even if he pays the money she / he will still expose him 

What can I do to help him out ? Coming on here was the only thing I could think off .  If a couple people reported it would the accounts shut down or does it not work like that ?

The accounts x_daisy987",non-suicide
257340,Where can I buy juggernaut armour? Asking for a friend,non-suicide
257354,I miss her So my ex broke up with me about a month ago and at first I was pissed but now I miss her. I wanna talk to her again but she’s not responding to anything. Idk I’m just really confused right now and I feel like I’m not myself lately. I’m always tired and every now and then I just get hit with an extreme amount of sadness. I’m not seeking Attention I just needed to get this out there because I have no one to talk to.,non-suicide
257355,"Straight people are weird Imagine putting your penis in a vagina.

I can’t relate.",non-suicide
257362,"Pardon me lady, but can I get a... Can I get a booty pic with your panties on and one without them on? Can I also get 3 different pics of your boobs any position. Also, can i get just a normal pic or your pussy from the front and one where it's spread a bit open. Can i get a picture of you fingering yourself? Can i get a pic of your pussy and ass from behind in one shot? Can i also get a pic your full front body in just your bra and panties? And can I get a pic of your ass while your panties are all up? Can I also get a pic of your boobs while you're in the shower? For the rest of the pics can you just send whatever sexy things you want?",non-suicide
257364,THEY BANNED THE HELLO BOT 😡😡🤬🤬🤬 Justice for hello bot,non-suicide
257365,"My friend has an eating disorder and I don't know how to help Hey, so my friend has an eating disorder and barely eats, and when they do, they try to throw it back up.

I've tried to help them by telling them the risks but they're obsessed with wanting to lose weight even though their body is at the limit and they won't listen to me. I've tried to convince them to get a therapist but they won't listen.

I've tried to contact their parents but their parents are absolute shit and don't give a shit about them. I'm genuinely worried about my friend and idk what to do. 

Do you have any tips/any ways to try and help me to help them?",non-suicide
257367,"I feel like I'm losing my ""teenager spirit"" because I simply don't have the energy to play video games watch movies anymore I'm 19, yup, not a teen for long :( I used to play videogames four or five hours straight, every single day. Or watch a 10h Netflix season in one day. Not a problem at all. 

Nowadays, I don't have the motivation to play a videogame for longer than an hour and I can't finish a single movie. I started watching John Wick 2 three hours ago and I'm at the 20min mark. Yeah. 

I genuinely wish I could get that no-life teen spirit back because I've recently preordered a PS5 and accidentally bought a year of PS Now (mistook it for PS+) and I have 14 unfinished Netflix series. Sad times.",non-suicide
257368,"Laying in bed crying like usual. Pain sucks. This road trip called life is a lot harder than I thought to drive. Anyone in their twenties wanna chat?It's been an incredibly dangerous and terrifying road I've traveled over my 23 years. 

Not many people understand the traveling I've done, how many road blocks I had to get through. That I'm driving down this road with a consistent flat tire with ppl saying I should be able to drive on it or fix the tire myself. But I can't; I'm stuck in the front seat with no energy, motivation, or even ability to get out and fix it. And even if I could I don't have a spare tire!! The engine is kinking out and my steering is becoming out of control. Wish I had a partner in my shotgun seat to go down this journey with me. Telling stories of our mental 'road trips' and how we're still driving despite the fact we kinda just want to drive the car into a tree or over a cliff, maybe connecting on something deeper where love can triumph our suffering and we can find a better road to drive on together.

That metaphor just came into my head, what do you guys think of it?  Do you relate? 

I'd love to chat to some people near my age, no one my age gets this life of pain and dealing with suicidal thoughts. Hell maybe we can be pain buddies and see where that goes. ",suicide
257369,"Self harm and me- with suicide makes three.I don’t like to talk about my self harm much in anything more than a dismissive way, but as the nights get longer and the shadows in my life grown darker it’s been consuming me again and I’ve become overwhelmed by the question of /why/ I do it. 

My journey alongside it has been a long one. Some could even say I started young. 
I used to bruise myself with a hammer when I was 8. Because I could hide those easily and eventually they would fade. I hated to see them go. I didn’t like to forget the lessons I tried to teach myself in blue and black. 
I needed to hurt more…

So at 14 I went through a stage of stitching embroidery thread into my skin. Always in the shape of hearts. I decided if I was to be alone, then these would be marks of me trying to love myself. But that wasn’t enough, and I quickly began to become shaped by the world around and reactive to the way people treated me. Don’t show emotion. Help others. Always be available. Don’t complain when you’re unhappy. Others have it worse than you. Selfish. Needles through skin hurt, but the pain never lasted, and neither did love the burning hearts tried to represent. 
I needed to hurt more…

Then came the cutting, taking on a crueler twist by the time I turned 16. The result had been nothing more than scratches when I was 12, but before long, every easily concealable place was covered. Wrist. Shoulders. Stomach. Sides. Thighs. 
It was widespread. But it wasn’t serious. Nothing that left ‘real’ scars. 
I needed to hurt more…

So I found comfort in the dancing fire that sprung from lighters and matches alike. Though I myself did not smoke, I always had cigarettes on my person. The small circles of anguish they left behind were too good to give up. I must have been the only teenager I knew that used cigarettes as a cover for something even more unacceptable and sinister, but the pain was fleeting, and even burns heal.
I needed to hurt more…

By 18 I had found a certain beauty in the force you could use to press down on a blade. I could, and did with pleasure, pierce veins and tear through capillaries with hatred and disdain. I could quite happily reach the subcutaneous fat layer without even a flinch. This time it did leave scars. Many.
Even still, I needed to hurt more…

So now here I am. At 23. And the journey is far from over. When nights are very dark, I have even broken bones. In my fingers and toes. Can you even comprehend the level of hatred one has to feel towards themselves in order to break their own bones? 

I thought it would be the best pain I could cause myself, for I knew I needed to hurt to the superlative.

It’s almost sad really. Sometimes I think about that little 8 year old version of me, hammer in hand, and I find it hard to hate her as much as I hate what she has become. 
So as for why I self harm… I guess my view of myself is so low that I feel it necessary to both punish myself for living in spite of knowing I don’t deserve to be here, and also out of guilt for even wanting to kill myself when so many people would do anything to live my life out for me. 

I hurt myself to keep myself alive. I can’t commit the ultimate act of self destruction, so I have to inflict pain as severely as possible. Because only then do I seem to be able to live with the overwhelming guilt I feel for staying alive and burdening people by breathing and such. 
I must be a very difficult person to be around. I wish they would just let me go, because I feel a step closer to suicide every day. ",suicide
257372,"Change my mindThis entire subreddit is filled with people that are craving for attention and validation using their self diagnosed ”depression” as an excuse to post here. 
Ironically, this sub makes me wanna kms",suicide
257377,15th birthday! It’s my birthday yay! I’m 15 now sweet. First day of in person school as well. I hope I don’t get corona.,non-suicide
257379,"Out if 75 people, the chance that 2 of them have the same birthday is 99.97%. Can we test it out guys. Just comment your birthday",non-suicide
257394,"I am an assholeI may be overreacting but I'm feeling really guilty for a thing that I have done and it only hurt me thankfully, but coming back and seeing the responses it is clear that it's all my fault, and sometimes I think about the future and how I'm a failure at everything I do, and I can see I will never succeed at anything, no one takes me seriously and I'll I want is to be dead. I wish I could have the strength to end it all already, but I'm pretty sure the courage I need isn't too far. I'm sorry if this is messy, I'm not really in a good place right now",suicide
257395,"I don’t really have any reason left to live [19F]
I’ve been sad for so long now. But no matter how hard I try, I can’t figure out why. I have a good home life. I don’t get bullied. I don’t have “struggles”. I’m just not happy. I started cutting when I was 13 and for a while, I was able to hide it.  Unfortunately, I wasn’t careful enough and my parents found out. Needless to say, they were upset. My dad got mad and my mom got worried. They put me in therapy and all I can think about is the fact that they’re spending money on me all because I’m too weak to deal with problems like everyone else. I’m still on their insurance so all the medicine that I’m on, comes out of their paycheck. 

I’m such a burden to every single person around me. I lose friends because I isolate myself and eventually they give up trying to help me. Then, I have the nerve to feel sorry for myself. Im the reason I’m lonely. I’m the one who’s a burden to others. Why should I be allowed to wallow in my own self pity?

I’ve started talking to this guy who’s so fucking sweet and he’s always there for me. He struggles with depression as well. The difference however, is that his dad passed away three years ago.  He’s actually dealt with bad shit and he’s putting things aside to help me. 

I’m home from my first year in college and honestly I think that was the first time I realized how much it physically hurts to be lonely. I only made one friend the entire year and back in November, she tried to kill herself. I was so worried about her and I feel so selfish because I was scared that if I lost her, I’d lose my only friend. 

I don’t understand why anybody cares for me. I don’t get it. I’m not worth it and any time people put into me is really just a wast of their time. I’m selfish and worthless and needy. I just hate myself so much and I can’t stand the thought of being a burden to people. 

I feel so selfish. I take people’s time. I take their energy. I’m an absolute wast of space. I don’t deserve to be alive. 

I don’t know why I can’t fix myself. I don’t know what my purpose is. I don’t even think I have one. I don’t think I’m gonna kill myself because I don’t have the guts to do it. But fuck. Sometimes I wish I would just keel over and die. No pain. No conflict about whether or not I should. No fear of doing it wrong. No one to be mad at me for being selfish. I’d just be gone. Not a burden to anyone. It would be so much easier that way.",suicide
257396,"I SURRENDERI'm tired. I'm tired of everything in life. I'm an adult who has been severely depressed for the past 4-5 years or so. I CAN'T FEEL ANYTHING GOOD!!! I can just feel the bad things. I don't have any self confidence, I don't any friends. I struggle making friends. Words don't work on me! I don't know why!!
My family is under a lot of stress all the freaking time! I can't and don't want to approach them because I know how much pressure they have financially. I mean like we owe $100000 or even more to a lot of people. I'm just an adult who doesn't know how am I supposed to pay it back quickly because it's just too much pressure and I want to save my family from this burden but the interest is killing me when we're not able to pay the amount of debt to someone. Also, I'm from a developing country like India and Pakistan so like 1 dollar is equal to like 75 bucks here. I don't how how am I supposed to pay off the debt. How am I supposed to get out of this soul sucking depression and actually feel something good for once? How am I supposed to live when I can't even afford to consult a psychiatrist for my condition when I feel like life has just been killing me forever. Even if I work hard and get over my depression and start paying off all the debt, it will take almost 40 years of my life to do that and I don't know if I will burnout and go crazy and become depressed again or not. I NEED HELP. Dying is just way too much work and I'm actually scared of death and snakes. I just want all this to end and my family free!!!! I can't even get motivated to do things. It exhausts me so much!!!! I'm done letting life do this to me and my family. Please someone help. Guide me somewhere at least!! I don't want to see my family like this. 

I SURRENDER.",suicide
257404,Just checking to see if I’m unbanned I got mad at someone for stealing my bagel,non-suicide
257406,"Change my mind Theres nothing better than playing GTA Vice City, driving on the Ocean Beach and listening on FlashFM to Billie Jean",non-suicide
257408,Does anyone want to talk? I'm currently not very good at talking to people so I might need some practice,non-suicide
257410,"Want to die tell me why I shouldnt.Out of shape. Virgin. Never been kissed. Not as cool, funny, good looking, smart, or motivated as any of my friends/family. I dont enjoy anything. Idk where im going in life. Whats the fucking point. Someone tell me what the point is in being here I truly do not know. ",suicide
257411,"I have a thing coming up that I'm not prepared for. I will suffer abuse if I didn't do it.my family hates me. I have no really close friends that care about me; they only call when they need a favor or homework done. my cousins from my dad's side are way older than me and don't even recognize me when walking the same street, my cousins from my mom's side hate me because of a family beef, my uncles promised that if I didn't get 99% in my exams they're going to beat me in the streets of my country humiliating me (happened to my cousins) and they are going to make me naked while doing it. I was preparing all year for those exams, but since quarantine I just can't. I used to study at the local library and it closed and never opened since quarantine started. I can't prepare for the exams I've been studying for from a year and 3 months ago. and I don't think I can score a 99% or above.

&amp;#x200B;

 in middle eastern countries, those exams will define your life. they are called ""the fate exams"". they'll whether you'll live comfortably or horribly. I got depressed and had suicidal thoughts and attempted suicide three times. it started three years ago. and I challenged them and studied the hardest I can. one attempt was after one of my uncles beat me like an animal in my own house and spit on my face and called me names and accused me of doing horrible stuff. I can't do anything about it. I try to cry but I can't shed a single tear except if it was a fucking tv show that I feel more real and connected to than watching in than my life with my abusive family. I feel numb and I have felt like that for two or three years. 

&amp;#x200B;

in third world countries, mental illnesses are a shame (especially with the older generations like my dad's relatives). I can't go to a public hospital because I have relatives there and I can't go private because I have no money.

&amp;#x200B;

exams are a few days away, and I'm really considering doing it. i can't take that pressure. I don't think I can score a 99% or above and I can't be humiliated like that. death is the best option for me. I really don't know what to do.

&amp;#x200B;

I have a family member (my sister) in Europe and I love her. she is the only person to ever love me. I can't do it because I don't want to make her feel horrible. my other sisters call my uncles and make up shit about me, so that I'd get beaten up, spat on, humiliated, etc. they fucking hate me and they always say that they wish I was dead. I always cried when I was younger, but now I can't.

&amp;#x200B;

I might seem happy if you compare my previous posts with this, but I was making a character. a person that I wish I can be in real life. I try to be active as much as I can here because it feels more real here than my life. I'm sick and tired of pretending everything is ok. I want to fucking die. I can't take such pressure.

&amp;#x200B;

I feel disconnected from reality. I feel like I'm watching a movie that I can't leave. I can't face my problems. I'm a fucking pussy. I didn't even fucking shed a tear while making this post. it feels like I'm more than one person in the same fat body. I do actions and do things and I feel like I'm not the one in control. I can't take all of this.

&amp;#x200B;

this is my second cry for help (I visited a psychiatrist and spent a lot of money there, got myself anti depressants, used a few, my family found them and tossed them in the garbage because they are for the crazy and they'll make me addicted.) I'm sorry this us a lot to read, but there's so much shit I've been going through. reddit is doubling that down for me.

&amp;#x200B;

I can't leave my family. in the middle east you live with your family until you marry. I can't escape because I can't live on the streets. I fucking hate myself and I just want to have a rest. just for it all to go away. I just can't handle it. in a month or so I'll be in the street, like an animal, getting beaten, spat on, naked, humiliated in front of the whole world. I just can't.",suicide
257412,"No point in staying aliveI don't see the point in life anymore. I don't really have anyone. My family doesn't care about me (they're emotionally abusive/neglectful). My best friend is locked up in an RTC and I know she'd rather be with her boyfriend than me anyways. (She's called him 3 times, on the days she promised me she would call me, and never ended up calling me.) My ex is the only person I ever opened up to and she left too. I lasted two days without her before I tried (and failed) to overdose. I don't feel like I can go back to school just to face my ex ignoring me and deal with having nobody to talk to. 

I'm in a different city for a festival, and the bridge I've always planned to jump off of is less than 5 miles away. I didn't come for the festival, I came because the bridge is here and jumping has a higher chance of killing me than pills.. 

My death wouldn't really affect anyone so I don't know why I shouldn't. Knowing me, I'll probably wuss out. I do know I'd regret it if I jumped, but four seconds isn't very long to think about it. But I also know that if I don't jump, I'll regret it later.

I don't see any point in being alive anymore. I just don't. ",suicide
257414,"Today I gave up. I'm just lying in bed right now taking pills until I become unconscious.I think I may be trying to commit suicide ""accidentally"".  Yesterday I was actively trying to be hopeful and expended a lot of energy all day trying to beat back toxic anxious thoughts. I was reading ""The Power of Positive Thinking"", saying affirmations, and praying incessantly.  

Then I went to an AA meeting last night and it was so depressing.  Everyone seemed crazy, uneducated, and like they weren't going anywhere in life.  I felt like, ""Oh My God, I've become one of these people"" and from there my mood dropped so low I could barely type two sentences when trying to respond to a message in my inbox from another post.  Has anyone ever gone to an AA meeting and gotten depressed from it like this?  

Now I'm just laying in bed trying to sedate myself into unconsciousness but it's not safe. ",suicide
257428,"What should I buy my dad, as he's turning 40 tomorrow? I wanna get him a present. Never got him one, and I'm 18. Any ideas? Thanks!",non-suicide
257429,new sub logo cool,non-suicide
257430,"Been on fire lately that I got reddit premium free, thank yall for the support y’all some real1s ☝🏽☝🏽fucks with yall",non-suicide
257440,"Among Us on switch isn't worth it. 😔 N it only do you have to have an online membership, but you also have to pay $5 for it. Not only that, but they don't even have in game voice chat. You have to use the Nintendo Switch voice chat.

TL;DR, Just get it on mobile.",non-suicide
257441,My German Shepherd https://imgur.com/a/Y4fln6D,non-suicide
257442,"What’s up fellow GAYMERS, welcome back to the VLOG It’s 5:43 help",non-suicide
257443,"I just got a message asking me why am I still alive.I never thought I would post here, the thought of it just depresses me more.

Ever since senior middle school, I was heavily bullied by a few of my friends. At first, I thought it was just to annoy me, and I shrugged it off. But, it got more severe. It wasn't physically bullying, it was psychologically. I could hear them calling me names behind my back, telling me how dumb I fucking was, and how much they're not friends with me anymore. (They used to be cool with me, I don't know what happened.)

Then, my class went on a trip. (it was like 30 people or so) I couldn't take it anymore. I decided to cry myself in my room instead of mingling with my friends. I thought, this is it. I'm gonna do it when I go back, don't wanna mess up the hotel sheets. Then my friend, who stayed in the same room, came up and talked to me. During our talk, I realised that people do cared about me, I remembered that I would have friends and families that I would left behind if I do it now. And so, I didn't. I owe it big time to him.

Now, it's junior high school. I've cut ties with all my bullies. I even got kicked from the group chat online, so I don't have to do it myself. I repressed my suicidal thoughts by being with my new friends, playing games, developing my hobbies, and meditating. It was going great of course, but the stress from schoolwork didn't really help my mental health.

Then, it came. The message. It came from one of the bully clique members. I woke up at 3 AM to read this message. It reads 'Why are you still alive?'. It wasn't the exact message, but it's translated, so It's close enough to the meaning of it.

I can't believe it. I've tried to forget these bozos. Wipe them off of my memories. And here came one of them, strolling by and telling me why the fuck am I still in these godforsaken Earth instead of sliding my wrists and saying goodbye. Then she add one more message, 'Dare'. These people had the *balls* to toy with my **fucking** emotions. One of them, one of them still knows that I'm psychologically suicidal. This isn't a fucking joke anymore. They just messaged me this fucking *threat* and just shrugged it off as **A FUCKING DARE**

It's 4 AM here, I can't go back to sleep. I don't know who to talk to, I'm afraid my mother would shrugged it of because it's just a dare, friends being friends. It's school today, so maybe I could talk to one of my friends. But then again, we would be talking about the mountain of schoolwork we have to do. But, I'm thinking about telling my mother, at least she could help me with my depression. I never told her about my condition.

My heart is filled of what I assume is anxiety. My depression is kicking in again. Maybe I should continue writing my novel to distract myself, hiding away from my problems, that's my specialty.

Sorry for this. I know that no one would read my post. I'm gonna go fucking cry inside now while writing my shitty novel.

Edit: I'm reading through some of the things that posted here, I felt that these people actually have *real* problems and that I'm being an impostor. My problem isn't real, people have had it worse than me. I should just walk it off, and try to not make this problem any bigger.",suicide
257445,"I can't do this anymoreI've just had enough. I don't feel that I'm in control of my life anymore. I've had suicidal thoughts for a long time now, maybe 6 or 7 years now. I've never acted on it seriously but I just can't do this anymore. I don't even really know why I'm posting this. I don't have the guts to do this sober, so I picked up a bunch of beer. I always told myself that this would be a decision I made sober, and you know what? It was. I just can't follow through with it in that state. I've always worried about how my mom will take it more than anything. Deep down she is a strong woman and I know she will get through it. I have a fiancée now, but she will get through this too. I was held back by the thought that if I did it, she would too but she will be able to get through this. She confirmed that when I kind of brought it up a while ago. I've spent a lot of my life worrying about others feeling and emotions. And finally I think this time I just have to be thinking of myself. I'm not trying to make this a selfish decision but at some point, I have to look out for myself too. I've always been a kind person, and you know where it got me? Well. Here I guess. Just fuck it all. ",suicide
257446,"I was walking to the store, and a tweaker walking on the opposite sidewalk could even pick up how sad I was and said ""don't look so bummed out, lady. homeless people have it worse off than you do."" ... The thing is, I used to be homeless and was happier then than I am now. Nothing, on paper, is going bad in my life. A few things, but nothing unmanageable. And yet I'm still fucking miserable. All the reassurances that nothing is wrong, I have nothing to be sad about, etc. are not helping. Then, I at least had an excuse. It made it more bearable, thinking that if things were different maybe I could be happy. But I've put a lot of energy into improving my situation, and I'm still not happy. And it just makes me feel worse.",suicide
257450,I can’t with schoolSchool makes me want to end it with the low grades and everything I don’t know what to do and it’s already to late in the term to raise them. I want to do better but I can’t and seeing the grades just adds more stress inside me,suicide
257452,Back to the suicide drawing boardJust found out that the tallest bridge in my city is no where near as tall as I thought it was. Would probably be more uncomfortable than deadly to jump off. Back to the suicide drawing board then I guess.,suicide
257454,I feel like killing myself?I was born with autism. Everyday i am bullied and called useless and that i am a mistake. my only friends is my two dogs and my cat. i just wish i could be accepted and not bully or beat up. I just want someone who wants to treat me normal.,suicide
257457,"Expiration DateI think society just throws some of us away.  No matter how hard we try we can't make anything of life.  I've been anxious since I was a little kid.  My parents terrorized me, wouldn't let me cry without shouting and shaming me.  I got depressed too.  But I found something I loved and I felt so much better.  It was my life, my purpose, my everything.  I lost that thing ten years ago when I injured myself.  

I tried everything to get better.  Until my parents said they wouldn't or couldn't spend anymore money on it.  And then I spent what money I had saved because I had to, I needed to.  It didn't work.  And I was more depressed than I could have ever imagined.  I had lost everything.  Not just the one thing I loved, but all plans for the future.  My parents, rather than caring about me, shouted at me because I was bothering them with my behaviour.  They said I was being rude.  They said I just had to get over it.  They didn't care.  Around the same time I developed a chronic pain condition.

Still, I kept trying.  And that was the huge mistake.  I was talked into a new career path and more education.  I was always good at school, so it was easier than facing things.  Just keep being a student.  So I went to professional school.  I did fine.  I graduated.  I wasn't happy, but I figured, just keep pushing, at least you will have a career and money.  I found a job and I was earning my certification.  I thought it was going well.  And then, my employer turned out to be abusive.

At first, he seemed like a nice guy.  The pay wasn't great, but it was a small business and my first position in the field, and the hours weren't bad at all, so really, it wasn't all that unexpected.  I could save money by living at home and wait to move to something better when I had experience.  But the moment I got my certification, things changed.  Suddenly, I was demanded to do the work of three people and being asked to work longer hours all the time.  I was being asked to do things I really didn't understand and wasn't allowed to ask basic questions.  At least once I was asked to do something unethical.  And when I would raise any objection or do anything not right, he would get upset with me, sometimes he would shout at me.  And so on.  The nice guy was gone.

Still, I struggled because I felt I had no choice.  Every morning, I cried in the car and thought about driving into a tree or off a bridge.  I often cried in my office as well when no one was around.  I thought about just running away and not caring what happened.  But I didn't because I thought if I just pushed on and got through it, I could get away from this horrible job and get something better.  I just focused hard on getting the work done and doing it right, as best I could.  But that didn't happen.  Last year, I was fired.  And he blamed me for not getting enough work done...

For the past nine, almost ten months, I haven't been able to find any work.  I have been looking most of the time.  For the first month, I didn't because I was so upset I couldn't get out of bed or eat, hardly at all, but other than that I have been looking.  I've had a couple of interviews, but one guy was clearly just fucking with me and the other went with someone else.  There just aren't so many opportunities for someone with little experience...unless you can move to Toronto and I'm not able to live there for health reasons.  This month, my benefits run out, and my parents have made it clear that despite past assurances, they are unwilling to help me.  They claim they are unable to do so, but I believe they are lying.  We don't live in a big home and I hear them talking all the time.  I know they have the means to help if they wanted.

What this means is that when I run out of money, I won't be able to afford the medication for my chronic pain condition.  Or the anxiety medication I take for panic attacks, which is actually a lesser issue - I don't get them all that often now that I'm not employed and hiding in the house.  I will be in a state that is not worth living.  I know that from when I first got sick, before I was diagnosed and treated.

What my parents have done is put an expiration date on my life.  I do not think it's likely I'll find a job before my savings run out.  I can stretch them to the end of the year, probably, because I think I'm getting a tax refund and I was saving up before I got fired.  Living at home and not leaving very often lets me cut expenses and stretch it out quite a bit.  But, given that it becomes less likely to be hired the longer a person has been unemployed and the lack of postings...I probably am not finding a job.

I'm not sure what the point of all this is.  I probably just wanted to tell someone.  I can't tell my parents.  They will just say that I am trying to manipulate them or being dramatic or whatever.  Or send me to the psych ward, which isn't really helpful based on what I understand they do there.  I'm not being irrational.  I'm still checking for jobs just in case.  But realistically, I know a time is coming where I will not physically be able to bear living.  Not just mentally.  I have a few months to get things in order and figure out how to arrange my exit so it's to my liking and that I don't fail.  Maybe less if their temperament sours in the meantime.",suicide
257458,The Final Blow came todayI can't do it anymore. I'm done. But I am calm with my decision. I feel good.,suicide
257459,"Today was it for meMy heart is broken beyond all measure. When i'm not laying awake all night i'm pondering the most painless death. I want to leave letters for my family and my loved ones, but would they even care? My fiance will move on, and in death she'll still be with someone else which breaks my heart even more. There was a point when she couldn't live without me, and like most men I took her love and everything she was for granted. She was my success in life, I wish I could have learned this sooner. The lump in my throat is constant as I call and hangup on suicide prevention centers. I want to call her but I can't, I want to email her but I can't. I can't breathe I can't eat, I can't sleep. I dont want to spend the rest of my years longing for her, I've already spent enough time losing her. I just dont wan't to be here without her. I cant, and I dont want to try. I'm sick from all the cigarettes i keep smoking and the random pills im taking to numb myself enough to do this. I'm going to make sure this is successful because I don't want to be comforted for an ""attempt"" at taking my life. I feel as though only in death will she ever feel anything for me. At least she will be in love with my memory, and I won't have years of memories without her. All of my memories will be of us together. God bless and thank you for giving me some place to make my peace ",suicide
257460,"Why do you send unwanted dick pics? Just an hour or so ago I put a post about how I have a hard time in school because people are mean to me because im trans and pan and some rando guy told me hes transphobic thinks I should end myself called me a gay f*g then sent me a dicpic™ and I was so confused because this happens so much! And so I gotta ask whether you hate them or like them why the dick picks?  And for the people who hate the people you send dick picks to, why? You'll call them a tr*nny and then *boom* dicks waggin out on their screen? Also if you send me a dick pick thats homo because im ftm.",non-suicide
257463,"Has anyone ever tried to explain to non rap fans about rap Like it's so weird because what you think it would be easier to explain than that.

And a recommendation never try to explain to your parents why rappers die young.",non-suicide
257465,I hate having low self esteem Man I think I look terrible and that I would have no luck with really cute and good looking people I have a pic on my profile if u care anyway aaah,non-suicide
257470,"This is a joke don’t take me seriously Simps in my DMs: I’ll buy you anything you want!

Me: *trying to contain self from asking for a Build-a-Bear*",non-suicide
257471,"do u dream (when u r sleeping)? quick sp: i made a subreddit called r/formyfellowteenagers, where we can talk about stuff that we're dealing with, check it out. feel free to join!",non-suicide
257472,"The apple, the gamer, and the grammar a novel",non-suicide
257474,MY PP IS SO SMALL EVEN VERNIER CALLIPER CAN’T MEASURE IT Its 13 **mm**,non-suicide
257485,"Congrats. You did it.You've been bullying me for being the only trans man on testosterone in our ""friend"" group/queer organization for months. Now you're claiming that I'm abusing you, abusing my boyfriend, abusing the person who abused me.

You want me dead. You're threatening to ""wreck my shit"" because I asked the staff advisor of the organization to remove said abuser because seeing her name makes me sick to my stomach. You think I'm the literal cocksucking devil or whatever.

That's fine. You win. Next time my boyfriend goes to work for the day and I don't, I'm injecting the stockpile of testosterone I have and taking all 4 months of birth control pills I have, downing a bottle of rum, then laying down in a nice warm bath to pass.

It'll feel good. I'll be comfortable. 

My family won't miss me, I'm a fuckup. I do feel horrible for how my boyfriend's gonna feel, but he's handsome, smart, kind. He'll find another guy, or maybe date a girl after me, I dunno. But he's a catch. It won't be too hard.

You'll feel bad though. You'll feel horrible for having my blood on your hands, all of you. It makes me smile.

My name will live on. I'll be that kid in the [identifying info] program that everyone thought had potential but died tragically young.

Everyone will think of you as sick, pathetic, mentally ill little cowards who can't face the world around them, much less someone who won't be a doormat for you.

I feel sorry for you, honestly. I hope that every time you close your eyes for the rest of your life, you see me. You see the horrible pain you caused.

Rot in hell, bitches. I'll see you then.",suicide
257488,"Easier said than done.I've tried several times over the past month, using an extension cord. The need to breathe is the greatest impulse I've ever felt. Seconds feel like minutes and so many thoughts rush through my pulsing head that I let go, to my misfortune. Last night was no different.

There's a gun in the house somewhere. I spend majority of the day alone. I have ample time to search for it, but I fear I won't find it. I've considered, alternatively, drinking myself silly and taking a knife or two to the abdomen. It'd be a much-needed release of rage. Sometimes, I grab a knife and practice the motion, stopping just before contact.

Why haven't I done it yet? I don't know. I can see it there on the horizon, but, for now, I just want to drink hot chocolate and think about what I would have done with my life, had things been different. It's torture, but it passes the time.",suicide
257489,"What’s going to happen to me when I take 15-20 aspirin pills at one time ?I’ve been reading up different ways to OD on over the counter pills. Aispirn is the thing hahah stuck out most to me, as a child I accidentally took too many aspirins as well I don’t remeber the exact amount but I was like 8-9 years old and I was vomiting a lot and had to go to the doctor to get my stomach cleaned. Now as  a 23 year old adult I’ve wondered if the same thing would happen or would it be worse ? I don’t really want to die in pain, but I’m also scared to die.",suicide
257491,"Add insult to injuryI made a prior post (look at history) about how I broke off a long term ""friend"".

I actually while sipping whiskey wrote some curt but not nasty things that she did to me. I did not curse at her or anything but i wrote down how I felt and how things are perceived by me. I told her not to contact me. 

I spoke to a friend of mine that noticed that I was much less happy the past month while trying to make her feel better. But he pointed out it was my choice if I wanted to reconcile or not. I did and what a mistake it was.

I send her an apology text. She said it was fine. She tells me we can meet up a day later. Its a different town and I go drive there. She knew I had to do something else prior but then tells me she's not up for it but I said I really need to tell her certain things. She says fine. I tell her the things (how I battled through depression for many years) but all the time she said she really wants to go back to watching the tv show she was watching (project runway) I barely talk to her for 8 minutes (it took me 25 minutes to drive there) and I say what I needed to tell her and she says we should hang out this weekend and she will text me later. So far no text.

The next day I get a call from my cousin. Her mother, my aunt died. I was not close to them because there is an age gap of 15 years as well as infighting between my parents and theirs. But I am the intermediary and go to talk to my cousins. I went Wednesday night for 7 hours talking to one cousin. And I went today talking to the other cousin. But today was emotionally draining. My uncle is telling me everything wrong with my father and what he did while I just sat there nodding occasionally while allowing him to talk about him and my father. There are times I wanted to call out his shit but his wife of 50 years just died and I can't. So I sit there for at least 4 hours of belittlement while I am pretty sure my relationship to the friend prior is over over.....

I want to cry but I cannot. I am so numb though, its somewhat like when my brother died. Actually my older cousins asked for advice from me because they knew I went through it. It is very weird telling your mid 40's cousins how to prepare for a funeral that you are well antiquated with. What to do, what to buy, which casket to buy, burial plot, etc.

I am just stretched so thin. I am somewhat certain that if I asked the friend to come she would but the way she is acting I do not want to bring a ""friend"" to my family's funeral. I do not think I ever want to talk to her because clearly project runway is more important that silly me needing me to tell her my problems. It seems to me that she is a taker and will not give back anything. On top of the monetary things she said she would pay me back or. Or the other things.

The saving grace this week that is making me look forward, I also got a phone call from the blood donation company that I matched perfectly with a infant that needs my white blood cells. Apparently its a 1 in a million shot that we matched. I am doing it Tuesday since that is the legal timeline I can give since I donated this past Monday and am ineligible to donate for 7 days. This is literally the only light at the end of the tunnel. I need to stay alive so a kid can survive using my body that I can care less for. 

I am so tired. I am feeling so depressed. tired.

 ",suicide
257497,"Please helpFirst of all I apologize if my post is very cluttered and unorganized, I feel too anxious at the moment. It's been, I believe, at least a year since I've had any genuine suicidal thoughts. 

This might be kind of long, but please bear with me. I desperately need help. Understand that I am usually the kind of person who ""deals with it"" when I have problems, in a sense ignoring them and putting them aside for later. Discussing and sharing my condition is really difficult for me. 

After breaking up with my girlfriend of many years, it finally hit me that I have no friends. I have no friends, I have no social life either. I'm always at home, doing nothing but playing video games and just casually browsing the Internet. I really hate myself for doing that, but I can't seem to stop. I want to have a social life and I want friends, but it just feels difficult for me now. I'll explain why I think that.

I have a lot of social anxiety. I've never been diagnosed with anything because I have never seen a doctor for this (should I?). My hands get sweaty and shaky while I'm around other people and I tend to glance around everywhere nervously. Every time I have to talk to somebody, I feel pressured to answer that person immediately and ""perfectly"", in a way that satisfies them. That leads to me stuttering, not knowing what to say, and just making a fool out of myself. 

Because of the way I was raised, I've always been insecure about everything. I will never offer my opinions in any sort of conversation or talk about myself because I feel that either the other person/people do not care, or that they'll be entirely against it, making me feel like an idiot. I was with my ex for several years and I could still not comfortably talk openly about myself to her all the time, how fucking pathetic is that?

I guess I do have one friend still, him and I are very close too. But we rarely hang out because he is very busy with his job on the weekends, and then family/college stuff during the entire week. Even when I am with him, a part of my mind feels compelled to treat that time with him as a sort of ""business"", as if I am forcing myself to put up with that situation rather than willingly participating in it for my own good. Even around him (a guy I've known for most of my life), I feel very stiff and robotic-like. I've told him about this too.

I lack self-confidence. I'm really skinny and tall, and while I am mostly composed of muscle, I am still underweight. I think I look ugly in many ways, from my hair and face all the way down to my legs and feet. My ex would constantly compliment me and say I look nice and whatnot, but I could never take her seriously, a part of me firmly believed that I could never be good looking. I have fucking bony hands that embarrass the hell out of me. It's hard to find nice fitting clothes because a lot of stuff either ends up being too baggy or too short on me. 

In addition to the previous paragraph, yes, I have tried working out and eating healthy. But I stopped for a long time. I don't know why, but my stomach just seems to refuse food when I reach a certain point, even if I am starving. Because of this, I feel VERY hungry almost all the time, yet I feel too ""sick"" to eat. Then that leads to the inability to sleep, study, work out, etc. 

My thoughts are always racing and my head feels heavy all the time, as if it's carrying some sort of unreasonable burden. I am uptight and nervous all the time, even when I am alone (like right now). I fantasize too much, and I want so much. But at the same time, I try to justify me not having a social life by blaming other people. I fucking hate myself for doing that, and I know I am wrong in every way, but it had comforted me for a good length of time. Until now, I guess.

I'm so lost. I really want to end it now. I've been a very optimistic person for a long time, pushing and motivating myself to keep going through tough times but I am seriously so hopeless right now. I'm so lost and confused. I don't really see the point in continuing to exist. I haven't really planned a suicide attempt or anything, mainly because the large, naive part of me really wishes somebody would help me out of this tight spot. I am really so lost and so anxious, you would not believe how difficult it is for me to whine and vent like this. I am extremely uncomfortable with it. Please, give me any advice that you can come up with based on my petty situation. And if you can, please be nice. I hate to sound like a ""pussy"", but I am currently in a very sensitive and vulnerable position.


TL;DR - No friends, no social life. Don't know how to make friends or talk to people. Very anxious and uptight all the time. No self-confidence, motivation, or desire to keep going. Lonely and sensitive. Please help, I don't WANT to kill myself but I am in a very dark state of mania at the moment. ",suicide
257498,"My life is so pointless and hopelessI wasted my time and money getting a bachelor's degree that hasn't done shit for me, and that was 3 years ago.  I didn't even get to enjoy the social part of college because I'm a weirdo and I lived at home and commuted to school

I work at a fast food restaurant at 26 years old at the bottom of the chain.  26 with a degree working at a fucking fast food place.  What the hell.  I've tried my best to get a career job but I haven't even gotten an email back for my efforts.  

Life is so goddamn pointless.  I have type 1 diabetes and it feels like a marathon that never ends, only if you stumble or fall you could die a painful death from diabetic complications.  

What's the point of waking up each morning and trying if it'll get you no where?  Especially if you could die at any moment from some dumb ass disease 

There are people out there who make money so easily.  ""Just invest in rental properties"", ""Run a UPS drop shop"", ""become a real estate agent"".  Like making money is just a joke and they do it for fun.  I'm here scraping the bottom of the barrel to pay off my student loans and live with my parents and there are people out there with more money than they know what to do with.  

I'm so tired of life.  My best effort doesn't get me anywhere near a rich person's casual effort.  I'm stuck here living with my parents.  Living with a disease that will inevitably kill me one day, either directly from complications, or from suicide when I lose a limb.  

I'm so fucking tired.  I just want to sleep forever",suicide
257500,So doneI think about it all the time. I promise aloud to myself that I'll do it nearly every day. I'm 27 and feel like I am already used up. Behind me is my youth and before me is a lifetime of indentured servitude. My health means I probably won't even live to retirement age anyway. My job asks too much of me. I will be fired soon. Can't keep up. No energy. No will. No ambition. I'm a shitty father who can't provide for his kids. And a shitty husband who can't even get it up anymore at 27. I hate everything I am and I don't want to be me any longer. I failed. Im done. ,suicide
257507,"I see my friend hang out with her boyfriend at school, I hear my friends go on about their love life’s and who like them, and then there’s just me, alone Trust me I’m not depressed or anything I’m actually very happy but like that it’s just occurred to me. I’ve never had a boyfriend, never been on a date and never have had my first kiss, and like my friends have. I honestly doubt anyone likes me either. 

Anyway imma go vibe to my music bye bye",non-suicide
257510,"I am so angry right now I could generate energy with the amount of anger I consist of My fucking sisters ate the entire box of cereal this morning and left none for me. 
 
We literally bought that box yesterday and my fucking sisters ate them like they were doing a guinness world records. 
 
I'm so mad right now I could actually just explode right on the spot and then implode into a black hole after that.
 
My entire fucking day was ruined now and this is the worst morning I have ever experienced I actually want to cry right now please someone help please.
 
I didn't even get a fucking chance to get a spoonful of them and my asshole sisters just didn't think at all that maybe there are more people THAN THEIR SELFISH FATASSES IN THIS FUCKING HOUSE.
 
I will actually just kick them out of the house if this ever happens again oh my god.",non-suicide
257511,Ask me literally anything and I'll answer as truthfully as possible If I dont know the answer I'll literally just tell you straight up Idk.,non-suicide
257516,"Day 2 of recommending songs to the bois Juice WRLD and SEEZYN - Hide 

https://youtu.be/qAmCtvPCCE0

Catchy ass song and honestly one of Juice’s most underrated. SEEZYN does some nice work with the production too.",non-suicide
257517,well everyone life sucks my gf of like 5 months just broke up with me. I know that's not a huge amount of time but still. it hurts man.,non-suicide
257521,Day 1 of telling my crush l like her Guys l am sorry but l failed l couldn't do it l just lost all my confidence as soon as l saw her so yeahhhh tomorrow's another day,non-suicide
257522,I failed some tests I don't post much but I just failed an important test. I'm devastated,non-suicide
257523,Anyone wanna chat for a little bit Dm me,non-suicide
257527,"Hey liberals! If video games don’t cause violence, then why, after playing a game were I act as a bartender, Do I want to be a bartender?",non-suicide
257528,Anyone watch Naruto? Tell me if I sound like him (English dub) on Discord. Just DM me or post your Discord. I am a girl by the way.,non-suicide
257531,Day 4 of posting until I get a boyfriend I think I might have to end this soon because I think I might have gotten a boyfriend. I’ve been talking with this guy and I really like him and he seems to like me too and I’m just so happy. But I guess this was short lived and I was way off on getting to 200 days,non-suicide
257532,"Mental health checkpoint  I hope your day goes well

Mine did

stay safe from the virus",non-suicide
257540,"Guys, what do I suffer from? I'm not depressed
I'm not suicidal
I'm happy in life
I don't have any emotional problem
I don't have any disorder
I'm not ugly
I'm great in academics
I'm great in sports
I don't suffer from trauma
I don't have daddy or mommy issues
I don't have any family problems
I'm not poor
I'm not lonely
I have many good friends
I don't have anxiety
I don't have trouble talking to girls
I'm not fat
I'm in very good shape
I have lots of hobbies and interests
I enjoy life
Life has always been good to me



Okay but seriously tho, am I normal???",non-suicide
257541,"Does anyone else remember Deltora Quest? I stg, no one knows what it is. In primary school, we literally had to write about it! I'm watching the anime again and it's awesome! Gonna read the books after as well! Surely someone else here remembers it, right?",non-suicide
257549,"Imma make a change.org petition to take relabel loli definition to flat chest so there's less of a stigma Just because I read loli hentai dosent mean I find kids attractive

1. I don't even  find irl girls attractive period

2. There not real

3. Most hentai girls are under age just don't have that body since most are high schoolers",non-suicide
257550,Some motivational shit If someone says 'You are nothing' don't forget that we all leech off other peoples money and they do too so you can say 'you too',non-suicide
257556,Can everyone on the earth disappear for a sec while I scream Thanks,non-suicide
257557,I can guess when your birthday is I'm guessing that your birthday is June 24th. If I got this right then lucky you also this is filled text so auto mod does not remove the post straight away rip,non-suicide
257558,I’m waiting for a hot vampire to bite me Wtf is taking so long,non-suicide
257559,Sign my petition Filler filler filler http://chng.it/wDbmdzqNJ8 filler filler filler,non-suicide
257560,"Real Suppleroot Hours #903 Who up?

How has your day been so far?",non-suicide
257561,"I am not prepared for the dms, but it's a question I need awnsered Fellas, if your having sex with a girl. And she tells you ""cum in me"", do you do it or hold back. Always wanted to know what goes through a guys head in that kinda situation.",non-suicide
257566,"Should I tell my crush I like her UPDATE ok so if yall remember this:

[https://www.reddit.com/r/teenagers/comments/bnje4f/should\_i\_tell\_my\_crush\_i\_like\_her/?utm\_source=share&amp;utm\_medium=web2x&amp;context=3](https://www.reddit.com/r/teenagers/comments/bnje4f/should_i_tell_my_crush_i_like_her/?utm_source=share&amp;utm_medium=web2x&amp;context=3)

&amp;#x200B;

Here's the rest of the story:

TL;DR: I asked her out, we dated for a bit, but then she said she needed space, then she broke up with me, and now I'm depressed.

&amp;#x200B;

Same guy here, but the story is over. I asked her out in mid-November. We dated for like 2 weeks, then she said she needed to take a mental break (I can understand, as it was right before midterms that I asked her out). I respected her space and didn't talk (more like ""texted"") to her unless she talked to me. One week ended, and I asked how she was. She said she thought we wouldn't be dating anymore. This happened literally the day before my birthday (and if you wanna know, my birthday was a shitty day). The text was as follows:

&gt; So I think that we should just be friends. I’m trying to do a lot of things and figure everything out. I really like you, and I like talking, but I can’t handle a relationship right now, this year. I’m sorry. I feel like a jerk. I really hope you don’t hate me for this, because I still want to be close with you. And I’m sorry for doing this so close to ur birthday, and taking forever. I’m always here to talk, I will always be here. I think I just felt a bit rushed, and I couldn’t handle trying to figure out these feelings along with balancing school, and normal stress. It just didn’t work. Please continue to text me, I don’t want to stop being your friend, but I would understand if you did want to stop talking to me because I’m being really selfish here. I’m sorry for everything.

I replied:

&gt;I completely understand where you’re coming from, and I respect your choice. I hope that maybe later, when things aren’t so hectic, we maybe could try again, but this time I’ll slow down a lot more. Like I’ve said many times before, I honestly had no idea when to do things or what to do or how to do it, so I’m fully responsible for rushing it. This has been quite the learning experience for me (AKA trial by fire), and I hope that if we do maybe try again later, I might be able to do better. In the mean time, I want to be close to you too, and hope that us dating doesn’t ruin our past relationship. If you want to stay friends for now, I’m perfectly fine with that, and respect your choice. If you ever wanna talk about this or something, I’m always here, and I honestly love to just talk with you in general. My feelings for you haven’t (and probably wont) change, but I will have to put a hard filter on my thoughts and actions. And dont feel horrible, because I never want people to have a bad taste in their mouth when they think of me, nor do I want the reverse to be true. Again, I respect your choice and understand why you made it. Maybe later we could try again :) If you ever want to get back together, just let me know, as I will be waiting. In the mean time, lets just get to know each other better. And if you ever need someone to talk to or something, I’m always here too (assuming that my parents aren’t being jerks and taking away my means of communication). Thanks for letting me know, tho. I’m one anxious boyo, so this actually helps a lot XD And remember, dont cry because it’s over; smile because it happened :)

&amp;#x200B;

and so we stopped dating. 

Later on, (like end of January), I was super nervous because she wasn't responding much, so I was starting to feel like she may not like me any more. I asked her friend to find out if she doesn't like me anymore, and this is what she said:

&gt;She said she didnt want to hurt your feelings but she doesnt rlly like you

&amp;#x200B;

my heart is broken

&amp;#x200B;

I still miss her. After we broke up, she slowly became more and more distant, to the point where she never responded to my texts. One night, I was texting her cuz ya never know when she may respond, and she said: 

&gt;Hey! Hope ur doing good! I ve been really busy and I get really stressed when people text me bc I am too anxious to answer! Not personal but do you mind cutting back?

I'm assuming this is a nice way to say ""Stop texting me I don't wanna talk to you"", and so my heart is broken. I still love her. A lot. But she doesn't, and it hurts. I want to tell her how much I love her, but she probably doesn't wanna hear it. I don't know what to do...

Can you guys help?",non-suicide
257568,If you a girl I’m looking to get into relationship so if u wanna talk then ya idk 👍👍👍👍👍👍👍👍👍👍👍👍👍👍👍👍👍👍👍👍👍👍👍👍👍👍👍👍👍👍👍👍👍👍👍👍👍👍👍👍👍👍👍👍👍👍👍👍👍👍👍👍👍👍👍👍👍👍👍👍👍👍👍👍👍👍👍👍😐👍👍👍👍👍👍👍👍👍👍👍👍👍👍,non-suicide
257571,"Jokingly said I was gonna show more of my face at 100k karma, I’m now at 93k *chuckles* I’m in danger",non-suicide
257572,Antifa isn't a terrorist organization. It's not even a full orginazation Trump must be on crack or something cause he crazy bruh,non-suicide
257577,"Discord server If you'd like to join my Discord server, DM me and I'll provide you with the link. Come chill with us :)",non-suicide
257580,"Little rant about me and minecraft Just wanted to vent a little.

So I get super scared in minecraft. Like I play horror games with no problems, but being in caves alone terrifies me. And nobody will play with me because, 

1. My family is useless in that regard, all 4 other people have their own ways of being bad.

2. I can’t play with people online because I don’t have a online subscription (I don’t know if you need it) but even if you don’t, I am super insecure about my voice, so I can’t voice chat so nobody plays with me.

If you made it here, thank you, I’m lonely and needed a vent :’)

Ps: I made this post because I made a great world, and have iron and everything (it’s not much but I get scared often, and I fell into a mineshaft, and am swarmed by spiders so posting to hide the terror...",non-suicide
257581,"I don't know what to do, please help me So I just got an email saying that my predicted grades don't match my university and that I should change my chosen unis. I really don't want to do that, I got CCC as predicted and I know I can do better but apparently 1 out of 3 of my exams have been cancelled. So I don't know what to to do. Can someone please advise me... please",non-suicide
257588,"I cant do this, tw: abuseWhat are you supposed to do when someone who loves you hits you. Calls you names. I don't even have the right words. I'm struggling to type this because I now have a broken hand. Bruises. A cut lip. I'm fuckin tired, in every way possible. Have no friends, literally. Okay, I have one who is states away and is getting tired of listening to me rightfully so. Have my parents but they do the say God damn fucking thing. They know I'm on THE EDGE. But it doesn't matter. I'd hate me too. The only living thing that doesn't hate me is my dog. I'm embarrassed ashamed. Tired. So. Tired. I fell into my dresser Im not getting hit and pushed, Idk what youre talking about. That's my story everytime. My legs are covered in scars. Cuts. I want to drink myself to death and just go to sleep, forever. I don't believe in the afterlife but fuck I day dream of just going into... Nothing. I want my old husband back. The one I knew. Not this person he's become. I want my life back. I don't know where in going with this so I'm just gonna stop here as all I do is push my issues on people. Fuck life. And fuck this pain.",suicide
257589,"I think I will but its scary.Moms about to get a gun for protection and show me how to use it, but now that I have the chance I'm starting to get scared. I dont wanna burden anyone anymore, after a personal inncendent years ago I mental can love anyone anymore. Its like my brain is trying to hold me down, I cant make friends, my family means almost nothing to me and no matter how hard I try, making relationships/bonds like I used to as a child is impossible. Well, bye.",suicide
257591,"I think tonight might be the nightI'm thinking of taking a whole bottle Xanax and swallowing them all. I just don't see a purpose of life anymore, I just feel like mistake and a waste of space. I'm a just a freak and harassed constantly for the things I like and sexuality. Maybe I'll do it tonight or maybe I won't, I can't say for sure. I just want the suffering to stop already..",suicide
257595,"You know, I'm a little jealous of my best friend. He's already got a girlfriend at 15, and here I am, 16, never even having one girl (that was in my state, short ldr when I was twelve, story for another time) actually like me back. I'm not envious of him. I'm just a bit jealous. I need someone I can share my feelings with and have them listen. As guys, if we ever share feelings, we immediately try to fix the problem rather than listen. I mean, I can barely share my feelings about things with my own family, much less friends. I'm just lonely too.",non-suicide
257598,I want a relationship really bad this someone in particular 👉👈 I wanna let her know I like her but I don't know how the fuck to flirt with a girl without it making it super obvious ugh,non-suicide
257601,"ANOTHER updated recent yt searches 1. How to come out to your parents as lesbian
2. How to come out to your parents as non binary
3. I kissed a girl Katy Perry
4. Hayley Kiyoko 
5. Non binary
6. Longtail death
7. Silverstream death
8. fnaf songs
9. azzyland
10. shadow bonnie jumpscare",non-suicide
257606,Can someone tell me how can I change my phone's MAC address? Really gonna appreciate it I think you know why I need it ;-),non-suicide
257608,"im genuinely concerned for this person so earlier this year, during quarantine, i (15M) met this dude (9M) on a minecraft server and we became friends. We played together for months after that. He had a youtube channel and a discord. Two months ago tho, he told me about how he was crushing on a female leaderboard player on the server who was 13, and how he wanted to ask her out. About a week later, he did just that on discord, and got rejected. He told me about how he was gutted, and he had even set his status message to the most depressing shit, he seemed depressed af. Fast forward to a few weeks later (the last time i met him), when apparently he has a 16 YR OLD GF, and hes talking about wanting to have sex (not normal for a 9 yr old ik). I thought it was him being weird like always, but the next day, he blocked me on discord, when our relationship was going perfectly smoothly. Today, i remembered him and did a quick search through my subscribers, but i didnt see his channel anywhere. Im srsly concerned for him, he was a great friend :(",non-suicide
257611,"I need advice But I put this under rant because its a Emotional disaster Bonjour fellow Teens, yep thats an introduction 
So I have an issue and maybe this should be under relationship but whatever. 

It all started with a joke my friend made Shipping me with this guy. 

I said- 

""you know im influenced really easily and if you keep Joking about me being with ____ then im gonna actually start wanting that."" 

and she said something along the lines of- 

""that would be hilarious and so I will continue.""      

so she did. we have a fucking ship name. I hate it but, I actually like him now so, 
*peer pressure kids!* 

I dont know what to do because He said something to me a while ago that made me upset and sticks with me and he jokes about mental health cause thats how our friend group is and it hurts me but for some reason I still think about him. 

At this point im shaking while writing this because I do not know what to do and he probably doesnt like me because i look like shit and i dont want anyone to see this that i know. 

any advice would be really helpful and you know im serious because I used fucking punctuation in this.",non-suicide
257612,"Absolutely dislike people who are clearly bragging but pretend they’re not So since we’re back from spring break in my school district, my English teacher made us all share out what we’ve done. And little miss *Bethany* just wanted to rub in the fact that her family went to an island on a **private** boat. Like okay ma’am let’s just pretend that people in this class actually asked :D",non-suicide
257613,"My crush keeps asking me for advice about her boyfriend. Unfortunately, she is also my best friend so i can’t say anything for fear of losing our friendship:/",non-suicide
257622,"its 4 am im on top of my dorms balcony and i really want to jump off.its mostly in the title, but i'm highly suicidal.  i don't really know why i'm posting here, but i am so here we go: 

my life is actually fine, i had decent parents, i did well in school, and i have a few close friends.  now i'm in college i'm still doing fine in school, i have a good group of newer friends, and i still keep in touch with my two best friends from high school.  

but i just can't take this anymore.  i don't like feeling depressed almost all the time, and when im not depressed, i have a lot of anxiety.  hell, i've had three panic/anxiety attacks this week.  i just don't feel like i deserve any of this.  i'm a piece of shit and i suck at functioning as a human being.  i already wrote letters, and now i guess its just a game of will i end up actually doing it, or be a failure again and back down at the last minute.

i already know they'll all miss me, this isn't my first attempt, but i just can't ever hear it.  i dont know what else to do.  so i guess i just have to give up.",suicide
257624,Am I worthless? I wish I had someone who cared.I tried to kill myself last month. It didn't work. My life has been very unfair and terrible so far. Sometimes I'm more suicidal than other times but I feel hopeless. My family has given me reasons to hate myself. My dad used to abuse me when I was little and then when I was slightly older he left my life. I thought I could talk to my grandmother because I was close with her (my moms mom) but she passed away a few years ago. Last few years have been tough and my mom seems to not understand me anymore. I feel like nobody cares about me that much. I feel like the world would be 1000x better without me in it. I try to explain my feelings a lot but who cares? My mom's told me I'm a waste of time and that I stress her out and she denies it. I feel like I waste everyone's time by being here.,suicide
257625,WowNice,suicide
257626,"I can't stop my thoughtsI've posted here before, and things slowly started to get better. But everything has just spiralled downwards to the point where I spent half an hour trying to talk myself down from jumping off a bridge.

The first problem is that I'm messed up emotionally. The only people I really get emotionally invested in are women who give me attention at the same time as wanting nothing to do with me romantically. I've had quite a few women express a romantic or sexual interest in me over the past 3 years but because they weren't the person I was obsessively in love with, I would either be horrible to them or flat out ignore them. 

Secondly, the woman I am in love with now is my housemate and so-called ""best friend"" who once again left me tonight, not giving a shit about my feelings (romantic or platonic.) 

2 weeks ago she got into an argument with the other 8 people we share university accommodation with and I stuck up for her, burning all 8 bridges in the meantime. After the fight, she has since spent 2 weeks at home because (in her words) ""I really need to be at home right now and I'm not changing that for anyone."" In 2 weeks I've hardly heard from her (except to say that she won't come home even if I am depressed) but tonight she was home for a night.

It wasn't to see me though, it was because a friend of hers who she has started sleeping with in the last 2 weeks had a friends funeral. I hate feeling selfish, and he has it so much worse than I do now, but when I first saw her she wouldn't talk about anything but how much she missed me and how much I mean to her. Within an hour, this turned into her and the guy she's sleeping with traveling all the way back home because she thinks that everybody in the house wants to carry on arguing with her.

I sacrificed everything here for her and she's just left me alone, with nothing. Now I'm here, 4 hours/£70 away from my home town, with nobody and nothing, and I just don't have the will to keep on going.

The only thing that used to stop me from feeling like this was the thought of hurting my family but my depression has even pushed that to the side. I do nothing now but think about ways I could kill myself, and when/how I could do it.

Pardon my language but I'm just so fucked up, and the only thing I can look forward to is the idea of accidentally walking into a road where I haven't looked, and a bus just kills me then and there.

I don't even think I'm looking for sympathy or somebody to talk to. Part of me just wants to write this in the off-chance that whoever finds my body finds me still logged in and at least understands what happened.",suicide
257629,"it's 105 degrees and I'm sitting on my bed drinking la croix and spinning a brian eno record this is the life. 

&amp;#x200B;

&amp;#x200B;

&amp;#x200B;

&amp;#x200B;

&amp;#x200B;

filler filler filler filler filler filler filler filler filler filler filler filler",non-suicide
257630,"Who loves who more? Me: say 1
My girlfriend: say 2
It's equal and that's a stupid argument: say 3",non-suicide
257633,Hi how’s it going How are you?,non-suicide
257634,"Goodnight r/teenagers It’s 12:18 and I’m going to sleep now. Send me shit to wake up to.

Last night I didn’t get many comments so to encourage you all to comment, my favourite comment gets a narwhal award. 

Goodnight, r/teenagers",non-suicide
257635,"i can actually kind of read some japanese characters now which is cool ive been studying hiragana on duolingo for a few weeks, and i was able to read some japanese from a comic

i cant actually understand any of it... but i can ""read"" the characters",non-suicide
257638,"Let's start a thread of complimenting each other and chatting Ok so everyone put in the comments something you are good at and your interests and then everyone can interact with new people and you never know, you might just make a friend :)",non-suicide
257639,"Dear Teenagers, what’s the stupidest thing you’ve ever done? Dear Teenagers, what’s the stupidest thing you’ve ever done?",non-suicide
257640,Maybe it’s alright for me to dieDying is scary it is. I don’t want others to die and it’s sad to see others suffer. But maybe it’s alright for it to end. There’s no reason for me to live. I have my family and I love them soso much but I really don’t want to continue living. I had depression and anxiety for so many years and I never told anyone. I didn’t want to be problematic. Now I’m already 19 years old and I’m set to be an adult but I can’t be one. I feel really out of place and depressed. I think it’s alright to end suffering sometimes. Renting on the internet does help me which is why I’m writing this so maybe I just want to seek help. I don’t even really know what I want. Well thank you whoever’s reading since I really want someone to hear me out.,suicide
257641,"He walked outI missed a few days of my antidepressant and also had some horrible shit happen over the weekend. I was crying so much for 2 days, and again today. Like every few minutes today and strong suicidal thoughts. 
I'm trying my best to push them away until my meds are back to normal, but it feels so hard to control and push them back. I've been in sort of a panic attack for the last 2-3 hrs. 

I really just needed to talk with someone about it to help me see clearly. Like help me feel calmer and talk me down. I haven't seen my boyfriend who was out of town for 3 days until today. He is literally the only person who I've ever been open or honest with about these feelings, and the only one who has ever been successful in making me feel calm and safe when it's gotten to this level. Whether by holding eachother, talking, or just being near him. 

He knows it's been building all day. I really just wanted to sleep with him tonight and hope it passed by morning. 
He had to get home bc his sons were making dinner. 

But the total look of annoyance on his face as he was trying to say a brief ""k, bye love you"" with no kiss, hug, etc. just about killed me. I was crying debating going to the hospital because I don't feel safe alone tonight. 
I feel like there was no going back from that. Fuck. Like a punch in the face.

Shouldn't you be with someone you say you love when they need you most?

That only made things worse and now I am worse than before.",suicide
257642,"Looking for advice in terms of a therapist.I attempted to call the national suicide hotline twice today. I can’t even describe my fear and sadness when I basically had to admit to myself that I needed the help. I mainly wanted to call to ask questions and for advice in terms of a therapist.

Well both times, the call hung up. The first time while on hold for 8 minutes, the second time while on hold for about 15 minutes. I’m not sure whether to feel more hopeless, or whether to laugh.

So I just wanted to come and ask here. I have nobody in my life who I can confidently and truthfully open up to about my feelings and struggles, so I want a therapist. However I’ve lost both my jobs because of covid and all my savings has gone toward rent and food, so I have no money. And if I dare to ask my parents for the money, they will guilt trip me every living second over it.

Are in-person therapists still around during covid? I don’t have the resources, nor am I in a safe and comfortable environment to do anything virtual/at-home, so I’d like to do in-person therapy if possible. 

I tried taking the step myself and doing the research but I was so overwhelmed, and for that I apologize. 

I live in Las Vegas, if anyone needs that information for anything. Thank you.",suicide
257643,"I don't know if I should post this here, I feel like i have to step out of this world, I won't only not to hurt my family. A read will help a lot, sorry if this triggers someone.I'm a 22 M, not from the US, don't know if I should post this. 
First I'll address the bad things I've done and tell my porn problems not to soften it,  I'll tell my life trauma after. 
I've commited sexual misconducts, whatever it is called I committed sexual crimes.When I was 18 in college freshman year I was like the cute kid that acted very childish and never acted  wrong to anybody but I was really sick in the mind without knowing,never did sum wrong before that. When I was a freshman in college I went to a party in a friends house, I started trying to kiss her, like I wanted to make up with her even being kinda friends,I was really drunk, dropping glasses with alcohol and shit, and she just avoided me and I guess she was like ""wtf is wrong with him"" and than i kept persisting and moments after she left to go other place I went there and waited for her to come off the bathroom and straight up locked her with me in the bathroom,she kissed me laughing and then left,after I peed in that bathroom i went to the dancing place and sat grabbing my head, and told her  did I bother you too much? I'm so sorry, I'm so sorry, and she got that I was wrong and we kinda  hugged each other and it just got never spoken too much after, and my friends of that time just laughed at the situation, I guess they couldn't tell that I was sick. Sometimes that year  I kept insisting with girls to make up, it wasn't really bad to me to think of that in a flirty way because I was being mostly a jerk, not an absolute sick fuck like in that locking situation.But I couldnt control my ego I think or whatever it was, specially when drunk ur high. 

2 years after this when i was 20 I think I started to become absolutely sick, when I was working in a supermarket as a sales men I saw an adult women with a big butt and took a photo of her, I don't know why, but when I went home I deleted them thinking like wtf am I doing, and I remember when i was in 7th grade there was a week where me and my friends  used to do that with teachers, and my sister told me that time "" you're so dumb"" , and I stopped and always hated people that did that, even when high school friends came with pictures they had took from women on the subway and shit I was like, this is bad guys, because I had realized it years before and somehow I ended up doing that again.

 This same year I went to a party with a friend of mine and girlfriends, I made up with a classmate , and she made up with my friend and even her friends, we were  really drunk and she was more drunk than us, we started to make up and after I realizing she was buzzed I stopped, and we made up again  in the same party like 3 hours after that bc I thought she was better, and this might be the first moment when my absolutely misconstrued idea of sexual things I viewed in porn came off, we were dancing really close and I put her hand in my groin, not under clothes but in my groin, she took her hand off and like a minute after she just put my hands on her breast, we just made up and that's it, I don't think this was that bad bc we were all drunk and something was made to me too but still I hadn't realized I had absolutely no education about sexual behaviour at all. 

This same year, in a party in April I was trying to get to make up with this same girl because I had always liked her, it didn't work out and as usually she just played with me and made me feel bad just for fun. 
Then I just got mad and felt ashamed, and when I calmed I went to this girl I had found attractive and I knew she liked me since last year and nothing happened that year, we were talking, we agreed to go make up and went to a tent that was alone, we talked about things and we had a good time, if I tried to touch a boob or something she said no and I stopped, that's it, it felt awkward and didn't persist, i did try to make her stay  there because it was a nice moment but she left so we weren't discovered as it had been secret I guess, and like 2 hours after  I made up with this girl, friend of the girlfriend of a friend. I think I drank tequila shots before  to make myself bolder (extremely dangerous) and we started making up and 
I was way too persistent to go somewhere else to go a step beyond, I tried too much to touch her tho she had told me no more then one time, I put her hand in my groin too, second time I did that, I wasn't controlling myself even when there was people there trying to sleep or making up on their side too, I don't know if being alone before made me think that I was going to scare the other girl or I was just sober or I don't know but the second  time I was too persistent, she had to take my hands off her some times and after I just kinda realized, calmed myself or Idk, we kept making up and talking things until the morning, even when we woke up so  I didn't take it as a bad situation because we had kept kissing, but in general I acted terrible and at this point I just had stopped apologizing for the shit I did, and now that I woke up from all this shit I may know why I didn't worry anymore and I will tell about it, if someone really accepts to  read this because I know it will disgust most people and it doesn't get me mad or sum, it's obvious. We had each other in social media for all this time and it didn't seem that it was that bad bc this friend always told me I liked her, so I guessed it wasn't that bad, This year, 2 years after there were lots of people getting canceled on the me too movement, and I said to myself ""I will apologize to her after all this calms"" and that's where I hit a switch and say hell no, if I have to be exposed I'll accept it bc I'm not a coward, so I sent her a long text asking how she felt on the situation,that I deadass persisted too much and that I a was to desperate and I told her that I was having suicidal thoughts, that I live with an abusive brother and that I had been bullied at school, and as I was put thru so much violence I was scared that if I would've had a GF I would've been a jackass, and I was scared that I could explode in violence (none of this is a lie, I was just realizing my life had been an absolute shitload of trauma) . And well she told me that yeah I was too persistent and she had to take my hands off her, and she was in surprise of that message because she kinda didn't remember the situation, she told me that when she felt abused by men it was in other situations and she thought of the thing with me as a drunk party type thing, that she respected that I was admitting things and that I had to get help, and I thanked her really for listening to me, and she gave me help and advice , I couldn't be more thankful to her. 

When I apologized to her I told her I had harassed her, and in reality it was abuse,or assault, not harassment at all, I went to read laws about it and the world just fell down to me, I honestly didn't know that was abuse and if I had known I would've reported myself, but I didn't know shit about consent or anything, tho I knew when to stop as a I had done that same day, it's crazy to me, when I started to connecting this,that I acted extremely different at moments, I started to realize I was sick, and being miseducated didn't help at all. 

1 month after that thing in 2018  i was in other party, everything good and fine until I started dancing with one girl and we were really close to each other, and after minutes of dancing with her I tried to kiss her, she said no, then I started to get her far from people, again thinking that creep ass shit could work, I guess if I just told her like what if we go other place? Would've been better if I said that , and I got her to other place and tried to kiss her repeatedly,thinking I was flirting,thinking it was playful, I don't know why, I think I wasn't that drunk at this time but I couldn't realize that I was acting extremely weird. After being persistent she got tired of me and left, day after I didn't apologize,is like at this time I have given in to sickness, as I will explain below. And basically a few days later a friend of mine called me saying that she wanted to accuse me of harassment , but she wanted to talk with me, no by phone or something, in person and I was like OK sure,my friend set a meeting and we met like a Friday at 5 pm to talk about this, they let us talk and she told me that lots of people were saying that she made up with everyone n shit and she thought it was me that was saying that , I told her I wasn't telling anything, that that ish shouldn't have happened at all in a was just acting dumb and drunk, I don't know if I was really cause it happened a long time ago so I can't remember but I think I wasn't that drunk, is just  that somehow I was used to do weird ish at this point, don't fkn know why. At this point I was screwed up, 2 months  after this I quit basketball because of feeling I was trash and didn't feek self esteem at all, and I started my first heavy depressive phase, I kept going to parties that year and never got into  anything with anybody, I was too scared to be persistent again and I never wanted to bother anybody. 

But in halloween of this year (2018) I went to a party with my friends, and this girl that I had trouble with, the one that made up with my friend, with me, the one that always played with me, I got into this party and as soon as she arrived, she just told me wth I was doing there, like she just arrived and started trying to make me angry, she and her friend, all day whenever I said something they were like, ""no you don't say anything"", whenever I put a song on the party playlist, they removed it, they were isolating me from my friends and my friends(lame ass friends) weren't doing anything and I just got drunk as hell,had left my dog alone at home, had spent time and money to go to that party and they were isolating me so I got drunk just to be there without thinking. I connected this too because alcohol really hits me and make me get all my problems  out, basically I got drunk as hell and i lost conscious, I remember just to some point, and when I woke up I was laying on the floor with vomit in my clothes, and a friend telling me that I shouldn't treat people like that, I guess I told this girl that she was a b1tch or sum, honestly I think she deserved it but anyway I acted terrible, and honestly I don't remember this, I just remember waking up and seeing my ""friends"" laughing at me with these girls, and the friend that was trying to make me stop and threatening to kick me out, was a friend that I had always taken care of,if it wasn't for me he could've died from alcohol poisoning, so I felt betrayed and just went full defensive mode, I didn't talk to them or this girl or days and just returned to talk with them, but honestly I was going full shell mode. 

Next year(2019) I was fucked up, didn't talk to more than 2 people at school and I was just a jerk, I was just a depressed fuck, at some point I said to myself : why the hell am I so lonely? And I couldn't do anything, I just started pressuring my best friend to spend time with me without knowing, I was just sick in the head. Went partying a few times and moderated my drinking but I hadn't solved anything, at half of the year I went to the club and started dancing with a girl and did that hand thing again, Im so sure I watched this ish from porn, and that time it ""worked"" because he started grabbing me and we were touching each other above the clothes and all, but my way to approach people was still wrong as shit. This same year i went to other party and when we were leaving I was leaving with these girls that kinda  flirted with me(and made me uncomfortable) lots of times and I just drank pure alcohol to be bolder(dangerous decision, again)thinking that I didn't like her but I needed to make up with someone, I was isolating myself at abnormal levels and I went with her to the subway, I didn't know where I was going and I was getting more drunk, we got alone and we started kissing and we were making up in the subway train with people watching, and there I put her hand in my groin under the clothes (if reading these things makes someone  mad, just tell me I'm a piece of ish or don't help me at all, I know this type of ish isn ok at all), but again it ""worked"" because we starting making up and touching each other, we were horny as hell in the subway in a Friday night, I guess people were just looking at us like what the hell is happening, and then I told her we should have sex and she replied when and we kept talking like that and I got persistent to go somewhere else, I was desperate to have any interaction with someone, for real I wanted to stop living from a year ago, and I couldn't realize a I was in extremely need of help, then we just separated and I realized that I was going to anywhere just to make up with her, i was buzzed, barely could walk and I just left, I felt nauseous and I didn't realize I had to come back home , I just had drank from the bottle to be bolder, I won't ever drink fucking alcohol again and below I'll explain my problems with drinking too. I haven't apologized to this girl, mainly because it was consensual I feel, but if Im able to I will tell her sorry for doing that ish, not to not get exposed on IG or some, just because I acted like a creep and I had to say sorry for my behaviour, and I'll ask her how she feels or something. Just because I'm trying to do better in life. 

When I entered college and throughtout my life I took care of lots of girls for them not to be abused or harassed, I've been congratulated lots of times and I've been told thanks for taking care, for dancing with them to get the creepsters out, even at my first big party I took a friend out of a car when a guy was taking her there,she was absolutely drunk and buzzed, honestly people even clapped their hands looking at me for being such a good guy, but when it came to me,I couldn't controll myself at times and I had an absolutely fucked view of sexual intercourse until I realized it. To this day, I don't know how I got to be like that, I don't know what lead to me to it, I felt tho I had bad view on sex still I didn't persist when it felt  awkward, and most of my classmates knew me as the dumb guy that didn't take the chances to do something with a girl. And my mental issues and alcohol issues contributed, I don't feel shame when saying I fell to sickness. That's how gross those parties were, wont say too much but I got harassed, got my ass grabbed and I was molested more then 15 times in school, even got my butt grabbed in a normal day of class by a group of girls, and everytime even my girlfriends laughed at this, saying I was lying or that I wasn't that cute to get harassed. That's how people were there and now that conceptions had changed everyone denies acting like that.

Now I'll explain my problems, will try not to write that much not to be boring 

My porn problems were huge,i started watching at eleven years old, I got addicted to it from 12-13 and I watched mostly everyday until 22 years old,there was days where I didn't, because days were too busy or I didn't want to but it was an everyday thing, I had a gf at 12,we saw each other 2 times than she just dumped me and made fun of me for a whole year, i never got any interaction with women after that until I got to college where I was about to be 18 years old. All this time I watched porn, 2, 3 times or even 5 or more times a day, sometimes 1, some times 2, I remember being every day saying some times, what the hell am I watching, I watched most type of porn without knowing what I was learning from that, I watched bus harassement type videos, Asian videos which are the worst ish I think, in general industry porn which is just unreal, penetrating people outta nowhere, girls randomly wanting to do things to you, and in general in porn man persist until things happen. I've been battling with perverted thoughts since I am a kid, whenever I was in a bus I had intrusive thoughts (we all do) and it seemed like they happened to me often, I never did anything to anybody at a train or something  because of me being anxious, I had a compulsive mind without knowing that it made me erase some of the ish I thought, whenever a girl put her body on me at a train or sum (happened a lot) I just stepped  back really nervous trying not to make anyone uncomfortable,I had these dumb fantasies or urges like with cousins, teachers, old women and I honestly at some point thought like I was irresistible to women, and I didn't manifest anything because somehow I preserved my consciousness, like wtf I was just a 12 yo kid,and always ended up falling  into porn, stopped some times but I never got out of it, I was addicted to it since a kid. 

My childhood was tragic, we were poor and my mother died when I was 6 years old due to aneurysm, I have 3 or 4 flashbacks of her but nothing more. I was bullied in most schools in middle school, when I was 8 I was bullied a whole year, got my school stuff broken a lot and I didn't even know why I got bad grades, got my foot broken by a classmate that wanted to make me fall, and I had to walk limping for a month until I cried that I couldn't walk anymore, same time i sat next to a classmate that grabbed and touch my balls/groin daily, idk if it was for a week or a month but it was for some time,and it stopped when I told my dad crying that I had done the same  to him, he went to the school to make this stop but school didn't do ish.I had lots of moments stuck in my head, like when I got intimidaded of groups of kids, when everyone laughed at me daily, when a kid threw a pen and the top of it made a hole in my face,and there's more of  all this, I remember it and I don't know why I do. 
Same time as this I was starting to suffer violence from my older brother, which is 9 years older, he  was already dumb and kinda crazy, he suffered epileptic attacks when he was a kid and from there he became violent, and he just lost it when our mom died, it was when he was about to be 15 yo. He cooked for me and my twin sister, he taught me things, he took care of us, he gave me good moments but he just ruined  my mind and was a bigger bully than everybody else. I remember hundreds of violence episodes with him, one time we were making a bed and I didn't put a cover the right way and he started yelling at me and then told me to cry, like putting the blame on me, one time we were playing in a Playstation and I made a mistake, and he shoved me and told me ""retire from everything related to soccer"" or some ish like that, he used  to hit me over little mistakes, being always aggressive as hell and projecting everything to me, there are probably dozens or houndreds of times he has hit me, and not at full force which I think was worse because it was mostly why I got used to it and why I never did anything, when I used to tell my dad, he would wait for him to leave and tell me that I was a coward for not fighting back, and I had to obviate all this, that's the form of  surviving  that I found, and I think that it fucked my life. 

To put it on perspective when I was 17-18 and he was 26, he came to my room to bug me, i kinda hit him in the forehead to take him off me, and he said ""oh OK mf"" or something like that, raised his  hand and if he doesn't think it twice he just knocks me out, if I don't cover myself he probably just knocks me out, and still hit me in my head twice, just not that hard. My sister came to see what happened and my brother  started saying: ""he's hitting me from the back"" , ""he's b1tch slapping"" , and I was like ""wtf, nobody did nothing to you"" and he told me ""ahh how do you say no motherfucker"" and kicked me in the stomach using all his strength while I was laying in my bed, if I don't cover myself, he just breaks something in my body, and that's how his mind has always worked, when he gets a Lil angry he starts saying uncommon ish, ish that didn't happen and ish that doesn't event fit the situation, and he has been like this always, just this year he started following me and ordering me ish and things when he got drunk. And in March he threatened me, said that I was sick and offered me a fight just because I told him that I don't like him. Last year in 2019 he hit  me with 2  full strength punches in my back, just because he got mad over me returning a slap in the back that he gave me, and he just told me that I should go to cry as always, that I'm sick, then he got nervous and started walking over the house and finally put his head on his gf shoulder and went to cry to his room, that's how he is and he's been always like that. 

Our grandmother was crazy too, he's a religious fiend that had preached for years and goes to his house and drowns newborn cats just not to raise them, she used to argue a lot with my brother and even once he told her ""you killed your mother, it's your fault"" in front of me and my sister when we were having lunch, we were like 8 years old. He tried to put religious ish in my mind and traumatized me sometimes even saying the cartoons that I watched were devilish and shit. We wouldn't let her tho because we knew she was sick, and honestly for the life she's suffered its normal, old people could get what I'm saying. 

I discovered a lot of sexual shit as a kid too, nude type games in cousins cellphones, porn cds in my brothers room, and I think even I discovered nude photos of my dad and his girlfriend when I was like 9, I just looked at them  and closed the flip phone, but I think it was too much exposure mixed with all the fucked  shit I went thru.I remember being like 9 and having sudden sexual thoughts sometimes, even when i felt no desire at all so I guess I just had  been mindfucked by life in general. 

I've always randomly doodled, always used to draw dark shit as a kid, eat like crazy since a young age. My father this year told me that at 8 years old I said i wanted to die to go with my mom. And this year I realized that I talk alone at all places, when I'm at the streets I start mumbling alone, and sometime my voice scapes and that's when I realize I'm talking alone, sometimes I've said hi and raise my hand to the air like imaging a friend of mine is there, at times i insult the air without realizing, whenever I remember all the things my brother did to me, I don't realize but I end up punching the air like if my mind was in other place, when I was younger I denied it when I got discovered, saying I was singing sending a voice message  or something . And that's how I felt when doing these things  to these girls and that's how I felt when I was dominated by impulse, I don't realize what I'm doing, I only thought of myself and I couldn't  get that wrong ideas out of my mind, and I'm learning to control it in a way. And Ive felt like a fight of voices in my head, but I guess that's kinda normal, anyway I'll go to therapy obviously. 

I started realizing all this when I was in my worst state ever in quarantine, all this got thru my head, all my wrong acts, well crimes, not like they are just mistakes(?, all that I had suffered started to connect in my mind and it had my head rolling over, I was walking in my house alone till 6 am, mumbling alone, trying to connect shit, trying to remember everything and not make excuses for nothing, just go to the root to know why the hell I am like this. 

Since that Halloween problem in 2018 I wanted to stop living, didn't even knew that I had done shit that was so wrong, and still wanted to suicide, I didn't trust anybody anymore, I felt betrayed and that I was always the rejected person, and honestly I was but as I said I just went full shell mode. I was acting and thinking suicidal for 2 years and even then I didn't think  I needed help. And that's what makes me sad at the end of all, I think my own mechanism to survive made me a sick mf, I think being brave to survive this childhood  fucked my life,if I had just shown signs fo sickness or if I would've been educated about sex I would have never done anything, my dad is a social worker and when I told him everything he said he was sorry, bc he knew I didn't have a mom, he knew I was being touched and bullied and he still didn't take me to a therapist thinking I was doing fine. Plus we were poor as hell, if someone had gone to therapy we wouldn't been able to eat or shit like that, I guess my dad thought he could control everything and I don't blame him, I can imagine the amount of pressure he had. 

 if I could apologize again or if I could apologize for something I haven't, I would, and if I had the chance to do so I will, I know im doing fine, I've been told that there's little to no people that can reflect from his trauma the way I do, I know that I won't ever do dumb shit again, I will go to therapy and I know it will work out but still I feel like my life is over in some aspects, I feel like I won't ever have a gf, because whenever I have one I won't be able to keep my secrets  to myself, and I will tell her everything and  I think most girls will run away from me, where I live recently there was a psychopath that apologized to her ex just to murder  her, and just yesterday a disappeared girl was found dead killed by a tinder date.
 
And even tho is sad, I know  I can't complain, I'm still alive, and I should be in jail really, or I shouldve been exposed on social  media a long time ago. If I had to go to jail ill still would go, and i know seeking punishment doesn't make me better but I would still do it. 

I honestly feel like I'm a good person, I don't know how I preserve my consciousness and I don't know how I've overcame all this, I know bad things were done by me but I don't know I got to turn my life around having those mental issues that only made me defend myself. I think if I would've been helped a little I wouldn't be like this at all, if I had my mom I wouldn't have developed most of this things and I would've been taught to be more sentisitve, because that's the way she was. 

I've been told by people on reddit that I'm full of shit,been told by girls that I rap*d people, that I'm a piece of shit and I should turn myself in (I don't think i could deny that), even a guy told me that I'm making shit up to sound better, but I'm not, I don't think this was avoidable, I was fighting with mental disparity and r4pey shit since a kid and I think I didn't deserve to do so. I think I might have has narcissistic,schizophrenic disorders or sickness without knowing, and I think that my whole life lead me to this, I didn't knew really more than abuse when it came to my home or social life, i had told this to some people and they told me that my friends from college and the environment there was too creepy and they never saw shit like that. 

Concluding, I'm doing better, I puke everyday and cry everyday because I don't think my life has a meaning anymore, but deep down I know I can help my brother so he doesnt traumatized his kid or wife, I know I can help kids to know things better, and in this moment I think I should swallow my pride and realize an even more lonely life expects me. I think I should go out just to play ball, buy groceries, go to therapy and that's it. I want to quit my degree and study psychology or be a teacher, I think I had a lot of knowledge to teach people but I don't think i will be able to do so. I won't kill myself and that's a promise, I know this post sounds like a straight up suicide letter but I won't, my dad did too much for me to ending killing myself. I will go to therapy too and try to get solutions, but I think that a lonely life is what I deserve. I would love to have a gf, would love to feel love from a girl as I never felt besides my sister , I would love to show a girl that I will only do good things for her. But I think it's too late, I think it's too late for me to turn my life around and I should just move silently to help from the shadows. I would love to read your opinions but if not it's all good. 

I analize myself and think what in the world lead me to  act like that and I don't know honestly, I can't see myself sober doing that type of shit, and there's other times that I feel that I am sick and might  do that shit again.. For example when I got drunk some weeks ago I didn't give a shit anymore, I was alone testing myself if my thoughts changed,I thought behaving like that wasn't a big deal , and on the other side other times feel  like my life is over, thanks In advance for your help.

I don't know how I got to be like this, I don't know how my values and principles  changed that much, most of the times I think, nah my life wasn't that tragic and when i tell my friends about my childhood experiences and their faces falls of because they get surprised and don't even understand things like this, I just wish I stopped going to this disturbed parties, I wish I had better friends, I wish I could've  opened with people when I was younger to gain experience in a sane way, I wish my life could've been a little better, I think I already failed as a man and as a son,brother or friend and it is true. I feel sick and I feel like I am that calm kid again  now but I guess is too late for me again. I guess I have to stop b1tch1ng and hold my things together, but my mood swings and it really goes low and up. I think I had gone thru all my shit nicely until I was 18.",suicide
257644,"Transgender MtF SuicideI’m an MtF transgendered person in the middle of finally making my transition, but due to an inescapable feeling of helplessness and a lack of support from loved ones, I’m feeling ready to end my life.

It is something I have thought about nonstop for years, and I know that no matter what hormones I take or what surgeries I have, I will never feel fully at home in my body. So why continue to put up with all the pain, hurt, judgement, and emptiness?

I know there are people who love me, and I don’t want to hurt them. They know I’m suicidal, but don’t know how serious I am about seeing it through. If it weren’t for the fear of making their lives harder, I would have killed myself long ago. How can I assure them that this is truly the best option for me? 

I know this is rambling and I don’t know why I’m posting here, but maybe there’s an answer out there somewhere for me.",suicide
257645,"I wish I could end my life without hurting those who care about me.I have OCD and intrusive thoughts that hound me constantly. I worry about actually stepping over the line and doing the things I think about, although I never have. Execpt that I cut myself for the forst time today about an hour ago and I want to cut again. Although It would hurt my husband If I killed myself I think it would be better if I took myself out. I have ceartainly made him miserable with my depression, outbursts and i can't go on. I'm a piece of shit. ",suicide
257646,"It's been a couple years since I was raped so why am I messed up NOW?Updated at the bottom...


Why years later am I messed up? I have started having flash backs that are more vivid than what I originally remember. As in I'm there and can remember exactly how I felt with my vision being all fucked. Double vision and passing out waking up telling him to stop, crying passing out, wash, rinse, repeat god knows how many times, I remember waking up multiple times but I also remember waking up later alone and I couldn't even stand up.

How I felt sick and a friend offered me his couch but 'asshole' picked me up and told me he would take me home. How I wanted to stay with my group of friends but couldn't get my mouth to work right.

Most of all I remember how he told everyone that I had jumped him and been all Over him.

How I lost my closest friend because he believed him. 

I've never been so hurt. Damaged goods.

I'm to the point were I've realized that no one really cares about how I'm doing. 

I don't know what my boyfriend would do if I told him that I think about different ways to off myself anytime I'm alone. Multiple prescriptions in toxic dosages but bonus points cause they interact with each other and wondering if the heavy duty anti nausea drugs would be effective at preventing my body from trying to reject whatever I introduce into it. 

And then I'm ashamed at thinking such things because I have a child.


And then I'm frustrated and feel trapped because as a parent I don't have the option of suicide. I simply do not have that luxury anymore because it's not about me.

And so for  now while I'm rational enough I'm stuck here. And I already feel dead. Or I wish I did... It alternates between feeling numb and finding myself slipping into space or soul crushing pain in my chest where I can't breath it hurts and I find myself gasping for air at a stop light.




Updated:

 thanks for the replies. I spent quite a bit of time by myself as I had locked myself in the bathroom for 6 hours last night.

 I'm not sure what exactly happened but my boyfriend tried to talk to me and kept saying he was worried and kept saying my name and I couldn't respond to him. It felt more like I was watching myself than anything else and I didn't want to come back for lack of better words. 

He's a great guy. After he was sure I hadn't poisoned myself he sat with me and just talked to me and brought me back I guess.. Took 3 hours before I was able to say anything to him but I did eventually talk to him about what's going on and I'm going to a counselor in 2 weeks.. Well the appointment is in 2 weeks in going to call and see if I can move it up.

I still feel utterly destroyed but at least I have someone who loves me helping me stay grounded",suicide
257647,I fucked up my life entirelyI did cocaine in July which sparked an anxiety problem.. I haven't felt the same since.. Ive been constantly anxious with all sorts of fucked up symptoms..  I can't find a job.. My gf wants to break up with me.. My brain feels numb.. I need help. ..,suicide
257654,Made a meme I'm proud of in woodwork class today. Check it out: http://imgur.com/gallery/r4jRjfr,non-suicide
257655,"Not cleaning=death My family and I are moving house, so after all our stuff was moved out we hired a cleaning lady who ended up bailing. We started cleaning (vacuuming, moping, etc) when my siblings started calling me slurs (they weren’t helping cleaning btw). I told them to stop, but they didn’t. I eventually made my way to the car to take a break. My siblings said something to my mom and she came out and started yelling at me about how lazy I am. She was going off about how if I didn’t help we were all going to die and be homeless (in that order). I  started crying whilst scrubbing the floors. My siblings then started calling me even more slurs. I can’t wait until I can move out.",non-suicide
257662,Everyone always asks how big I am Not how I am 😔😔😔,non-suicide
257684,"You ever feel like you’re being watched ? That’s because I’m always watching 

&gt;!Always watching!&lt;",non-suicide
257685,"AYO IF YOU'RE BORED CLICK ON THIS I'm also bored, what's up
Filler
Filler
Filler
Filler
Filler",non-suicide
257688,"Hoes be like “tits or ass?” Arms bitch, I need a hug",non-suicide
257689,"You're eating chicken that your friend recommended for your birthday, and it's so good... *You're so busy eating chicken that you can't do anything else. Everything falls away: school, stress, social life, memes... all that is left, is chicken.*

*The more you consume it, the more it consumes you. What are words? All you know is chicken. There is no past, no present, no future, no here, no there. Just chicken.*

*Before you know it, you're bowing on the floor to the chicken gods, every time you cluck a live chicken magically appears and falls straight down your throat.*

*And you love it.*

*You grab a chicken as it's falling, you must bring others to the cure that is this delicacy. You tear the skin off your chicken and make ropes, and feed the people who you tie down with all the chicken they can handle.*

*And then some.*

*You've amassed an army of chicken eating fanatics, and you simply can't stop... and you don't want to. Now the chicken is in everything, every surface is covered in the blood and feathers of hundreds of poor fowls. You roll in the piles of chicken that has filled up all the pools and valleys in your city.*

*You see a nuke flying in, about to obliterate your small heaven. It turns into a massive chicken as it hits the ground, and this ten ton chicken explodes, showering everything and everyone in delicious insides.*

*It's consuming the planet, every resource has been forgotten. All shelters are made of chicken bones and skin, every hunger quenched by the raw flesh of the birds, every thirst quenched by the rich blood of millions.*

You wake up with a needle in your chest, you'd been stuffed with a lethal amount of psychedelics and were about to die.

The doctors saved you with seconds to spare.

You shiver at the horror of a nightmare you've just had.

Years later, after a massive amount of therapy and medication, you are becoming normal again, you've had your first night without seizures or horrible nightmares... in perfect time for your birthday!

Your smile turns into horror as you see your mothers gift... as she got you... a bucket of chicken",non-suicide
257691,"I want to get a second job since my hours have been cut to near zero But like staying home and doing nothing is the vibe

What do",non-suicide
257698,"Male snoo RIP Me sleep

Phone ring

Tring tring

Snoo is kill

No

Not

Never

Cri

Tears fall

Tip tip

RIP snoo",non-suicide
257700,I am no longer free on the 14th 🙀🙀 But still lonely tho 🥴🥴🥴,non-suicide
257722,My boyfriend doesn't like meSo if your boyfriend ask me to look up porn pictures of other women what does that mean am I not good enough,suicide
257723,"No way out! I don't know what to do.Like the title says... I feel like I've hit a wall, I can't do anything, and if something miniscule goes wrong, that matters to me I start to spiral, and now I feel I have crashed.

I study Medicine at University and it's stressful, but it's a lot of pressure from family and so... =( Recently I missed a test because my clock was running wrong, and then I just broke, I've been apathetic for 2 weeks and I don't know what to do, I don't... Know.

Today I've been crying all day, I'm a guy, so it's pretty pathetic too.
I feel that I should go talk to someone, like a psychiatrist, but it's... Maybe I'm too proud or some shit, but I probably need the help...",suicide
257724,"I’m just tired of having these thoughts come upI’m just sick of having these ideas of ways to go and my reasons to stay just keep dwindling down. I’m sitting in my car on my lunch hour at work in tears because my life is caving in and I have to get my shit together in the next 10 minutes in order to go back in to this mind numbing minimum wage job that is making no dent in my debt, I don’t know if I can even afford to drive to work next week and all I can think about is how great it would be to go to sleep and not wake up.",suicide
257726,I can't keep doing this I want to end itI'm a total failure. I think I'm going to kill myself tomorrow. I don't know what to do,suicide
257727,"It really doesn't matterMy suicide note... I'll post it on Facebook tomorrow.

It doesn't matter. Nothing matters. So why should I matter to you? You might say I do, but actions always speak louder than words. You showed me how the world really works, how no one actually cares about anything other than themselves. Even me. Nothing matters.

It's all about doing whatever it takes to climb that socio-economic ladder. It's all about integrating yourself into an uncaring western society and doing the best you can compared to everyone else, regardless of the consequences it has on others. This world is too horrible to live in, I refuse to accept it. There's nothing here worth staying around for, and I'm worthless anyway.

It's not like I was ever gonna be someone. What was the best I could do, be a teacher? Get screwed over as education receives even more budget cuts and people not giving a shit if you're actually passionate about what you do. Fuck, they fired Mrs. Essingman! Literally the best English teacher I've ever had, and no one gave a fuck! Even the one thing I thought I could do is fucked.

And to top it all off, I have to wear long sleeve shirts all the god damn time because people get uncomfortable around cutters. Even if I were to make it, I'd have to hide my arms for the rest of my life. Scars don't just go away, those fucking last forever. Not to mention how utterly unattractive it is to have fucking scars on your arm. ""Oh, you cut yourself... You must be mentally ill. Please keep your crazy the hell away from me."" Either you're pathetic for having done it or disgusting simply because no one wants to be friends with a fuck up.

Man, I've dedicated a lot of this to feeling sorry for myself, but it's not like I'm doing this to garner sympathy. I need to explain why I'm committing suicide to all you god damn down syndrome fucking children who don't get why I have to die. There's no future for me anymore. I have burned all of my bridges and dug myself into a hole, and now there's no way out. I put myself in this situation, and me dying is just the consequence. And dear fucking god, dying is such a natural fucking thing to do to begin with, but the second you start talking about killing yourself, people freak out.

Look, life isn't this precious thing to be treasured, and to say that is to be a hypocrite. If you really believed that, you would be in anguish day after day over the tragedies that happen around the globe every second. Life isn't this beautiful journey to enjoyed, it's a worthless thing that we ignore the plight of as we blissfully try to enjoy our movies or games or books or whatever your preferred method of basic entertainment/distraction is. ""Children starving to death in Africa? Nothing we can do about it. Why worry?! But don't kill yourself. Life is priceless to me!"" It's so disgusting to me, and even worse when you've been in a psych ward.

Suffering severe depression and wanting to kill yourself? How about we put you in a room, feed you like a prisoner, tell you that you shouldn't kill yourself and then charge you over $10,000 dollars for a week's stay while claiming we've helped you?! Because to the mental health industry, you're not a human being! You're a potential for crippling medical debt that will make your life even more miserable, but hey, at least someone gets to take your money while life is garbage! America sure does love the mentally ill. Can't see any reason why suicide rates would be skyrocketing across the country for all ages/genders/ethnicities. Taking people who's lives are already in shambles and forcing debt upon them after imprisoning them against their will? Nah, who'd be more likely to kill themselves after that? It just makes no fucking sense. Fuck you for thinking there's a problem with society and human avarice. Fuck you for being bothered that life in America is all about integrating yourself into a bigger system where your work is constantly taken advantage of as people attempt to pay you as little as possible while they make millions. Fuck you, you're a worthless kid who has no idea how the world works, or how necessary all of these broken systems are.

And you know what, I don't know shit. I don't know shit about anything. I'm just some worthless, talentless, ugly, disgusting, smelly (especially when I forget to shower for a few days), rotting piece of shit who sees a million problems, but has no solutions. Well, that's not true, because I have MY solution: give up. This isn't a life worth living for. Maybe things are going okay for you, but I fucked up in the past, I'm fucked up now, and that's just it. It sucks, but this is just me. There's no better version of me hiding somewhere in my psyche, there's no chance to change my perception or how I think, and I'll never be able to escape my failures. I have no more ambitions, nothing else I want to do, no plan for the future nor goals to work towards. Every road is just a dead end to me. Whatever I do from here, it'll end with me dying completely unhappy and lacking content with my life/choices. (Wow, I hate my own writing. Funny to just now notice that.)

But seeing as that's the situation, the best case scenario would be to save myself the heartbreak and die early, avoiding years of therapy, fighting with my family and getting sent to smaller, more comfortable prisons because apparently I'm the selfish asshole for ""being willing to inflict that kind of pain on your family."" Fuck you, I didn't ask to be born, and given the choice, I would have gone for abortion. My parents only wanted 3 kids, and called me their ""gift from god!"" for being their 4th. They then proceeded to ignore me for the rest of my childhood while I sat alone in rooms and played video games by myself. Fuck, I just found a shelf with all my old games on it, which at first was super nostalgic and awesome! But the more I looked at it, the more I realized that I played every single one of those games alone. Every. Single. One. I never had friends over to play games with me. I never got my older siblings or parents to sit down and play. Not a cousin, not a neighbor, not anyone. My entire childhood was sitting in various rooms by myself and using gaming consoles to generate an escape from my own fucking loneliness. So of course I'm a fuck up. What did you expect? I wasn't raised, I was left in rooms with an electronic babysitter for fucking children. I was a worthless nothing in my childhood, and the only time my parents would pay attention to me was when I did poorly in school. Those were the first and last times I heard my own family tell me I was worthless, which it does indeed turn out I am, but I couldn't believe it at the time.

But after all that, to say I'm the selfish one? No one gave a fuck about me until I lost my shit, so don't fucking pretend like you give a shit now! You just wanna talk to the freak for a few minutes so you can feel like you did your good deed for the day, but you didn't even actually do anything. And you know you didn't, but you'll still relish the feeling you got from it. Jesus, it's all so fake and superficial! The only reason you're doing this is to make YOU feel better, not me. If you really wanted to make me feel better, all you had to do was hang out and maybe have a few drinks with me, maybe smoke some if we got 'em. Pot, cigarettes, don't care. That would have made me feel like you gave a shit, but you chose minimalism. You wanted to put in as little effort as possible so you could feel good about trying to do some minuscule good deed for a stranger. Only selfish one here I see is you.

I want to die because I know it will have a long-term positive effect for the people I actually give a shit about. I'm a big old leech; I latch onto people and depend on them to get me through the day. I'm incredibly dependent and a burden on the people around me. Even my best friends buy me food or other cool shit from time to time. I am genuinely incapable of taking care of myself, fiscally irresponsible, and unable to change. There's no future anymore. All I can do is waste time until I die, but that would just be even more miserable. It would genuinely be better to cut to dying so we don't have to prolongate suffering. Because that's what being alive is. Reminds me of Princess Bride. ""Life IS pain, and anyone who says otherwise is trying to sell you something!""

There's no future anymore. It's just gone. So why would you have me waste time and do nothing with myself when I could be dead and done with it. I'm not gonna change, and the world isn't gonna change, and we clearly don't value human life as much as we want to believe we do, so why does it matter?

Oh wait, that's right, it doesn't.

♫ So long, cruel world! ♫",suicide
257729,"I have been suicidal/depressed on and offIt is 4:31 AM. I am a 21 year old total fuck up. I am dog shit depressed and I have never felt so suicidal as I do right now. I won't kill myself today, tomorrow or this week. I would like to do it right now but I don't even have money to buy a rope which is my preferred method and how my dad hung himself. I have had the best opportunities and family helping my out for the past two years and I managed to yet again ruin everything that was going for me. I now spend 12 hours a day on the computer completely isolated from the world. I have been in my room for over 4 months trying to convince myself that I can find life again. I had some success in the beginning but it all went downhill when I looked back at my past year and all the regrets I have accumulated. I understand how this will effect my family and my mother. I just want to find peace once and for all. I have nothing to lose and everything to gain by offing myself. I wish there was assisted suicide where I live. I would chug that magic potion if it were in my possession right now. ",suicide
257731,"29M, wanting to end it allSo I'm 29, turning 30 next year, and I've done absolutely nothing with my life. I'm autistic, and never had a decent job thanks to a layoff in 2015. I've tried college multiple times with this current iteration making me consider offing myself. I know that if I fail yet again, then there's nothing left -- I'll be doomed to a life of a crappy job, living paycheck to paycheck in some rundown apartment next to drug dealers and loudmouths with a roommate I despise. If there's any glimmer of hope at all, or any bright side, sure is an ugly dark picture right now, despite what everyone says about life.",suicide
257732,"This year keeps getting worstThis has been the worst year of my life. I just lost my job. I was let go because our company hasn't had much work lately due to losing accounts and customers. I've been looking for a different job since April (it's now November) because I was getting tired of working their feeling under appreciated and having to see my ex there (I avoided her as much as I could). A few months ago an ex of mine aborted my child so they could be with their ex again and I paid for it because she told me we could do it the right way and in the future when we were ready. I begged for some time apart but she constantly made me feel bad and selfish for needing some space (this was when she told me she wanted to be with him but he wasn't sure). I eventually tried to recontact her and once he took her back she turned into the worst person I've ever met. She started to belittle me and call me all sorts of names. The one time I needed someone the most she laughed at me when I asked her to talk because I had no one else to talk to while my close relative had a heart attack, a friend of mine died and a mountain of other family stuff was going on. I tried to kill myself that night but was unsuccessful and I didn't talk to her for over a month. When I did she played victim and said that I was a terrible person for being upset after she laughed at me and called me a child. I wish I was successful that night but I just fuck up everything and I don't know how much longer I can put up with all of this",suicide
257733,"Waste of lifeI'm going to jump into traffic but if anyone wants to stop me, I'll hear it",suicide
257734,"I'm trying really hard and I have been persistent but I am so ready to give upI'm trying not to be lazy and lay in bed and sleep all day every day this summer. I am making myself work and get some college hours and draw. It feels like routine. It isn't getting any easier to force myself out of bed. It is actually getting harder. I hate being so lazy I am a hard worker so I can't figure out why I am doing this?
It's not like I enjoy sleep a whole bunch. I just don't like being awake. I'm wondering if I should just take a lot of pills next time so I don't have to wake up and I won't have to feel like this",suicide
257748,Mentally self harming is not enoughI wish I have the guts to cut :( I really hate living with my siblings and being ugly. I always get blamed and accused. I want to die easily and left this mean and dark world. I can't feel any love or anything. Even loneliness is my second nature. I feel not complete or myself without anxiety and depression.,suicide
257749,"I honestly do not know where to turnI'm supposed to graduate college in five days. supposed to. I'm waiting for a final few ""make or break"" grades for one class. if I don't graduate college, I know how disappointed my family would be in me. all of them. and honestly, i'm not sure that i WILL graduate. i've come to the conclusion that if i don't graduate, the easiest thing to do would be to commit suicide. i can't face my family, who have all graduated in four years or less from ivy's, about this. my mental health has taken an enormous toll on my academics, but i've done everything i need to in order to graduate. it comes down to one professor's grades on two assignments. i'm lost and don't know where to go. i feel like if i don't graduate, my family will never think of me the same again. i can't face that kind of disappointment. i'm so fucking scared, but i feel i have no other option and i don't know where else to go",suicide
257750,"Extremely depressed/lonely, struggling with suicidal thoughts.I keep struggling with suicidal thoughts and don't know how best to deal with them. I've spent more and more time each passing day thinking about it and am really quite afraid that I might get into such a slump that I will make an irrevocable split second decision.

I'm terrified of the thought that I will manage to justify suicide as an acceptable solution to my circumstance if only briefly. ",suicide
257751,"I feel like a waste of space nobody will even notice I’m goneI’m an outcast. Whenever I try to come out of my shell people go out of their way to make sure I know I don’t belong. My parents and family see me as nothing but a disappointment. The people around me are always telling me they care but never bother answering my texts or picking up their phone when I call. I’m just a waste of space in a world where nobody wants me around. If I killed myself nobody would even realize it until they were notified, and even then they would be thrilled I’m not around. I’m doing everything I can to hold on but I’m hanging on by a thread.",suicide
